Account ID,Org Name,Network ID,W-EH5 Type of resource consent,W-EH5 Comments,W-EH6 Resource consent reference number,W-EH7 Resource consent expiry date,W-EH7 Comments,W-EH7 Currently operating under this consent?,W-EH8 Consent status,W-EH8 Comments,W-EH5 to W-EH8 Data confidence
ACC-00008585,Ashburton District Council,WWN-00100,Discharge to land,,CRC030474,2039-06-03 00:00:00,,Yes,Active,,5 - Highly Reliable
ACC-00008585,Ashburton District Council,WWN-00100,Discharge to land,,CRC030999.1,2039-06-13 00:00:00,,Yes,Active,,5 - Highly Reliable
ACC-00008585,Ashburton District Council,WWN-00100,Discharge to land,,CRC031000.1,2039-06-03 00:00:00,,Yes,Active,,5 - Highly Reliable
ACC-00008585,Ashburton District Council,WWN-00100,Discharge to land,,CRC031001.1,2039-06-03 00:00:00,,Yes,Active,,5 - Highly Reliable
ACC-00008585,Ashburton District Council,WWN-00100,Discharge to land,,CRC031002,2039-06-03 00:00:00,,Yes,Active,,5 - Highly Reliable
ACC-00008585,Ashburton District Council,WWN-00100,Discharge to air,,CRC031003,2039-06-03 00:00:00,,Yes,Active,,5 - Highly Reliable
ACC-00008585,Ashburton District Council,WWN-00100,Other (Please identify in the comments section),Divert surface water,CRC031005,2039-06-03 00:00:00,,Yes,Active,,5 - Highly Reliable
ACC-00008585,Ashburton District Council,WWN-00100,Discharge to water,,CRC031006,2039-06-03 00:00:00,,Yes,Active,,5 - Highly Reliable
ACC-00008585,Ashburton District Council,WWN-00100,Land-use consent,,CRC031007,2039-06-03 00:00:00,,Yes,Active,,5 - Highly Reliable
ACC-00008585,Ashburton District Council,WWN-00100,Discharge to air,,CRC031148,2039-06-03 00:00:00,,Yes,Active,,5 - Highly Reliable
ACC-00008585,Ashburton District Council,WWN-00100,Discharge to land,,CRC093639,2039-06-03 00:00:00,,Yes,Active,,5 - Highly Reliable
ACC-00008585,Ashburton District Council,WWN-00100,Discharge to land,,CRC100990,2044-09-28 00:00:00,,Yes,Active,,5 - Highly Reliable
ACC-00008585,Ashburton District Council,WWN-00100,Other (Please identify in the comments section),Take Groundwater,CRC200198,2039-06-03 00:00:00,,Yes,Active,,5 - Highly Reliable
ACC-00008585,Ashburton District Council,WWN-00100,Land-use consent,,CRC201574,2033-05-02 00:00:00,,Yes,Active,,5 - Highly Reliable
ACC-00008585,Ashburton District Council,WWN-00101,Discharge to land,,CRC991241,2034-09-08 00:00:00,,Yes,Active,,5 - Highly Reliable
ACC-00008585,Ashburton District Council,WWN-00102,Discharge to air,,CRC244473,2029-07-29 00:00:00,,Yes,Active,,5 - Highly Reliable
ACC-00008585,Ashburton District Council,WWN-00102,Land-use consent,,CRC244933,2029-07-29 00:00:00,,Yes,Active,,5 - Highly Reliable
ACC-00008585,Ashburton District Council,WWN-00102,Other (Please identify in the comments section),Take Groundwater,CRC980563,2032-11-26 00:00:00,,Yes,Active,,5 - Highly Reliable
ACC-00008585,Ashburton District Council,WWN-00102,Discharge to land,,CRC980564.1,2033-03-11 00:00:00,,Yes,Active,,5 - Highly Reliable
ACC-00008585,Ashburton District Council,WWN-00102,Discharge to air,,CRC980565,2033-03-25 00:00:00,,Yes,Active,,5 - Highly Reliable
ACC-00008580,Auckland Council,,Measure Not Applicable,,,,,,,,
ACC-00008498,Buller District Council,WWN-00103,Discharge to water,Discharge to water of Little Wanganui WWTP,RC96001/1,2039-05-31 00:00:00,,Yes,Active,,5 - Highly Reliable
ACC-00008498,Buller District Council,WWN-00103,Discharge to air,Discharge to air of Little Wanganui WWTP,RC96001/2,2039-05-31 00:00:00,,Yes,Active,,5 - Highly Reliable
ACC-00008498,Buller District Council,WWN-00104,Discharge to water,Discharge to water of Reefton WWTP,RC00395#1,2028-08-01 00:00:00,,Yes,Active,,5 - Highly Reliable
ACC-00008498,Buller District Council,WWN-00104,Discharge to air,Discharge to air of Reefton WWTP,RC00395#4,2028-08-01 00:00:00,,Yes,Active,,5 - Highly Reliable
ACC-00008498,Buller District Council,WWN-00105,Discharge to water,Discharge to water of Westport WWTP,RC00408/1,2038-07-23 00:00:00,,Yes,Active,,5 - Highly Reliable
ACC-00008498,Buller District Council,WWN-00105,Wastewater overflows,"Overflow of Rintoul, Roebuck and Pakington Pumpstations",RC00408/2,2023-07-23 00:00:00,,Yes,Operating under s124 RMA,Consent currently being reapplied for since July 2023,5 - Highly Reliable
ACC-00008498,Buller District Council,WWN-00105,Discharge to air,Discharge to air of Westport WWTP,RC00408/3,2038-07-23 00:00:00,,Yes,Active,,5 - Highly Reliable
ACC-00001075,Carterton District Council,WWN-00106,Discharge to land,Variation in 2023 - original consents - 160341 [34718] [34719] [34720] [34721] [34722] [34723] [34724] [34725] [34726] [34727] [34729] [34730] [34731],WAR160341 [38763],2053-01-17 00:00:00,,Yes,Active,,5 - Highly Reliable
ACC-00001075,Carterton District Council,WWN-00106,Discharge to air,Odour Centre Pivot operation,WAR160341 [38764],2053-01-17 00:00:00,,Yes,Active,,5 - Highly Reliable
ACC-00001075,Carterton District Council,WWN-00106,Discharge to air,Tertiary treated wastewater,WAR160341 [38765],2053-01-17 00:00:00,,Yes,Active,,5 - Highly Reliable
ACC-00001075,Carterton District Council,WWN-00106,Discharge to water,Short term transitional consent for existing WWTP during construction,WAR160341 [38766],2023-01-17 00:00:00,,No,Expired,,5 - Highly Reliable
ACC-00001075,Carterton District Council,WWN-00106,Discharge to air,WWTP facilities,WAR160341 [38767],2053-01-17 00:00:00,,Yes,Active,,5 - Highly Reliable
ACC-00001075,Carterton District Council,WWN-00106,Discharge to land,Seepage from secondary and tertiary ponds,WAR160341 [38768],2053-01-17 00:00:00,,Yes,Active,,5 - Highly Reliable
ACC-00001075,Carterton District Council,WWN-00106,Discharge to land,Seepage from wetlands,WAR160341 [38770],2053-01-17 00:00:00,,Yes,Active,,5 - Highly Reliable
ACC-00001075,Carterton District Council,WWN-00106,Discharge to land,(Accidental from pipeline and reservoirs),WAR160341 [38771],2053-01-17 00:00:00,,Yes,Active,,5 - Highly Reliable
ACC-00001075,Carterton District Council,WWN-00106,Land-use consent,Short term transitional consent for construction - ephemeral channel diversion for land discharge,WAR160341 [38772],2023-01-17 00:00:00,,No,Expired,,5 - Highly Reliable
ACC-00001075,Carterton District Council,WWN-00106,Land-use consent,Short term transitional consent for construction - storage reservoirs,WAR160341 [38773],2023-01-17 00:00:00,,No,Expired,,5 - Highly Reliable
ACC-00001075,Carterton District Council,WWN-00106,Land-use consent,Diversion due to earthworks,WAR160341 [38774],2053-01-17 00:00:00,,Yes,Active,,5 - Highly Reliable
ACC-00001075,Carterton District Council,WWN-00106,Discharge to water,(existing weir outlet) emergency only,WAR160341 [38775],2053-01-17 00:00:00,,Yes,Active,,5 - Highly Reliable
ACC-00001075,Carterton District Council,WWN-00106,Land-use consent,Streamworks (new outfall structure),WAR160341 [38776],2053-01-17 00:00:00,,Yes,Active,,5 - Highly Reliable
ACC-00001075,Carterton District Council,WWN-00106,Discharge to water,Mangatārere Stream,WAR160341 [38777],2053-01-17 00:00:00,,Yes,Active,,5 - Highly Reliable
ACC-00001635,Central Hawke's Bay District Council,WWN-00107,Discharge to air,,AUTH-121818-02,2042-05-31 00:00:00,,Yes,Active,,5 - Highly Reliable
ACC-00001635,Central Hawke's Bay District Council,WWN-00108,Discharge to water,,AUTH-113126-01,2021-05-31 00:00:00,,Yes,Operating under s124 RMA,,5 - Highly Reliable
ACC-00001635,Central Hawke's Bay District Council,WWN-00108,Discharge to air,,AUTH-113842-01,2021-05-31 00:00:00,,Yes,Operating under s124 RMA,,5 - Highly Reliable
ACC-00001635,Central Hawke's Bay District Council,WWN-00109,Discharge to land,,AUTH-127077-01,2057-05-31 00:00:00,,Yes,Active,,5 - Highly Reliable
ACC-00001635,Central Hawke's Bay District Council,WWN-00109,Discharge to land,,AUTH-127078-01,2057-05-31 00:00:00,,Yes,Active,,5 - Highly Reliable
ACC-00001635,Central Hawke's Bay District Council,WWN-00109,Discharge to air,,AUTH-127079-01,2057-05-31 00:00:00,,Yes,Active,,5 - Highly Reliable
ACC-00001635,Central Hawke's Bay District Council,WWN-00109,Land-use consent,,AUTH-127616-01,2057-05-31 00:00:00,,Yes,Active,,5 - Highly Reliable
ACC-00001635,Central Hawke's Bay District Council,WWN-00110,Discharge to land,,AUTH-113127-02,2021-05-31 00:00:00,,Yes,Operating under s124 RMA,,5 - Highly Reliable
ACC-00001635,Central Hawke's Bay District Council,WWN-00110,Discharge to air,,AUTH-113843-01,2021-05-31 00:00:00,,Yes,Operating under s124 RMA,,5 - Highly Reliable
ACC-00001635,Central Hawke's Bay District Council,WWN-00111,Discharge to water,,AUTH-113123-04,2030-09-30 00:00:00,,Yes,Active,,5 - Highly Reliable
ACC-00001635,Central Hawke's Bay District Council,WWN-00111,Discharge to air,,AUTH-113839-04,2030-09-30 00:00:00,,Yes,Active,,5 - Highly Reliable
ACC-00001635,Central Hawke's Bay District Council,WWN-00112,Discharge to water,,AUTH-113118-04,2030-09-30 00:00:00,,Yes,Active,,5 - Highly Reliable
ACC-00008538,Central Otago District Council,WWN-00113,Discharge to air,,RM12.517.01,2038-08-01 00:00:00,,Yes,Active,,5 - Highly Reliable
ACC-00008538,Central Otago District Council,WWN-00113,Discharge to water,,RM12.517.02.V1,2038-08-01 00:00:00,,Yes,Active,,5 - Highly Reliable
ACC-00008538,Central Otago District Council,WWN-00113,Discharge to land,,RM12.517.03.V1,2038-08-01 00:00:00,,Yes,Active,,5 - Highly Reliable
ACC-00008538,Central Otago District Council,WWN-00114,Discharge to air,,RM13.233.01,2049-02-26 00:00:00,,Yes,Active,,5 - Highly Reliable
ACC-00008538,Central Otago District Council,WWN-00114,Discharge to water,,RM13.233.02.V3,2049-02-26 00:00:00,,Yes,Active,,5 - Highly Reliable
ACC-00008538,Central Otago District Council,WWN-00114,Discharge to land,,RM13.233.03.V1,2049-02-26 00:00:00,,Yes,Active,,5 - Highly Reliable
ACC-00008538,Central Otago District Council,WWN-00115,Discharge to land,,RM23.613.01,2029-07-17 00:00:00,,Yes,Active,,5 - Highly Reliable
ACC-00008538,Central Otago District Council,WWN-00116,Discharge to land,,RM15.258.01.V1,2051-03-14 00:00:00,,Yes,Active,,5 - Highly Reliable
ACC-00008538,Central Otago District Council,WWN-00116,Land-use consent,,RM24.014.01,2029-02-23 00:00:00,,Yes,Active,,5 - Highly Reliable
ACC-00008538,Central Otago District Council,WWN-00117,Discharge to water,,RM21.566.01,2027-07-15 00:00:00,,Yes,Active,,5 - Highly Reliable
ACC-00008538,Central Otago District Council,WWN-00118,Discharge to air,,RM11.110.03,2047-06-25 00:00:00,,Yes,Active,,5 - Highly Reliable
ACC-00008538,Central Otago District Council,WWN-00118,Discharge to water,,RM15.004.02,2050-04-01 00:00:00,,Yes,Active,,5 - Highly Reliable
ACC-00008538,Central Otago District Council,WWN-00119,Discharge to land,,RM10.306.01.V2,2045-09-01 00:00:00,,Yes,Active,,5 - Highly Reliable
ACC-00008538,Central Otago District Council,WWN-00119,Land-use consent,,RM22.209.01,,no expiry date,Yes,Active,,5 - Highly Reliable
ACC-00001252,Chatham Islands Council,Waitangi WWTP Discharge Consent,Discharge to land,,114022005,2040-02-25 00:00:00,,No,Active,,5 - Highly Reliable
ACC-00001252,Chatham Islands Council,Waitangi WWTP Discharge Consent,Discharge to air,,114022005,2040-02-25 00:00:00,,No,Active,,5 - Highly Reliable
ACC-00008533,Christchurch City Council,WWN-00120,Discharge to air,To discharge contaminants to air from the Terminal Pump Station,CRC150049,2054-07-09 00:00:00,,No,measure not applicable,,5 - Highly Reliable
ACC-00008533,Christchurch City Council,WWN-00120,Discharge to water,To discharge construction phase and developed phase stormwater to water.,CRC152814,2054-07-09 00:00:00,,No,measure not applicable,,5 - Highly Reliable
ACC-00008533,Christchurch City Council,WWN-00120,Discharge to water,Discharge Contaminant into Water,CRC204086,2030-05-24 00:00:00,,Yes,Active,,5 - Highly Reliable
ACC-00008533,Christchurch City Council,WWN-00120,Discharge to air,To discharge contaminants into air.,CRC210834,2030-05-24 00:00:00,,Yes,Active,,5 - Highly Reliable
ACC-00008533,Christchurch City Council,WWN-00121,Coastal permit,"To disturb the seabed, to place structures on the seabed and to occupy the Coastal Marine Area with those structures, between map reference NZMS 260 M36:865-329 and map reference NZMS 260 M36:872-312, for the purposes of water supply and communications.",CRC001025,2035-04-05 00:00:00,,Yes,Active,,5 - Highly Reliable
ACC-00008533,Christchurch City Council,WWN-00121,Discharge to water,Discharge Contaminant into Water,CRC012012.1,2038-10-23 00:00:00,,Yes,Active,,5 - Highly Reliable
ACC-00008533,Christchurch City Council,WWN-00121,Discharge to water,Discharge Contaminant into Water,CRC012013,2038-10-23 00:00:00,,Yes,Active,,5 - Highly Reliable
ACC-00008533,Christchurch City Council,WWN-00121,Land-use consent,"To install, use and maintain a sewage network within 50 metres of the Styx River and Kaputone Creek.",CRC051208.1,2039-11-26 00:00:00,,Yes,Active,,5 - Highly Reliable
ACC-00008533,Christchurch City Council,WWN-00121,Coastal permit,To occupy space within the Avon-Heathcote Estuary with a pipeline(s) for the purpose of conveying treated wastewater.,CRC051717,2040-11-01 00:00:00,,Yes,Active,,5 - Highly Reliable
ACC-00008533,Christchurch City Council,WWN-00121,Coastal permit,Install Structure in Bed,CRC051718,2041-05-16 00:00:00,,Yes,Active,,5 - Highly Reliable
ACC-00008533,Christchurch City Council,WWN-00121,Land-use consent,"To install, use and maintain a sewage network within a Community Drinking Water Supply Protection Zone.",CRC051719,2040-11-01 00:00:00,,Yes,Active,,5 - Highly Reliable
ACC-00008533,Christchurch City Council,WWN-00121,Coastal permit,To occupy space in Pegasus Bay with a pipeline(s) for the purpose of conveying treated wastewater.,CRC051721,2040-11-01 00:00:00,,Yes,Active,,5 - Highly Reliable
ACC-00008533,Christchurch City Council,WWN-00121,Coastalpermit,Install Structure in Bed,CRC051722,2041-05-16 00:00:00,,Yes,Active,,5 - Highly Reliable
ACC-00008533,Christchurch City Council,WWN-00121,Discharge to air,"To discharge contaminants (principally odour) to air from the use, operation and maintenance of the pipeline, surge chamber, drop structure, air release valves and ocean outfall.",CRC051723,2040-11-01 00:00:00,,Yes,Active,,5 - Highly Reliable
ACC-00008533,Christchurch City Council,WWN-00121,Discharge to water,Discharge Water into Water,CRC051724,2041-05-16 00:00:00,,Yes,Active,,5 - Highly Reliable
ACC-00008533,Christchurch City Council,WWN-00121,Land-use consent,To use land to store hazardous substances,CRC073651,2037-09-25 00:00:00,,Yes,Active,,5 - Highly Reliable
ACC-00008533,Christchurch City Council,WWN-00121,Land-use consent,Use Land,CRC082576,2038-03-18 00:00:00,,Yes,Active,,5 - Highly Reliable
ACC-00008533,Christchurch City Council,WWN-00121,Land-use consent,Use Land,CRC083020,2038-05-08 00:00:00,,Yes,Active,,5 - Highly Reliable
ACC-00008533,Christchurch City Council,WWN-00121,Discharge to land,Discharge Contaminant into Land to Water,CRC102103,2045-02-01 00:00:00,,Yes,Active,,5 - Highly Reliable
ACC-00008533,Christchurch City Council,WWN-00121,Discharge to land,Discharge Contaminant into Land to Water,CRC102620,2045-04-28 00:00:00,,Yes,Active,,5 - Highly Reliable
ACC-00008533,Christchurch City Council,WWN-00121,Discharge to air,Discharge Contaminant into Air,CRC164462,2044-05-15 00:00:00,,Yes,Active,,5 - Highly Reliable
ACC-00008533,Christchurch City Council,WWN-00121,Land-use consent,To use land for the storage of wastewater,CRC167412,2051-10-04 00:00:00,,Yes,Active,,5 - Highly Reliable
ACC-00008533,Christchurch City Council,WWN-00121,Coastal permit,"To place, operate and maintain pipes (reticulation) beneath the seabed",CRC167415,2051-10-04 00:00:00,,Yes,Active,,5 - Highly Reliable
ACC-00008533,Christchurch City Council,WWN-00121,Discharge to air,Discharge Contaminant into Air,CRC167816,2044-05-15 00:00:00,,Yes,Active,,5 - Highly Reliable
ACC-00008533,Christchurch City Council,WWN-00121,Discharge to air,"Global: northern, central, southern, Port Hills & Sumner, Parklands, Linwood & Bromley, Wigram & Hillmorton, Diamond Harbour",CRC185052,2053-07-26 00:00:00,,Yes,Active,,5 - Highly Reliable
ACC-00008533,Christchurch City Council,WWN-00121,Discharge to water,To discharge stormwater.,CRC190497,2026-10-04 00:00:00,,Yes,Active,,5 - Highly Reliable
ACC-00008533,Christchurch City Council,WWN-00121,Wastewater overflows,Discharge Water into Water,CRC224552,2029-03-04 00:00:00,,Yes,Active,,5 - Highly Reliable
ACC-00008533,Christchurch City Council,WWN-00123,Land-use consent,To use land for the storage of wastewater at a community wastewater treatment plant,CRC230356,2031-07-26 00:00:00,,Yes,Active,,5 - Highly Reliable
ACC-00008533,Christchurch City Council,WWN-00123,Discharge to air,To discharge contaminants (odour) to air from a community wastewater treatment plant,CRC230357,2031-07-26 00:00:00,,Yes,Active,,5 - Highly Reliable
ACC-00008533,Christchurch City Council,WWN-00123,Discharge to water,To discharge contaminants (treated wastewater) to coastal water,CRC230358,2031-07-26 00:00:00,,Yes,Active,,5 - Highly Reliable
ACC-00008533,Christchurch City Council,WWN-00126,Discharge to land,To discharge contaminants onto land and into air.,CRC020693,2038-08-22 00:00:00,,Yes,Active,,5 - Highly Reliable
ACC-00008533,Christchurch City Council,WWN-00127,Discharge to land,To discharge treated domestic wastewater onto land from the Wainui Wastewater Treatment Plant,CRC091580,2046-09-21 00:00:00,,Yes,Active,,5 - Highly Reliable
ACC-00008586,Clutha District Council,Rosebank Sawmill - no WWN#,Discharge to land,To discharge treated wastewater to land. For the purpose of disposal of wastewater from a commercial site.,RM17.394.01,2053-02-28 00:00:00,,Yes,Active,,4 - Reliable
ACC-00008586,Clutha District Council,WWN-00128,Discharge to water,Discharge consent for Balclutha Wastewater Treatment plant to Koau Branch of the Clutha River/Mata-Au.,RM17.328.01,2030-10-17 00:00:00,,Yes,Active,,4 - Reliable
ACC-00008586,Clutha District Council,WWN-00129,Discharge to water,Discharge consent for Clinton Sewage Treatment Plant.,RM17.092.01,2027-05-05 00:00:00,,Yes,Active,,4 - Reliable
ACC-00008586,Clutha District Council,WWN-00130,Discharge to water,Discharge consent from the Heriot Wastewater treatment plant to the Heriot Burn,RM13.443.01,2049-02-28 00:00:00,,Yes,Active,,4 - Reliable
ACC-00008586,Clutha District Council,WWN-00131,Discharge to water,Discharge consent from the Kaitangata Wastewater treatment plant to the Clutha River/Mata-Au,RM14.001.01,2049-03-21 00:00:00,,Yes,Active,,4 - Reliable
ACC-00008586,Clutha District Council,WWN-00132,Discharge to water,Coastal permit for long concrete pipeline structure of Kaka Point Township.,RC2008.690,2046-01-26 00:00:00,,Yes,Active,,4 - Reliable
ACC-00008586,Clutha District Council,WWN-00132,Discharge to water,Discharge to water consent for Kaka Point Township wastewater.,RC2008.691,2046-01-26 00:00:00,,Yes,Active,,4 - Reliable
ACC-00008586,Clutha District Council,WWN-00133,Discharge to water,Lawrence Township discharge into Tuapeka Creek.,RC2008.308,2043-10-17 00:00:00,,Yes,Active,,4 - Reliable
ACC-00008586,Clutha District Council,WWN-00133,Discharge to air,Lawrence Township discharge consent to air.,RC2008.428,2046-01-21 00:00:00,,Yes,Active,,4 - Reliable
ACC-00008586,Clutha District Council,WWN-00134,Discharge to water,Milton Sewage Treatment Plant discharge consent to water.,2007.090.V1,2044-05-20 00:00:00,,Yes,Active,,4 - Reliable
ACC-00008586,Clutha District Council,WWN-00134,Discharge to air,Milton Sewage Treatment Plant discharge consent to air.,RC.2007.91,2043-10-17 00:00:00,,Yes,Active,,4 - Reliable
ACC-00008586,Clutha District Council,WWN-00134,Wastewater overflows,Bypass consent for Milton Wastewater Treatment.,RM17.282.01,2029-06-30 00:00:00,,Yes,Active,,4 - Reliable
ACC-00008586,Clutha District Council,WWN-00135,Discharge to water,Owaka Township discharge consent into the Owaka River.,RC2003.680.V2,2045-11-25 00:00:00,,Yes,Active,,4 - Reliable
ACC-00008586,Clutha District Council,WWN-00136,Discharge to water,Stirling Township discharge consent into the Matau Branch of the Clutha River/Mata-Au.,RC2005.193,2045-11-25 00:00:00,,Yes,Active,,4 - Reliable
ACC-00008586,Clutha District Council,WWN-00137,Discharge to water,Tapanui Township discharge consent to the Pomahaka River.,RC2005.246,2045-11-25 00:00:00,,Yes,Active,,4 - Reliable
ACC-00008586,Clutha District Council,WWN-00138,Discharge to water,Discharge consent for Waihola Wastewater treatment plant to an outflow channel of Lake Waihola.,RM15.364.01,2028-12-05 00:00:00,,Yes,Active,,4 - Reliable
ACC-00006268,Department of Conservation,Aoraki/ Mt Cook,Discharge to land,permitted to discarge to leach field 610 m3 per day 910m3 during storms,CRC054829,2042-08-24 00:00:00,,Yes,Active,,4 - Reliable
ACC-00006268,Department of Conservation,Aoraki/ Mt Cook,Land-use consent,Sludge and clean fill mix for land use. Done once 2008,CRC082229,2043-05-22 00:00:00,,Yes,Active,,5 - Highly Reliable
ACC-00006268,Department of Conservation,Whakapapa WWTP,Discharge to land,Section 124 of the RMA,Permit No 105684,2014-12-01 00:00:00,Continue to operate under S124 while new consent is under preparation,Yes,Operating under s124 RMA,,5 - Highly Reliable
ACC-00006269,Department of Corrections,,Discharge to land,,ATH-1993001355.03,2034-07-01 00:00:00,,Yes,Active,,5 - Highly Reliable
ACC-00008513,Dunedin City Council,WWN-00139,Discharge to air,,97528.V1,2032-06-30 00:00:00,,Yes,Active,,5 - Highly Reliable
ACC-00008513,Dunedin City Council,WWN-00139,Coastal permit,,97530.V1,2032-06-30 00:00:00,,Yes,Active,,5 - Highly Reliable
ACC-00008513,Dunedin City Council,WWN-00139,Coastal permit,,97550,2032-06-30 00:00:00,,Yes,Active,,5 - Highly Reliable
ACC-00008513,Dunedin City Council,WWN-00139,Coastal permit,,97551,2032-06-30 00:00:00,,Yes,Active,,5 - Highly Reliable
ACC-00008513,Dunedin City Council,WWN-00140,Discharge to land,,RM21.037.01,2029-01-11 00:00:00,,Yes,Active,,5 - Highly Reliable
ACC-00008513,Dunedin City Council,WWN-00142,Discharge to land,,RM19.210.02,2041-09-28 00:00:00,,Yes,Active,,5 - Highly Reliable
ACC-00008513,Dunedin City Council,WWN-00143,Coastal permit,,2002.621,2039-10-26 00:00:00,,Yes,Active,,5 - Highly Reliable
ACC-00008513,Dunedin City Council,WWN-00143,Coastal permit,,2002.623,2032-06-30 00:00:00,,Yes,Active,,5 - Highly Reliable
ACC-00008513,Dunedin City Council,WWN-00143,Coastal permit,,2002.624,2032-06-30 00:00:00,,Yes,Active,,5 - Highly Reliable
ACC-00008513,Dunedin City Council,WWN-00143,Discharge to air,,2002.626,2032-06-20 00:00:00,,Yes,Active,,5 - Highly Reliable
ACC-00008513,Dunedin City Council,WWN-00143,Coastal permit,,2006.534,2032-06-30 00:00:00,,Yes,Active,,5 - Highly Reliable
ACC-00008513,Dunedin City Council,WWN-00143,Discharge to air,,2006.825,2032-04-01 00:00:00,,Yes,Active,,5 - Highly Reliable
ACC-00008513,Dunedin City Council,WWN-00143,Coastal permit,,93389B,2028-12-31 00:00:00,,Yes,Active,,5 - Highly Reliable
ACC-00008513,Dunedin City Council,WWN-00143,Discharge to air,,RM12.139.01.V1,2048-07-03 00:00:00,,Yes,Active,,5 - Highly Reliable
ACC-00008513,Dunedin City Council,WWN-00143,Wastewater overflows,,RM16.335.01,2032-01-01 00:00:00,,Yes,Active,,5 - Highly Reliable
ACC-00008513,Dunedin City Council,WWN-00143,Wastewater overflows,,RM16.335.02,2042-01-01 00:00:00,,Yes,Active,,5 - Highly Reliable
ACC-00008513,Dunedin City Council,WWN-00143,Wastewater overflows,,RM16.335.03,2052-01-01 00:00:00,,Yes,Active,,5 - Highly Reliable
ACC-00008513,Dunedin City Council,WWN-00143,Wastewater overflows,,RM16.335.04,2032-01-01 00:00:00,,Yes,Active,,5 - Highly Reliable
ACC-00008513,Dunedin City Council,WWN-00143,Wastewater overflows,,RM16.335.05,2037-01-01 00:00:00,,Yes,Active,,5 - Highly Reliable
ACC-00008513,Dunedin City Council,WWN-00144,Discharge to air,,RM12.190.01,2027-09-12 00:00:00,,Yes,Active,,5 - Highly Reliable
ACC-00008513,Dunedin City Council,WWN-00144,Discharge to land,,RM12.190.02,2027-09-12 00:00:00,,Yes,Active,,5 - Highly Reliable
ACC-00008513,Dunedin City Council,WWN-00145,Discharge to land,,2006.861.V2,2024-02-01 00:00:00,,Yes,Operating under s124 RMA,,5 - Highly Reliable
ACC-00008513,Dunedin City Council,WWN-00145,Discharge to air,,2007.014,2023-11-01 00:00:00,,Yes,Operating under s124 RMA,,5 - Highly Reliable
ACC-00008510,Far North District Council,WWN-00147,Discharge to water,,AUT.004007.01.04 Taipa,2029-03-08 00:00:00,,Yes,Active,,4 - Reliable
ACC-00008510,Far North District Council,WWN-00147,Discharge to land,,AUT.004007.02.03 Taipa,2029-03-08 00:00:00,,Yes,Active,,4 - Reliable
ACC-00008510,Far North District Council,WWN-00147,Discharge to air,,AUT.004007.03.03 Taipa,2029-03-08 00:00:00,,Yes,Active,,4 - Reliable
ACC-00008510,Far North District Council,WWN-00148,Discharge to water,,AUT.007399 (01) Hihi,2022-11-30 00:00:00,,Yes,Operating under s124 RMA,,4 - Reliable
ACC-00008510,Far North District Council,WWN-00148,Discharge to land,,AUT.007399 (02) Hihi,2022-11-30 00:00:00,,Yes,Operating under s124 RMA,,4 - Reliable
ACC-00008510,Far North District Council,WWN-00148,Discharge to air,,AUT.007399 (03) Hihi,2022-11-30 00:00:00,,Yes,Operating under s124 RMA,,4 - Reliable
ACC-00008510,Far North District Council,WWN-00149,Discharge to water,,AUT.007205 (01) Kaeo,2022-10-21 00:00:00,,Yes,Operating under s124 RMA,,4 - Reliable
ACC-00008510,Far North District Council,WWN-00149,Discharge to land,,AUT.007205 (02) Kaeo,2022-10-21 00:00:00,,Yes,Operating under s124 RMA,,4 - Reliable
ACC-00008510,Far North District Council,WWN-00149,Discharge to air,,AUT.007205 (03) Kaeo,2022-10-21 00:00:00,,Yes,Operating under s124 RMA,,4 - Reliable
ACC-00008510,Far North District Council,WWN-00150,Discharge to water,,AUT.000932.01.03 Kaitaia,2021-11-30 00:00:00,,Yes,Operating under s124 RMA,,4 - Reliable
ACC-00008510,Far North District Council,WWN-00150,Discharge to air,,AUT.000932.02.02 Kaitaia,2021-11-30 00:00:00,,Yes,Operating under s124 RMA,,4 - Reliable
ACC-00008510,Far North District Council,WWN-00150,Discharge to land,,AUT.000932.03.02 Kaitaia,2021-11-30 00:00:00,,Yes,Operating under s124 RMA,,4 - Reliable
ACC-00008510,Far North District Council,WWN-00152,Discharge to water,,AUT.001168 Kawakawa (01),2036-04-30 00:00:00,,Yes,Active,,4 - Reliable
ACC-00008510,Far North District Council,WWN-00152,Discharge to land,,AUT.001168 Kawakawa (02),2036-04-30 00:00:00,,Yes,Active,,4 - Reliable
ACC-00008510,Far North District Council,WWN-00152,Discharge to air,,AUT.001168 Kawakawa (03),2036-04-30 00:00:00,,Yes,Active,,4 - Reliable
ACC-00008510,Far North District Council,WWN-00153,Discharge to water,,AUT.004111.01.05 Kerikeri,2036-09-03 00:00:00,,Yes,Active,,5 - Highly Reliable
ACC-00008510,Far North District Council,WWN-00153,Discharge to air,,AUT.004111.02.03 Kerikeri,2036-09-03 00:00:00,,Yes,Active,,5 - Highly Reliable
ACC-00008510,Far North District Council,WWN-00153,Discharge to land,,AUT.004111.05.03 Kerikeri,2036-09-03 00:00:00,,Yes,Active,,5 - Highly Reliable
ACC-00008510,Far North District Council,WWN-00153,Discharge to air,,AUT.004111.06.02 Kerikeri,2036-09-03 00:00:00,,Yes,Active,,5 - Highly Reliable
ACC-00008510,Far North District Council,WWN-00154,Discharge to water,,AUT.003839.01.03 Kohukohu (01),2026-11-29 00:00:00,,Yes,Active,,3 - Less Reliable
ACC-00008510,Far North District Council,WWN-00154,Discharge to land,,AUT.003839.03.02 Kohukohu (02),2026-11-29 00:00:00,,Yes,Active,,3 - Less Reliable
ACC-00008510,Far North District Council,WWN-00154,Discharge to air,,AUT.003839.03.02 Kohukohu (03),2026-11-29 00:00:00,,Yes,Active,,3 - Less Reliable
ACC-00008510,Far North District Council,WWN-00156,Discharge to water,,AUT.001108.01.04 Paihia,2034-04-30 00:00:00,,Yes,Active,,4 - Reliable
ACC-00008510,Far North District Council,WWN-00156,Discharge to land,,AUT.001108.02.03 Paihia,2034-04-30 00:00:00,,Yes,Active,,4 - Reliable
ACC-00008510,Far North District Council,WWN-00156,Discharge to air,,AUT.001108.03.02 Paihia,2034-04-30 00:00:00,,Yes,Active,,4 - Reliable
ACC-00008510,Far North District Council,WWN-00157,Discharge to land,,AUT.002635 (1) Rangiputa,2032-11-30 00:00:00,,Yes,Active,,4 - Reliable
ACC-00008510,Far North District Council,WWN-00157,Discharge to air,,AUT.002635 (2) Rangiputa,2032-11-30 00:00:00,,Yes,Active,,4 - Reliable
ACC-00008510,Far North District Council,WWN-00157,Discharge to land,,AUT.002635 (3) Rangiputa,2032-11-30 00:00:00,,Yes,Active,,4 - Reliable
ACC-00008510,Far North District Council,WWN-00157,Discharge to land,,AUT.002635 (4)Rangiputa,2032-11-30 00:00:00,,Yes,Active,,4 - Reliable
ACC-00008510,Far North District Council,WWN-00160,Discharge to land,,AUT.007203.02.02 Whatuwhiwhi,2025-11-30 00:00:00,,Yes,Active,,4 - Reliable
ACC-00008510,Far North District Council,WWN-00160,Discharge to land,,AUT.007203.03.02 Whatuwhiwhi,2025-11-30 00:00:00,,Yes,Active,,4 - Reliable
ACC-00001008,Gisborne District Council,WWN-00161,Coastal permit,Coastal Permit to Discharge Wastewater to Coastal Marine Area from the Offshore Outfall,CP205022,2042-07-02 00:00:00,,Yes,Active,,5 - Highly Reliable
ACC-00001008,Gisborne District Council,WWN-00161,Coastal permit,Coastal Permit to Discharge Wastewater to Coastal Marine Area from the Offshore Outfall,CP205024,2042-07-02 00:00:00,,Yes,Active,,5 - Highly Reliable
ACC-00001008,Gisborne District Council,WWN-00161,Discharge to air,Air Discharge Consent for the Gisborne Wastewater Treatment Plant,DA-2020-103680-01,2042-07-02 00:00:00,,Yes,Active,,5 - Highly Reliable
ACC-00001008,Gisborne District Council,WWN-00161,Discharge to land,Land Discharge Consent for the Gisborne Wastewater Treatment Plant,DL-2021-11039-00,2042-07-02 00:00:00,,Yes,Active,,5 - Highly Reliable
ACC-00001008,Gisborne District Council,WWN-00161,Discharge to water,Dry Weather Overflows,DW-2020-109732-00,2031-11-16 00:00:00,,Yes,Active,,5 - Highly Reliable
ACC-00001008,Gisborne District Council,WWN-00161,Discharge to water,Wet Weather Overflows,DW-2020-109733,2036-11-16 00:00:00,,Yes,Active,,5 - Highly Reliable
ACC-00001008,Gisborne District Council,WWN-00162,Discharge to air,Continue To Discharge Treated Effluent From The Te Karaka Sewage Oxidation Ponds To The Waipaoa River And Continue To Discharge Odour From The Operation Of The Sewage Ponds.,DA-2001-1326-00,2037-03-27 00:00:00,,Yes,Active,,5 - Highly Reliable
ACC-00001008,Gisborne District Council,WWN-00162,Discharge to land,Continue To Discharge Treated Effluent From The Te Karaka Sewage Oxidation Ponds To The Waipaoa River.,DL-2001-1493-00,2037-02-27 00:00:00,,Yes,Active,,5 - Highly Reliable
ACC-00001008,Gisborne District Council,WWN-00162,Discharge to water,Continue To Discharge Treated Effluent From The Te Karaka Sewage Oxidation Ponds To The Waipaoa River.,DW-2001-1760-00,2037-03-01 00:00:00,,Yes,Active,,5 - Highly Reliable
ACC-00008531,Gore District Council,WWN-00163,Discharge to water,,203595,2023-12-31 00:00:00,,Yes,Operating under s124 RMA,,5 - Highly Reliable
ACC-00008531,Gore District Council,WWN-00163,Discharge to air,,203596,2023-12-31 00:00:00,,Yes,Operating under s124 RMA,,5 - Highly Reliable
ACC-00008531,Gore District Council,WWN-00163,Land-use consent,,AUTH-20211808,2047-06-06 00:00:00,,Yes,Active,,5 - Highly Reliable
ACC-00008531,Gore District Council,WWN-00164,Discharge to water,,AUTH-202292-V4,2021-05-11 00:00:00,,Yes,Operating under s124 RMA,,5 - Highly Reliable
ACC-00008531,Gore District Council,WWN-00165,Discharge to land,,200336,2027-09-01 00:00:00,,Yes,Active,,5 - Highly Reliable
ACC-00001018,Greater Wellington Regional Council,,Measure Not Applicable,,,,,,,,
ACC-00001015,Grey District Council,Blackball,Discharge to land,Resource Consent,RC05127/1,2041-01-23 00:00:00,,Yes,Active,,5 - Highly Reliable
ACC-00001015,Grey District Council,Blackball,Discharge to air,Resource Consent,RC05127/2,2041-01-23 00:00:00,,Yes,Active,,5 - Highly Reliable
ACC-00001015,Grey District Council,Blackball,Discharge to land,Resource Consent,RC05127/3,2041-01-23 00:00:00,,Yes,Active,,5 - Highly Reliable
ACC-00001015,Grey District Council,Blaketown,Discharge to air,Resource Consent,RC98037/6,2038-07-04 00:00:00,,Yes,Active,,5 - Highly Reliable
ACC-00001015,Grey District Council,Cobden,Coastal permit,Resource Consent,RC98037/1,2038-07-04 00:00:00,,Yes,Active,,5 - Highly Reliable
ACC-00001015,Grey District Council,Cobden,Discharge to air,Resource Consent,RC98037/4,2038-07-04 00:00:00,,Yes,Active,,5 - Highly Reliable
ACC-00001015,Grey District Council,Cobden,Coastal permit,Resource Consent,RC98037/5,2038-07-04 00:00:00,,Yes,Active,,5 - Highly Reliable
ACC-00001015,Grey District Council,Greymouth,Discharge to water,Resource Consent,RC98037/11,2038-07-04 00:00:00,,Yes,Active,,5 - Highly Reliable
ACC-00001015,Grey District Council,Greymouth,Discharge to water,Resource Consent,RC98037/13,2038-07-04 00:00:00,,Yes,Active,,5 - Highly Reliable
ACC-00001015,Grey District Council,Iveagh Bay,Discharge to land,Resource Consent,RC06092,2041-07-27 00:00:00,,Yes,Active,,5 - Highly Reliable
ACC-00001015,Grey District Council,Johnston St,Discharge to water,Resource Consent,RC98037/7,2038-07-04 00:00:00,,Yes,Active,,5 - Highly Reliable
ACC-00001015,Grey District Council,Johnston St,Discharge to air,Resource Consent,RC98037/8,2038-07-04 00:00:00,,Yes,Active,,5 - Highly Reliable
ACC-00001015,Grey District Council,Karoro/Paroa,Coastal permit,Resource Consent,RC-2014-008-04,2028-02-01 00:00:00,,Yes,Active,,5 - Highly Reliable
ACC-00001015,Grey District Council,Karoro/Paroa,Discharge to land,Resource Consent,RC-2014-008-05,2028-02-01 00:00:00,,Yes,Active,,5 - Highly Reliable
ACC-00001015,Grey District Council,Karoro/Paroa,Discharge to air,Resource Consent,RC-2014-008-06,2028-02-01 00:00:00,,Yes,Active,,5 - Highly Reliable
ACC-00001015,Grey District Council,Moana,Discharge to land,Resource Consent,RC01363/1,2038-03-21 00:00:00,,Yes,Active,,5 - Highly Reliable
ACC-00001015,Grey District Council,Preston Rd/Johnston St,Discharge to water,Resource Consent,RC12125/1,2038-05-08 00:00:00,,Yes,Active,,5 - Highly Reliable
ACC-00001015,Grey District Council,Preston Rd/Johnston St,Discharge to air,Resource Consent,RC12125/2,2038-05-08 00:00:00,,Yes,Active,,5 - Highly Reliable
ACC-00001015,Grey District Council,Runanga,Discharge to water,Resource Consent,85-83,2007-02-18 00:00:00,,Yes,Active,,5 - Highly Reliable
ACC-00001003,Hamilton City Council,WWN-00173,Discharge to land,"Store no more than 20,000 m3 of biosolids at Pukete WWTP",111029,2039-08-31 00:00:00,,Yes,Active,,5 - Highly Reliable
ACC-00001003,Hamilton City Council,WWN-00173,Discharge to water,Discharge treated wastewater from Pukete WWTP to the Waikato River,114674,2027-09-18 00:00:00,,Yes,Active,,5 - Highly Reliable
ACC-00001003,Hamilton City Council,WWN-00173,Land-use consent,Use outfall structure in/on Waikato River,114675,2027-09-18 00:00:00,,Yes,Active,,5 - Highly Reliable
ACC-00001003,Hamilton City Council,WWN-00173,Discharge to air,Discharge contaminants from Pukete WWTP to air,114676,2027-09-18 00:00:00,,Yes,Active,,4 - Reliable
ACC-00001003,Hamilton City Council,WWN-00173,Discharge to water,Discharge stormwater from Pukete WWTP to the Waikato River,134278,2039-02-02 00:00:00,,Yes,Active,,4 - Reliable
ACC-00001003,Hamilton City Council,WWN-00173,Other (Please identify in the comments section),"Take no more than 4,000 m3 per day from Waikato River",145391,2058-06-25 00:00:00,,Yes,Active,,5 - Highly Reliable
ACC-00008532,Hastings District Council,WWN-00174,Other (Please identify in the comments section),Clive WWTP Bores (Abstraction),AUTH-114866-02,2025-05-31 00:00:00,,Yes,Operating under s124 RMA,Water take consent for process water and drinking water. Working through re-consenting with regional council,5 - Highly Reliable
ACC-00008532,Hastings District Council,WWN-00174,Land-use consent,Clive WWTP Buoys (Land use),AUTH-115086-01,2040-05-31 00:00:00,,Yes,Active,,5 - Highly Reliable
ACC-00008532,Hastings District Council,WWN-00174,Discharge to air,Clive WWTP (Odour and air discharge),AUTH-119219-01,1937-05-31 00:00:00,,Yes,Active,,5 - Highly Reliable
ACC-00008532,Hastings District Council,WWN-00174,Discharge to water,Clive WWTP (WW discharge),AUTH-120712-01,2049-05-31 00:00:00,,Yes,Active,,5 - Highly Reliable
ACC-00008532,Hastings District Council,WWN-00174,Discharge to water,Clive WWTP Short Shoreline Outfall (Emergency WW discharge),AUTH-120774-01,2049-05-31 00:00:00,,Yes,Active,,5 - Highly Reliable
ACC-00008532,Hastings District Council,WWN-00174,Discharge to water,Clive WWTP - Beach Overflow Chamber (Emergency WW discharge),AUTH-120775-01,2049-05-31 00:00:00,,Yes,Active,,5 - Highly Reliable
ACC-00008532,Hastings District Council,WWN-00174,Land-use consent,Clive WWTP Outfall (Land use),AUTH-121788-02,2049-05-31 00:00:00,,Yes,Active,,5 - Highly Reliable
ACC-00008532,Hastings District Council,WWN-00174,Land-use consent,Clive WWTP - Beach Overflow Chamber (Inactive land use),AUTH-121862-01,2049-05-31 00:00:00,,Yes,Active,,5 - Highly Reliable
ACC-00008532,Hastings District Council,WWN-00174,Coastal permit,Clive WWTP (Coastal Protection),AUTH-121916-01,2049-05-31 00:00:00,,Yes,Active,,5 - Highly Reliable
ACC-00008532,Hastings District Council,WWN-00175,Other (Please identify in the comments section),Waipatiki WWTP (WW discharge),AUTH-115047-01,2025-05-31 00:00:00,,Yes,Operating under s124 RMA,Discharge to land and air in the same consent. Working through re-consenting with regional council,5 - Highly Reliable
ACC-00008587,Hauraki District Council,WWN-00176,Discharge to water,Kerepehi WWTP,AUTH111660.01.02,2021-04-30 00:00:00,,Yes,Operating under s124 RMA,,5 - Highly Reliable
ACC-00008587,Hauraki District Council,WWN-00176,Land-use consent,Kerepehi WWTP,AUTH111661.01.01,2021-04-30 00:00:00,,Yes,Operating under s124 RMA,,5 - Highly Reliable
ACC-00008587,Hauraki District Council,WWN-00177,Discharge to water,Ngatea WWTP,AUTH103845,2015-10-31 00:00:00,,Yes,Operating under s124 RMA,,5 - Highly Reliable
ACC-00008587,Hauraki District Council,WWN-00177,Discharge to air,Ngatea WWTP,AUTH103847,2015-10-31 00:00:00,,Yes,Operating under s124 RMA,,5 - Highly Reliable
ACC-00008587,Hauraki District Council,WWN-00177,Land-use consent,Ngatea WWTP,AUTH103848,2015-10-31 00:00:00,,Yes,Operating under s124 RMA,,5 - Highly Reliable
ACC-00008587,Hauraki District Council,WWN-00178,Discharge to water,Paeroa WWTP,AUTH141634.01.01,2026-12-20 00:00:00,,Yes,Active,,5 - Highly Reliable
ACC-00008587,Hauraki District Council,WWN-00178,Land-use consent,Paeroa WWTP,AUTH141634.02.01,2026-12-20 00:00:00,,Yes,Active,,5 - Highly Reliable
ACC-00008587,Hauraki District Council,WWN-00179,Discharge to water,Turua WWTP,AUTH107446,2018-05-01 00:00:00,,Yes,Operating under s124 RMA,,5 - Highly Reliable
ACC-00008587,Hauraki District Council,WWN-00179,Discharge to air,Turua WWTP,AUTH107447,2018-05-01 00:00:00,,Yes,Operating under s124 RMA,,5 - Highly Reliable
ACC-00008587,Hauraki District Council,WWN-00179,Land-use consent,Turua WWTP,AUTH107448,2018-05-01 00:00:00,,Yes,Operating under s124 RMA,,5 - Highly Reliable
ACC-00008587,Hauraki District Council,WWN-00180,Discharge to water,Waihi WWTP,AUTH106612.01.03,2022-06-01 00:00:00,,Yes,Operating under s124 RMA,,5 - Highly Reliable
ACC-00008587,Hauraki District Council,WWN-00180,Discharge to air,Waihi WWTP,AUTH106613.01.02,2022-06-01 00:00:00,,Yes,Operating under s124 RMA,,5 - Highly Reliable
ACC-00008587,Hauraki District Council,WWN-00180,Land-use consent,Waihi WWTP,AUTH106614.01.01,2022-06-01 00:00:00,,Yes,Operating under s124 RMA,,5 - Highly Reliable
ACC-00008587,Hauraki District Council,WWN-00180,Discharge to land,Waihi WWTP,AUTH106615.01.01,2022-06-01 00:00:00,,Yes,Operating under s124 RMA,,5 - Highly Reliable
ACC-00008587,Hauraki District Council,WWN-00181,Discharge to water,Waitakaruru,AUTH109502.01.03,2023-11-10 00:00:00,,Yes,Operating under s124 RMA,,5 - Highly Reliable
ACC-00008587,Hauraki District Council,WWN-00182,Discharge to land,Whiritoa WWTP,AUTH140891.01.01,2056-01-10 00:00:00,,Yes,Active,,5 - Highly Reliable
ACC-00001034,Horowhenua District Council,WWN-00183,Discharge to land,Foxton Beach WWTP (formerly RC 102249),ATH-2003009791.00,2028-05-11 00:00:00,Foxton Beach WWTP (formerly RC 102249) older rapid infilration bed area,Yes,Active,,5 - Highly Reliable
ACC-00001034,Horowhenua District Council,WWN-00183,Land-use consent,Foxton Beach WWTP - land use consent RC 102460,ATH-2003010012.00,2038-05-11 00:00:00,Foxton Beach WWTP - land use consent RC 102460 new rapid infiltraion beds and old one too.,Yes,Active,,5 - Highly Reliable
ACC-00001034,Horowhenua District Council,WWN-00184,Discharge to water,Foxton WWTP - to Foxton Loop,ATH-2009011618.03,2022-02-04 00:00:00,Foxton WWTP - to Foxton Loop - no longer in use,No,Expired,Not in use,5 - Highly Reliable
ACC-00001034,Horowhenua District Council,WWN-00184,Discharge to land,Foxton WWTP - pond seepage at faculative pond base,ATH-2015200444.00,2048-07-01 00:00:00,Foxton WWTP - pond seepage,Yes,Active,,5 - Highly Reliable
ACC-00001034,Horowhenua District Council,WWN-00184,Discharge to air,Foxton WWTP odour,ATH-2015200584.00,2048-07-01 00:00:00,Foxton WWTP,Yes,Active,,5 - Highly Reliable
ACC-00001034,Horowhenua District Council,WWN-00184,Discharge to land,Foxton  WWTP - by Irrigation which may enter water to surface water drains,ATH-2015200585.00,2048-07-01 00:00:00,Foxton  WWTP - by Irrigation which may enter water,Yes,Active,,5 - Highly Reliable
ACC-00001034,Horowhenua District Council,WWN-00184,Land-use consent,Foxton WWTP - consent is for Intensive Farming irrgation field area,ATH-2015200586.00,2048-07-01 00:00:00,Foxton WWTP - consent is for Intensive Farming,Yes,Active,,5 - Highly Reliable
ACC-00001034,Horowhenua District Council,WWN-00185,Discharge to land,The Pot - Discharge to land and water from irrigation,ATH-1998004064.01,2045-02-06 00:00:00,The Pot - Discharge to land and water from irrigation,Yes,Active,,5 - Highly Reliable
ACC-00001034,Horowhenua District Council,WWN-00185,Discharge to land,Levin WWTP,ATH-1998004076.03,2034-07-01 00:00:00,Levin WWTP pond bases / trickling filter bases,Yes,Active,,5 - Highly Reliable
ACC-00001034,Horowhenua District Council,WWN-00185,Discharge to air,Levin WWTP,ATH-1998007460.05,2034-07-01 00:00:00,Levin WWTP odour,Yes,Active,,5 - Highly Reliable
ACC-00001034,Horowhenua District Council,WWN-00185,Discharge to air,The Pot treated irrgation field,ATH-1998007461.01,2045-02-06 00:00:00,The Pot irrigation site discharge to air.,Yes,Active,,5 - Highly Reliable
ACC-00001034,Horowhenua District Council,WWN-00185,Discharge to land,The Pot - Discharge to land and water from pond infiltration,ATH-2018202041.00,2045-02-06 00:00:00,The Pot - Discharge to land and water from pond infiltration,Yes,Active,,5 - Highly Reliable
ACC-00001034,Horowhenua District Council,WWN-00185,Land-use consent,The Pot - Riparian planting along the Waiwiri Stream and bank stabilisation,ATH-2020203223.00,,The Pot - Riparian planting along the Waiwiri Stream and bank stabilisation,Yes,Active,,5 - Highly Reliable
ACC-00001034,Horowhenua District Council,WWN-00186,Discharge to land,Shannon WWTP - Discharge to land permit 105896,ATH-2012014014.00,2034-11-07 00:00:00,Shannon WWTP - Discharge to land permit 105896 WWTP faculative pond base,Yes,Active,,5 - Highly Reliable
ACC-00001034,Horowhenua District Council,WWN-00186,Discharge to air,Shannon WWTP - Discharge to air permit 105897,ATH-2012014015.00,2034-11-07 00:00:00,Shannon WWTP - Discharge to air permit 105897 odour,Yes,Active,,5 - Highly Reliable
ACC-00001034,Horowhenua District Council,WWN-00186,Discharge to land,Shannon Irrigation (formerly RC 106893),ATH-2013015158.00,2048-01-07 00:00:00,Shannon Irrigation (formerly RC 106893) shannon Irrigation field,Yes,Active,,5 - Highly Reliable
ACC-00001034,Horowhenua District Council,WWN-00186,Discharge to air,Shannon Irrigation - Discharge to air permit 106894,ATH-2013015159.00,2048-01-07 00:00:00,Shannon Irrigation - Discharge to air permit 106894 odour,Yes,Active,,5 - Highly Reliable
ACC-00001034,Horowhenua District Council,WWN-00186,Discharge to water,Shannon Irrigation - Discharge to water permit 106895,ATH-2013015160.00,2048-01-07 00:00:00,Shannon Irrigation - Discharge to water permit 106895 high rate land passage,Yes,Active,,5 - Highly Reliable
ACC-00001034,Horowhenua District Council,WWN-00187,Discharge to water,Tokomaru WWTP,ATH-2002008648.02,2023-06-30 00:00:00,Tokomaru WWTP - occational flows to the main drain when ponds and rapid infiltration swamp area at capacity,Yes,Operating under s124 RMA,"reconsenting application in progress, new wwtp to be build and new wwtp ww rules to be used to guide new consent, still waiting on clarity of rules...",5 - Highly Reliable
ACC-00001034,Horowhenua District Council,WWN-00187,Discharge to land,Tokomaru WWTP,ATH-2002008649.02,2023-06-30 00:00:00,Tokomaru WWTP rapid infiltration,Yes,Operating under s124 RMA,"reconsenting application in progress, new wwtp to be build and new wwtp ww rules to be used to guide new consent, still waiting on clarity of rules...",5 - Highly Reliable
ACC-00001034,Horowhenua District Council,WWN-00187,Discharge to air,Tokomaru WWTP,ATH-2016200987.00,2023-06-30 00:00:00,Tokomaru WWTP odour,Yes,Operating under s124 RMA,"reconsenting application in progress, new wwtp to be build and new wwtp ww rules to be used to guide new consent, still waiting on clarity of rules...",5 - Highly Reliable
ACC-00001034,Horowhenua District Council,WWN-00188,Discharge to land,Waitarere Beach WWTP irrigation to land,ATH-2002009762.01,2044-07-01 00:00:00,Waitarere Beach WWTP,Yes,Active,,5 - Highly Reliable
ACC-00001034,Horowhenua District Council,WWN-00188,Discharge to air,Waitarere Beach WWTP odour,ATH-2017201585.00,2044-07-01 00:00:00,Waitarere Beach WWTP,Yes,Active,,5 - Highly Reliable
ACC-00001012,Hurunui District Council,WWN-00192,Land-use consent,,CRC202393,2025-02-10 00:00:00,,Yes,Active,,4 - Reliable
ACC-00001012,Hurunui District Council,wwn-00189,Land-use consent,,CRC094286,2043-07-22 00:00:00,,Yes,Active,,4 - Reliable
ACC-00001012,Hurunui District Council,wwn-00189,Discharge to land,,CRC260157,2050-05-19 00:00:00,,Yes,Active,,4 - Reliable
ACC-00001012,Hurunui District Council,wwn-00190,Discharge to land,,CRC144853,2030-07-20 00:00:00,,Yes,Active,,4 - Reliable
ACC-00001012,Hurunui District Council,wwn-00191,Discharge to water,,CRC950619,2030-03-16 00:00:00,,Yes,Active,,4 - Reliable
ACC-00001012,Hurunui District Council,wwn-00191,Discharge to land,,CRC950620,2030-03-16 00:00:00,,Yes,Active,,4 - Reliable
ACC-00001012,Hurunui District Council,wwn-00192,Discharge to air,,CRC153177,2050-02-20 00:00:00,,Yes,Active,,4 - Reliable
ACC-00001012,Hurunui District Council,wwn-00192,Land-use consent,,CRC153178,2050-02-20 00:00:00,,Yes,Active,,4 - Reliable
ACC-00001012,Hurunui District Council,wwn-00192,Discharge to land,,CRC173076,2050-02-20 00:00:00,,Yes,Active,,4 - Reliable
ACC-00001012,Hurunui District Council,wwn-00192,Discharge to air,,CRC173077,2050-02-20 00:00:00,,Yes,Active,,4 - Reliable
ACC-00001012,Hurunui District Council,wwn-00193,Discharge to water,,CRC920722.1,2027-04-30 00:00:00,,Yes,Active,,4 - Reliable
ACC-00001012,Hurunui District Council,wwn-00194,Discharge to land,,CRC950606,2030-03-16 00:00:00,,Yes,Active,,4 - Reliable
ACC-00001012,Hurunui District Council,wwn-00195,Discharge to water,,CRC170833,2030-07-20 00:00:00,,Yes,Active,,4 - Reliable
ACC-00001012,Hurunui District Council,wwn-00195,Land-use consent,,CRC170945,2052-01-26 00:00:00,,Yes,Active,,4 - Reliable
ACC-00001012,Hurunui District Council,wwn-00195,Land-use consent,,CRC193384,2052-01-25 00:00:00,,Yes,Active,,4 - Reliable
ACC-00001012,Hurunui District Council,wwn-00195,"Discharge Water into Water,",,CRC193385,2052-01-25 00:00:00,,Yes,Active,,4 - Reliable
ACC-00001012,Hurunui District Council,wwn-00195,Discharge to air,,CRC951960,2030-07-20 00:00:00,,Yes,Active,,4 - Reliable
ACC-00001012,Hurunui District Council,wwn-00195,Discharge to land,,CRC951961.1,2030-07-20 00:00:00,,Yes,Active,,4 - Reliable
ACC-00008502,Invercargill City Council,ICC Bluff Sewage,Coastal permit,"To discharge treated sewage and wastewater into the coastal and marine area for the purpose of wastewater disposal in Foveaux Strait, Bluff (Restricted Coastal Activity)",AUTH- 98126,2025-12-31 00:00:00,,Yes,Active,Applied for 3 year consent with same conditions while Government introduces Wastewater Environmental Performance Standards,5 - Highly Reliable
ACC-00008502,Invercargill City Council,ICC Bluff Sewage,Coastal permit,To occupy the coastal marine area with a sewage outfall pipeline at Ocean Beach Bluff,AUTH- 99062,2025-12-31 00:00:00,,Yes,Active,Applied for 3 year consent with same conditions while Government introduces Wastewater Environmental Performance Standards,5 - Highly Reliable
ACC-00008502,Invercargill City Council,ICC Invercargill Sewage,Coastal permit,"To discharge up to 90,000 cubic metres of treated wastewater to the New River Estuary via a discharge channel from the Clifton Wastewater treatment plant",AUTH- 200749,2029-06-30 00:00:00,,Yes,Active,,5 - Highly Reliable
ACC-00008502,Invercargill City Council,ICC Invercargill Sewage,Coastal permit,To sporadically discharge screened wastewater to the New River Estuary when compliance with Resource Consent 200749 cannot be achieved due to plant mechanical failure or extreme weather events,AUTH- 200750,2029-06-30 00:00:00,,Yes,Active,,5 - Highly Reliable
ACC-00008502,Invercargill City Council,ICC Invercargill Sewage,Discharge to land,"To discharge contaminants to land from the Clifton wastewater treatment plant, via seepage from waste treatment processes",AUTH- 200752,2029-06-30 00:00:00,,Yes,Active,,5 - Highly Reliable
ACC-00008502,Invercargill City Council,ICC Invercargill Sewage,Discharge to land,"To discharge stormwater and leachate to land, in circumstances where it may enter water, at Station Road, Invercargill, from the processing of sludge from wastewater treatment plants",AUTH- 20136275-V2,2029-06-30 00:00:00,,Yes,Active,,5 - Highly Reliable
ACC-00008502,Invercargill City Council,ICC Invercargill Sewage,Discharge to air,"To discharge contaminants including odour to air from wastewater treatment, including the emission of odour masking agents and emissions from biosolids processing.",AUTH- 20136298-01,2029-06-30 00:00:00,,Yes,Active,,5 - Highly Reliable
ACC-00008502,Invercargill City Council,ICC Invercargill Sewage,Discharge to land,"To discharge biosolids to land at Christies Road, Sandy Point, Invercargill, from the Clifton wastewater treatment plant",AUTH- 302764-01,2024-12-18 00:00:00,,Yes,Active,,5 - Highly Reliable
ACC-00008502,Invercargill City Council,ICC Invercargill Sewage,Discharge to air,"To discharge dust and odour to air when putting biosolids into windrows at Christies Road, Sandy Point, from the Clifton wastewater treatment plant",AUTH- 302764-02,2034-12-18 00:00:00,,Yes,Active,,5 - Highly Reliable
ACC-00008502,Invercargill City Council,ICC Invercargill Sewage Reticulation,Coastal permit,"To place two new wastewater pipelines under the beds of the Mokotua Stream and The Waimatua Creek by horizontal directional drilling, and to occupy that space within the Coastal Marine Area.",AUTH- 20202120-01,2055-05-02 00:00:00,,Yes,Active,,5 - Highly Reliable
ACC-00008502,Invercargill City Council,ICC Omaui Sewage,Discharge to land,"To discharge oxidation pond treated effluent to land at Mokomoko Road, Omaui",AUTH- 202189,2029-02-26 00:00:00,,Yes,Active,,5 - Highly Reliable
ACC-00001004,Kaikoura District Council,WWN-00199,Discharge to air,As above,CRC050316,2031-10-03 00:00:00,,Yes,Active,,5 - Highly Reliable
ACC-00001004,Kaikoura District Council,WWN-00199,Land-use consent,As above,CRC050395,2040-05-05 00:00:00,,Yes,Active,,5 - Highly Reliable
ACC-00001004,Kaikoura District Council,WWN-00199,Land-use consent,As above,CRC050485,OPEN,,Yes,Active,,5 - Highly Reliable
ACC-00001004,Kaikoura District Council,WWN-00199,Land-use consent,"Applications for a set of new,comprehensive,  site-wide (global) air, land use and discharge to land  consents for the treatment plant  made in November 2024",CRC071328,2041-11-13 00:00:00,,Yes,Active,,5 - Highly Reliable
ACC-00001004,Kaikoura District Council,WWN-00199,Discharge to air,Individual site within network,CRC101386,2044-12-09 00:00:00,,Yes,Active,,5 - Highly Reliable
ACC-00001004,Kaikoura District Council,WWN-00199,Discharge to air,Individual site within network,CRC101551,2044-12-09 00:00:00,,Yes,Active,,5 - Highly Reliable
ACC-00001004,Kaikoura District Council,WWN-00199,Land-use consent,"Applications for a set of new,comprehensive,  site-wide (global) air, land use and discharge to land  consents for the treatment plant  to be made in November 2024",CRC191229,2045-09-15 00:00:00,,Yes,Active,,5 - Highly Reliable
ACC-00001004,Kaikoura District Council,WWN-00199,Discharge to air,As above,CRC191230,2045-09-15 00:00:00,,Yes,Active,,5 - Highly Reliable
ACC-00001004,Kaikoura District Council,WWN-00199,Land-use consent,As above,CRC191231,2045-09-15 00:00:00,,Yes,Active,,5 - Highly Reliable
ACC-00001004,Kaikoura District Council,WWN-00199,Discharge to land,As above,CRC941111,2031-10-03 00:00:00,,Yes,Active,,5 - Highly Reliable
ACC-00001094,Kaipara District Council,Dargaville,Discharge to land,Water and Land,3666,2043-06-30 00:00:00,,Yes,Active,,4 - Reliable
ACC-00001094,Kaipara District Council,Glinks Gully,Discharge to land,,7231,2034-10-31 00:00:00,,Yes,Active,,4 - Reliable
ACC-00001094,Kaipara District Council,Kaiwaka,Other (Please identify in the comments section),Water and Land (only land between Pond and Wetland),20040111801,2049-05-31 00:00:00,,Yes,Active,,4 - Reliable
ACC-00001094,Kaipara District Council,Mangawhai,Discharge to land,,14969,2032-09-30 00:00:00,,Yes,Active,,4 - Reliable
ACC-00001094,Kaipara District Council,Maungaturoto,Other (Please identify in the comments section),Water and Land,20010111501,2032-09-30 00:00:00,,Yes,Active,,4 - Reliable
ACC-00001094,Kaipara District Council,Maungaturoto Rail,Other (Please identify in the comments section),Water and Land,5087,2025-09-30 00:00:00,Currently in renewal process,Yes,Active,,4 - Reliable
ACC-00001094,Kaipara District Council,Te Kopuru,Discharge to water,,20090110201,2044-06-30 00:00:00,,Yes,Active,,4 - Reliable
ACC-00008506,Kapiti Coast District Council,WWN-00207,Discharge to land,Discharge (Land and Air),WGN160002 [33564_33565],2036-10-20 00:00:00,"The Council has applied for resource consent
to amend WGN160002 to authorise the new discharge method
The Council has applied for resource consent
for earthworks to upgrade the LDTA.
The consent has been referred for further technical review.",Yes,Active,,5 - Highly Reliable
ACC-00008506,Kapiti Coast District Council,WWN-00208,Discharge to water,"[22566] - Discharge screened, diluted WW to Mazengarb Drain",WGN030149 [22566],2022-03-31 00:00:00,,Yes,Operating under s124 RMA,,5 - Highly Reliable
ACC-00008506,Kapiti Coast District Council,WWN-00208,Discharge to land,[34796] Discharge contaminants to land from sludge in decomissioned sludge lagoons,WGN040098 [34796],2038-10-29 00:00:00,,Yes,Active,,5 - Highly Reliable
ACC-00008506,Kapiti Coast District Council,WWN-00208,Discharge to air,[32196] Discharge contaminants to air from sludge drying/handling process,WGN130218 [32196],2022-03-31 00:00:00,,Yes,Operating under s124 RMA,,5 - Highly Reliable
ACC-00008506,Kapiti Coast District Council,WWN-00208,Discharge to air,[38051] - Discharge to Air; [38050] - Discharge to land,"WGN220189  [38051, 38050]",2042-07-01 00:00:00,,Yes,Active,,5 - Highly Reliable
ACC-00008506,Kapiti Coast District Council,WWN-00208,Discharge to land,[38465] Discharge permit - sediment laden water to land,WGN230028 [38465],2028-03-01 00:00:00,This consent is for construction works to line the stormbasin and covers effects of earthworks and potential impact on nearby water way. The effects on water way remans in place unit 1/03/2058.,Yes,Active,,5 - Highly Reliable
ACC-00008506,Kapiti Coast District Council,WWN-00208,Discharge to water,[2656] - Discharge treated WW to Mazengarb Drain,WGN970255 [2656],2022-03-31 00:00:00,"KCDC is reconsenting WWTP discharge.
GWRC has notified the resource consent application,
notification closed 7 November with minimal submissions.",Yes,Operating under s124 RMA,,5 - Highly Reliable
ACC-00008506,Kapiti Coast District Council,WWN-00208,Discharge to air,[27633] - Discharge to air from all facilities,WGN970255 [27633],2022-03-31 00:00:00,,Yes,Operating under s124 RMA,,5 - Highly Reliable
ACC-00008506,Kapiti Coast District Council,WWN-00208,Discharge to land,[34837] - Discharge to unlined storage pond,WGN970255 [34837],2022-03-31 00:00:00,,Yes,Operating under s124 RMA,,5 - Highly Reliable
ACC-00008542,Kawerau District Council,WWN-0029,Discharge to land,,65081,2032-10-31 00:00:00,,Yes,Active,,5 - Highly Reliable
ACC-00008572,Mackenzie District Council,WWN-00210,Discharge to land,Burkes Pass,CRC992607,2040-06-07 00:00:00,,Yes,Active,,
ACC-00008572,Mackenzie District Council,WWN-00211,Discharge to land,Fairlie,CRC992608.1,2038-12-17 00:00:00,,Yes,Active,,
ACC-00008572,Mackenzie District Council,WWN-00212,Discharge to land,Tekapo,CRC042914,2040-03-18 00:00:00,,Yes,Active,,
ACC-00008572,Mackenzie District Council,WWN-00213,Discharge to land,Twizel,CRC172311,2053-04-11 00:00:00,,Yes,Active,,
ACC-00007492,Manawatu District Council,WWN-00214,Discharge to water,Awahuri,Horizons - 103710,2026-07-27 00:00:00,,Yes,Active,,5 - Highly Reliable
ACC-00007492,Manawatu District Council,WWN-00215,Discharge to water,Cheltenham,Horizons - 103260,2016-07-17 00:00:00,,Yes,Operating under s124 RMA,,5 - Highly Reliable
ACC-00007492,Manawatu District Council,WWN-00216,Discharge to air,Feilding,Horizons - 106945,2051-07-01 00:00:00,,Yes,Active,,5 - Highly Reliable
ACC-00007492,Manawatu District Council,WWN-00216,Land-use consent,Feilding river mixing,Horizons - 106946,2025-01-20 00:00:00,,Yes,Operating under s124 RMA,,5 - Highly Reliable
ACC-00007492,Manawatu District Council,WWN-00216,Discharge to water,Feilding discharge to river,Horizons - 106948,2026-07-01 00:00:00,,Yes,Active,,5 - Highly Reliable
ACC-00007492,Manawatu District Council,WWN-00216,Land-use consent,Feilding sludge,Horizons - 106949,2051-07-01 00:00:00,,Yes,Active,,5 - Highly Reliable
ACC-00007492,Manawatu District Council,WWN-00216,Discharge to land,Feilding irrigation,Horizons - 106950,2051-07-01 00:00:00,,Yes,Active,,5 - Highly Reliable
ACC-00007492,Manawatu District Council,WWN-00216,Discharge to land,Feilding groundwater discharge,Horizons - 106951,2051-07-01 00:00:00,,Yes,Active,,5 - Highly Reliable
ACC-00007492,Manawatu District Council,WWN-00217,Discharge to water,Halcombe,Horizons - 101252,2016-06-28 00:00:00,,Yes,Operating under s124 RMA,,5 - Highly Reliable
ACC-00007492,Manawatu District Council,WWN-00217,Discharge to land,Halcombe,Horizons - 101255,2016-06-28 00:00:00,,Yes,Operating under s124 RMA,,5 - Highly Reliable
ACC-00007492,Manawatu District Council,WWN-00218,Discharge to land,Himatangi,Horizons - 105938,2025-07-01 00:00:00,,Yes,Operating under s124 RMA,,5 - Highly Reliable
ACC-00007492,Manawatu District Council,WWN-00219,Discharge to water,Kimbolton,Horizons - 103418,2019-09-01 00:00:00,,Yes,Operating under s124 RMA,,5 - Highly Reliable
ACC-00007492,Manawatu District Council,WWN-00219,Discharge to land,Kimbolton,Horizons - 103419,2019-09-01 00:00:00,,Yes,Operating under s124 RMA,,5 - Highly Reliable
ACC-00007492,Manawatu District Council,WWN-00220,Discharge to water,Rongotea,Horizons - 102242,2017-11-11 00:00:00,,Yes,Operating under s124 RMA,,5 - Highly Reliable
ACC-00007492,Manawatu District Council,WWN-00220,Discharge to land,Rongotea,Horizons - 102245,2017-11-11 00:00:00,,Yes,Operating under s124 RMA,,5 - Highly Reliable
ACC-00008520,Marlborough District Council,WWN-00222,Coastal permit,Blenheim,U071181,2025-10-03 00:00:00,,Yes,Active,,5 - Highly Reliable
ACC-00008520,Marlborough District Council,WWN-00222,Coastal permit,Blenheim,U110143,2025-10-03 00:00:00,,Yes,Active,,5 - Highly Reliable
ACC-00008520,Marlborough District Council,WWN-00223,Discharge to water,Havelock,U230507,2028-12-01 00:00:00,,Yes,Active,,5 - Highly Reliable
ACC-00008520,Marlborough District Council,WWN-00224,Coastal permit,Picton,U100802,2046-06-01 00:00:00,,Yes,Active,,5 - Highly Reliable
ACC-00008520,Marlborough District Council,WWN-00224,Discharge to water,Picton,U130728,2046-06-01 00:00:00,,Yes,Active,,5 - Highly Reliable
ACC-00008520,Marlborough District Council,WWN-00224,Coastal permit,Picton,U960798,2032-06-30 00:00:00,,Yes,Active,,5 - Highly Reliable
ACC-00008520,Marlborough District Council,WWN-00225,Discharge to water,Seddon,U230097,2044-03-01 00:00:00,,Yes,Active,,5 - Highly Reliable
ACC-00001026,Masterton District Council,WWN-00226,Discharge to water,,WAR080010,2029-04-10 00:00:00,,Yes,Active,,5 - Highly Reliable
ACC-00001026,Masterton District Council,WWN-00227,Other (Please identify in the comments section),Discharge to Land and Discharge to Water,WAR090066,2034-12-08 00:00:00,,Yes,Active,,5 - Highly Reliable
ACC-00001026,Masterton District Council,WWN-00228,Discharge to land,,WAR090346,2039-09-30 00:00:00,,Yes,Active,,5 - Highly Reliable
ACC-00001026,Masterton District Council,WWN-00229,Discharge to land,,WAR050019,2030-09-30 00:00:00,,Yes,Active,,5 - Highly Reliable
ACC-00008512,Matamata Piako District Council,WWN-00230,Discharge to water,,110031,2024-06-08 00:00:00,,Yes,Operating under s124 RMA,Matamata WWTP. A new RC application was submitted late 2023 to replace this one.,5 - Highly Reliable
ACC-00008512,Matamata Piako District Council,WWN-00230,Discharge to air,,118686,2024-06-08 00:00:00,,Yes,Operating under s124 RMA,Matamata WWTP. A new RC application was submitted late 2023 to replace this one.,5 - Highly Reliable
ACC-00008512,Matamata Piako District Council,WWN-00230,Land-use consent,,118688,2044-05-06 00:00:00,,Yes,Active,,5 - Highly Reliable
ACC-00008512,Matamata Piako District Council,WWN-00231,Wastewater overflows,,105063,2024-08-31 00:00:00,,Yes,Operating under s124 RMA,Comprehensive stormwater discharge consent enables discharges from engineered overflow sites,5 - Highly Reliable
ACC-00008512,Matamata Piako District Council,WWN-00231,Discharge to water,,118885,2024-12-17 00:00:00,,Yes,Active,Morrinsville WWTP. A new RC application was submitted late 2023 to replace this one.,5 - Highly Reliable
ACC-00008512,Matamata Piako District Council,WWN-00231,Discharge to water,,118886,2024-12-17 00:00:00,,Yes,Active,Morrinsville WWTP. A new RC application was submitted late 2023 to replace this one.,5 - Highly Reliable
ACC-00008512,Matamata Piako District Council,WWN-00231,Discharge to land,,118887,2024-12-17 00:00:00,,Yes,Active,Morrinsville WWTP. A new RC application was submitted late 2023 to replace this one.,5 - Highly Reliable
ACC-00008512,Matamata Piako District Council,WWN-00231,Discharge to air,,118888,2024-12-17 00:00:00,,Yes,Active,Morrinsville WWTP. A new RC application was submitted late 2023 to replace this one.,5 - Highly Reliable
ACC-00008512,Matamata Piako District Council,WWN-00231,Land-use consent,,118889,2024-12-17 00:00:00,,Yes,Active,Morrinsville WWTP. A new RC application was submitted late 2023 to replace this one.,5 - Highly Reliable
ACC-00008512,Matamata Piako District Council,WWN-00231,Discharge to water,,119563,2024-12-17 00:00:00,,Yes,Active,Morrinsville WWTP. A new RC application was submitted late 2023 to replace this one.,5 - Highly Reliable
ACC-00008512,Matamata Piako District Council,WWN-00231,Discharge to air,,138410,2024-12-17 00:00:00,,Yes,Active,Morrinsville WWTP. A new RC application was submitted late 2023 to replace this one.,5 - Highly Reliable
ACC-00008512,Matamata Piako District Council,WWN-00232,Discharge to water,,118187,2028-07-31 00:00:00,,Yes,Active,,5 - Highly Reliable
ACC-00008512,Matamata Piako District Council,WWN-00233,Wastewater overflows,,105062,2024-08-31 00:00:00,,Yes,Operating under s124 RMA,Comprehensive stormwater discharge consent enables discharges from engineered overflow sites,5 - Highly Reliable
ACC-00008512,Matamata Piako District Council,WWN-00233,Land-use consent,,113792,2041-01-18 00:00:00,,Yes,Active,,5 - Highly Reliable
ACC-00008512,Matamata Piako District Council,WWN-00233,Discharge to water,,120309,2035-08-26 00:00:00,,Yes,Active,,5 - Highly Reliable
ACC-00008512,Matamata Piako District Council,WWN-00233,Discharge to land,,121968,2035-08-26 00:00:00,,Yes,Active,,5 - Highly Reliable
ACC-00008588,Ministry of Education,,Measure Not Applicable,,,,,,,,
ACC-00001141,Napier City Council,WWN-00235,Coastal permit,,AUTH-118503-02,2037-06-12 00:00:00,,Yes,Active,,5 - Highly Reliable
ACC-00001141,Napier City Council,WWN-00235,Discharge to air,,AUTH-119550-02,2037-12-06 00:00:00,,Yes,Active,,5 - Highly Reliable
ACC-00008541,Nelson City Council,WWN-00236,Land-use consent,Land Use consent for earthworks on Saxton Island within the coastal environment overlay.,PM095335 (NRSBU/NCC),2045-09-16 00:00:00,,Yes,Active,,5 - Highly Reliable
ACC-00008541,Nelson City Council,WWN-00236,Coastal permit,Pipeline in the Waimea Estuary between Bell Island and Rabbit Island,RM050862 (NRSBU),2040-10-14 00:00:00,,Yes,Active,,5 - Highly Reliable
ACC-00008541,Nelson City Council,WWN-00236,Coastal permit,"Coastal permit for the disturbance of the foreshore and bed of an estuary over a distance of more than 1,000 metres.  (restricted coastal activity).",RM090563 (NRSBU/TDC),2045-09-16 00:00:00,,Yes,Active,,5 - Highly Reliable
ACC-00008541,Nelson City Council,WWN-00236,Coastal permit,Coastal permit to disturb and occupy the foreshore and seabed for the purposes of constructing the duplicate wastewater pipeline and return pipe.,RM090885 (NRSBU/TDC),2045-09-16 00:00:00,,Yes,Active,,5 - Highly Reliable
ACC-00008541,Nelson City Council,WWN-00236,Coastal permit,Coastal permit to undertake maintenance and repair work on the joints and fittings of the existing estuary pipeline and to maintain the duplicate wastewater pipeline and return pipe.,RM090887 (NRSBU/TDC),2045-09-16 00:00:00,,Yes,Active,,5 - Highly Reliable
ACC-00008541,Nelson City Council,WWN-00236,Coastal permit,Coastal permit for the construction of two pipelines (duplicate wastewater pipeline and return pipe) under the bed of the Waimea Inlet.  (restricted coastal activity).,RM095331 (NRSBU/NCC),2045-09-16 00:00:00,,Yes,Active,,5 - Highly Reliable
ACC-00008541,Nelson City Council,WWN-00236,Coastal permit,Coastal permit for ongoing maintenance of the pipelines under the bed of the Waimea Inlet and to undertake maintenance works on the joints and fittings of the existing estuary pipeline.,RM095332 (NRSBU/NCC),2045-09-16 00:00:00,,Yes,Active,,5 - Highly Reliable
ACC-00008541,Nelson City Council,WWN-00236,Coastal permit,Coastal permit for the deposition of material within the estuary.,RM095333 (NRSBU/NCC),2045-09-16 00:00:00,,Yes,Active,,5 - Highly Reliable
ACC-00008541,Nelson City Council,WWN-00236,Coastal permit,"Coastal permit for the disturbance of the foreshore and bed of an estuary over a distance of more than 1,000 metres.  (restricted coastal activity).",RM095334 (NRSBU/NCC),2045-09-16 00:00:00,,Yes,Active,,5 - Highly Reliable
ACC-00008541,Nelson City Council,WWN-00236,Discharge to water,Discharge Permits for the aberrational discharge of wastewater to  the CMA,RM165114 (NRSBU),2038-02-16 00:00:00,,Yes,Active,,5 - Highly Reliable
ACC-00008541,Nelson City Council,WWN-00236,Discharge to land,Discharge Permits for the aberrational discharge of wastewater to land,RM165115 (NRSBU),2038-02-16 00:00:00,,Yes,Active,,5 - Highly Reliable
ACC-00008541,Nelson City Council,WWN-00236,Discharge to air,Discharge Permits for the aberrational discharge of wastewater to air,RM165116 (NRSBU),2038-02-16 00:00:00,,Yes,Active,,5 - Highly Reliable
ACC-00008541,Nelson City Council,WWN-00236,Discharge to water,Discharge treated wastewater into the Waimea Inlet,RM171238 (NRSBU),2040-02-21 00:00:00,,Yes,Active,,5 - Highly Reliable
ACC-00008541,Nelson City Council,WWN-00236,Discharge to air,Discharge contaminants (primarily odour) into air,RM171255 (NRSBU),2040-02-21 00:00:00,,Yes,Active,,5 - Highly Reliable
ACC-00008541,Nelson City Council,WWN-00236,Discharge to land,Discharge treated wastewater onto land via irrigation,RM171256 (NRSBU),2040-02-21 00:00:00,,Yes,Active,,5 - Highly Reliable
ACC-00008541,Nelson City Council,WWN-00236,Discharge to land,Discharge treated wastewater to land via seepage,RM171257 (NRSBU),2040-02-21 00:00:00,,Yes,Active,,5 - Highly Reliable
ACC-00008541,Nelson City Council,WWN-00236,Discharge to water,Use and maintenance of a pipe and diffuser outlet structure within the Waimea Inlet,RM171258 (NRSBU),2040-02-21 00:00:00,,Yes,Active,,5 - Highly Reliable
ACC-00008541,Nelson City Council,WWN-00236,Land-use consent,Earthworks associated with construction of a bund,RM200062 (NRSBU),2040-02-21 00:00:00,,Yes,Active,,5 - Highly Reliable
ACC-00008541,Nelson City Council,WWN-00236,Discharge to land,"Earthworks associated with the construction of a bund within 200m of the CMA, discharge of sludge to land and air during dewatering and desludging of ponds - Discharging of sludge to land from dewatering and desludging of ponds",RM200063 (NRSBU),2040-02-21 00:00:00,,Yes,Active,,5 - Highly Reliable
ACC-00008541,Nelson City Council,WWN-00236,Discharge to air,"Earthworks associated with the construction of a bund within 200m of the CMA, discharge of sludge to land and air during dewatering and desludging of ponds - Discharge to air, during desludging of ponds",RM200064 (NRSBU),2040-02-21 00:00:00,,Yes,Active,,5 - Highly Reliable
ACC-00008541,Nelson City Council,WWN-00236,Discharge to land,Discharge permit to discharge biosolids onto land,RM200638 (NRSBU),2040-03-16 00:00:00,,Yes,Active,,5 - Highly Reliable
ACC-00008541,Nelson City Council,WWN-00236,Discharge to air,Discharge permit to discharge contaminants into air from application of biololids to land,RM200639 (NRSBU),2040-03-16 00:00:00,,Yes,Active,,5 - Highly Reliable
ACC-00008541,Nelson City Council,WWN-00236,Discharge to land,"Land Use Consent to operate and maintain the Biosolids Application Facility (BAF), and associated activities for the application of biosolids to land",RM200640 (NRSBU),2040-03-16 00:00:00,,Yes,Active,,5 - Highly Reliable
ACC-00008541,Nelson City Council,WWN-00236,Discharge to land,Discharge permit to discharge washdown water and stormwater to land from the BAF,RM200641 (NRSBU),2040-03-16 00:00:00,,Yes,Active,,5 - Highly Reliable
ACC-00008541,Nelson City Council,WWN-00236,Discharge to land,Discharge of treated wastewater to land for irrigation purposes,RM211275 (NRSBU),2043-05-01 00:00:00,,Yes,Active,,5 - Highly Reliable
ACC-00008541,Nelson City Council,WWN-00236,Land-use consent,Land use consent to construct water tanks within the Coastal Environment Area,RM211278 (NRSBU),2043-05-01 00:00:00,,Yes,Active,,5 - Highly Reliable
ACC-00008541,Nelson City Council,WWN-00236,Land-use consent,Construction and maintenance of a pipeline for the reticulation of treated wastewater between the Wastewater Treatment Plant on Bell Island to the boundary of the Greenacres Golf Club on Best Island with minor earthworks in the transitional foreshore areas at the end of the causeway,RM220234 (NRSBU),2057-08-24 00:00:00,,Yes,Active,,5 - Highly Reliable
ACC-00008541,Nelson City Council,WWN-00236,Coastal permit,"Land disturbance, coastal disturbance and vegetation clearance for the purpose of regional sewerage scheme wastewater pipeline duplication within the Coastal Marine Area - Bells Island to Saxon Road Pump Station.",RM220940 (NRSBU),2057-08-24 00:00:00,,Yes,Active,,5 - Highly Reliable
ACC-00008541,Nelson City Council,WWN-00236,Coastal permit,Occupation and disturbance of the Coastal Marine Area associated with the installation of buried pipelines between Bell and Best Islands.,RM230486 (NRSBU),2057-09-01 00:00:00,,Yes,Active,,5 - Highly Reliable
ACC-00008541,Nelson City Council,WWN-00237,Discharge to air,"Consent to discharge contaminants, namely wastewater treatment plant gases, to air from a wastewater treatment plant",RM025169 (NCC),2024-12-01 00:00:00,The new consent is under the review process,Yes,Active,,5 - Highly Reliable
ACC-00008541,Nelson City Council,WWN-00237,Discharge to water,Consent for Coastal Permit to discharge treated wastewater to Tasman Bay,RM025169 (NCC),2024-12-01 00:00:00,The new consent is under the review process,Yes,Active,,5 - Highly Reliable
ACC-00008541,Nelson City Council,WWN-00237,Discharge to land,"Consent to use, maintain and renew a pipeline and outfall structure, and to occupy the seabed",RM025169 (NCC),2024-12-01 00:00:00,The new consent is under the review process,Yes,Active,,5 - Highly Reliable
ACC-00008541,Nelson City Council,WWN-00237,Land-use consent,Consent to deposit in or on the seabed substances from the outfall pipe,RM025169 (NCC),2024-12-01 00:00:00,The new consent is under the review process,Yes,Active,,5 - Highly Reliable
ACC-00008541,Nelson City Council,WWN-00237,Discharge to land,"Consent to discharge wastewater onto or into land, namely the existing oxidation pond and proposed wetlands and flow buffer storage ponds",RM025169 (NCC),2024-12-01 00:00:00,The new consent is under the review process,Yes,Active,,5 - Highly Reliable
ACC-00008541,Nelson City Council,WWN-00237,Discharge to water,RM045202 Fisheries Outfall,RM045202-1-4 (NCC),2040-12-19 00:00:00,,Yes,Active,,5 - Highly Reliable
ACC-00008541,Nelson City Council,WWN-00237,Coastal permit,Accidental discharges from the network. Consent granted 1 April 2012 and varied in 2015.,RM105388A V1 (NCC),2032-04-01 00:00:00,,Yes,Active,,5 - Highly Reliable
ACC-00008541,Nelson City Council,WWN-00237,Discharge to water,Accidental discharges from the network. Consent granted 1 April 2012 and varied in 2015.,RM105388V1 (NCC),2032-04-01 00:00:00,,Yes,Active,,5 - Highly Reliable
ACC-00008541,Nelson City Council,WWN-00237,Land-use consent,"RM115212 Fisheries Pipeline, the permanent fixing of the outfall pipe to the sea bed.",RM115212 & RM1152121V1 (NCC),2040-12-19 00:00:00,,Yes,Active,,5 - Highly Reliable
ACC-00008541,Nelson City Council,WWN-00237,Discharge to air,RM155262 Corder Park PS,RM155262 (NCC),2050-08-25 00:00:00,,Yes,Active,,5 - Highly Reliable
ACC-00008541,Nelson City Council,WWN-00237,Discharge to air,RM165359 Neale Park PS,RM165359 (NCC),2052-01-25 00:00:00,,Yes,Active,,5 - Highly Reliable
ACC-00008525,New Plymouth District Council,WWN-00328,Discharge to land,"Dairy farm effluent, not in use",0448-4.0,2045-12-01 00:00:00,,No,Active,Potential site for new WW facility,5 - Highly Reliable
ACC-00008525,New Plymouth District Council,WWN-00328,Discharge to water,Discharge of treated WW effluent,0882-4.1,2041-06-01 00:00:00,,Yes,Active,,5 - Highly Reliable
ACC-00008525,New Plymouth District Council,WWN-00328,Land-use consent,Culvert supporting sewer pipe,10456-1.0,2033-06-01 00:00:00,,Yes,Active,,5 - Highly Reliable
ACC-00008525,New Plymouth District Council,WWN-00328,Other (Please identify in the comments section),Groundwater take for construction of WW pump station,10963-1.0,2027-06-01 00:00:00,,Yes,Active,Will not require renewal,5 - Highly Reliable
ACC-00008525,New Plymouth District Council,WWN-00328,Land-use consent,Temporarily dam water for sewer main installation,11251-1.0,2034-06-01 00:00:00,,Yes,Active,Will not require renewal,5 - Highly Reliable
ACC-00008525,New Plymouth District Council,WWN-00328,Land-use consent,Sewer main,11261-1.0,2056-06-01 00:00:00,,Yes,Active,,5 - Highly Reliable
ACC-00008525,New Plymouth District Council,WWN-00328,Other (Please identify in the comments section),Temporarily dam and divert water for sewer main installation,11262-1.0,2034-06-01 00:00:00,,Yes,Active,Will not require renewal,5 - Highly Reliable
ACC-00008525,New Plymouth District Council,WWN-00328,Discharge to water,Inglewood oxidation pond overflow,1449-5.0,2033-06-01 00:00:00,,Yes,Active,,5 - Highly Reliable
ACC-00008525,New Plymouth District Council,WWN-00328,Discharge to water,Leachate from now-empty sludge lagoon,2982-5.0,2030-06-01 00:00:00,,Yes,Active,"Short term consent for continued monitoring, will not require renewal",5 - Highly Reliable
ACC-00008525,New Plymouth District Council,WWN-00328,Coastal permit,New Plymouth marine outfall,4593-3.0,2041-06-01 00:00:00,,Yes,Active,,5 - Highly Reliable
ACC-00008525,New Plymouth District Council,WWN-00328,Coastal permit,Eliot St. outfall - structure,4595-3.0,2032-06-01 00:00:00,,Yes,Active,,5 - Highly Reliable
ACC-00008525,New Plymouth District Council,WWN-00328,Discharge to air,Sludge drying activities,4740-2.0,2026-06-01 00:00:00,,Yes,Active,Consent renewal work in process,5 - Highly Reliable
ACC-00008525,New Plymouth District Council,WWN-00328,Coastal permit,Sewer main,6939-1.0,2041-06-01 00:00:00,,Yes,Active,,5 - Highly Reliable
ACC-00008525,New Plymouth District Council,WWN-00328,Land-use consent,Sewage pipe bridge,6940-1,2026-06-01 00:00:00,,Yes,Active,Consent renewal work in process,5 - Highly Reliable
ACC-00008525,New Plymouth District Council,WWN-00328,Land-use consent,Sewage pipeline,7241-1,2026-06-01 00:00:00,,Yes,Active,Consent renewal work in process,5 - Highly Reliable
ACC-00008525,New Plymouth District Council,WWN-00328,Land-use consent,Sewer pipeline and erosion control structures,7421-2.0,2043-06-01 00:00:00,,Yes,Active,,5 - Highly Reliable
ACC-00008525,New Plymouth District Council,WWN-00328,Discharge to water,Emergency discharge Waitara outfall,7861-1.0,2041-06-01 00:00:00,,Yes,Active,,5 - Highly Reliable
ACC-00008525,New Plymouth District Council,WWN-00328,Land-use consent,Sewage pipeline and reno mattress,7874-1,2026-06-01 00:00:00,,Yes,Active,Consent renewal work in process,5 - Highly Reliable
ACC-00008525,New Plymouth District Council,WWN-00328,Discharge to land,Application of Bioboost to land in Waikato Region,AUTH144852.01.01,2034-07-02 00:00:00,,Yes,Active,,5 - Highly Reliable
ACC-00001000,New Zealand Defence Force,BAL005,Discharge to land,,CRC083610,2028-12-05 00:00:00,,Yes,Active,,5 - Highly Reliable
ACC-00001000,New Zealand Defence Force,WAI002,Discharge to water,,ATH-2012010403.00 / 102825,2029-07-01 00:00:00,,Yes,Active,,5 - Highly Reliable
ACC-00001000,New Zealand Defence Force,WAI002,Discharge to water,,ATH-2012014121.00 / 105987,2029-07-01 00:00:00,,Yes,Active,,5 - Highly Reliable
ACC-00008500,Opotiki District Council,,Discharge to land,Pipi Beds,RM17-0736-AP,2024-01-31 00:00:00,Consent applic is with BOPRC for replacement/renewal,No,Expired,,5 - Highly Reliable
ACC-00008500,Opotiki District Council,WWN-00239,Land-use consent,Ōpōtiki - Pipe beneath Otara River,RC 50423,2029-11-30 00:00:00,,Yes,Active,,5 - Highly Reliable
ACC-00008500,Opotiki District Council,WWN-00239,Discharge to land,Ōpōtiki,RC 63179,2025-07-31 00:00:00,Operating under s124 RMA,Yes,Operating under s124 RMA,,5 - Highly Reliable
ACC-00008500,Opotiki District Council,WWN-00239,Discharge to land,Ōpōtiki,RC 63594,2025-07-31 00:00:00,,No,Expired,,5 - Highly Reliable
ACC-00008500,Opotiki District Council,WWN-00240,Discharge to land,Waihau Bay,RC 63013,2030-04-30 00:00:00,,Yes,Active,,5 - Highly Reliable
ACC-00008562,Otorohanga District Council,RC123567,Discharge to air,,60 41 51A,2025-09-30 00:00:00,,Yes,Active,,5 - Highly Reliable
ACC-00008562,Otorohanga District Council,RC123568,Discharge to land,,60 41 51A,2025-09-30 00:00:00,,Yes,Active,,5 - Highly Reliable
ACC-00008562,Otorohanga District Council,RC123569,Discharge to water,,60 41 51A,2025-09-30 00:00:00,,Yes,Active,,5 - Highly Reliable
ACC-00008562,Otorohanga District Council,RC143381.01.01,Discharge to air,,60 41 51A,2025-09-30 00:00:00,,Yes,Active,,5 - Highly Reliable
ACC-00008562,Otorohanga District Council,RC143381.02.01,Discharge to land,,60 41 51A,2025-09-30 00:00:00,,Yes,Active,,5 - Highly Reliable
ACC-00008549,Palmerston North City Council,WWN-00242,Discharge to land,Totara Road WWTP - Discharge to sludge lagoon,ATH-2002009338.00 - 101830,2028-05-16 00:00:00,,Yes,Active,,5 - Highly Reliable
ACC-00008549,Palmerston North City Council,WWN-00242,Discharge to water,Totara Road WWTP - Discharge to Manawatu River,ATH-2003009337.03 - 101829/2,2028-05-16 00:00:00,,Yes,Active,,5 - Highly Reliable
ACC-00008549,Palmerston North City Council,WWN-00242,Discharge to land,Totara Road WWTP - Discharge to wetland pond,ATH-2003009337.03 - 101831,2028-05-16 00:00:00,,Yes,Active,,5 - Highly Reliable
ACC-00008549,Palmerston North City Council,WWN-00242,Discharge to land,ASH oxi ponds municipal WW Leachate Discharge (Land),ATH-2014015336.02,2033-07-01 00:00:00,,Yes,Active,,5 - Highly Reliable
ACC-00008549,Palmerston North City Council,WWN-00242,Discharge to air,ASH oxi ponds municipal WWTP Emissions (Air),ATH-2014015337.02,2033-07-01 00:00:00,,Yes,Active,,5 - Highly Reliable
ACC-00001187,Papakura,Papakura Wastewater Network,Wastewater overflows,"Discharge of wastewater to land or water in accordance with sections 15(1)(a) and 15(1)(b) of the Resource Management Act 1991 as a result of:
• network overflows during periods of wet weather flow;
• network overflows resulting solely from blockages or network failure (pipe collapse or breakage or power or mechanical failure at pump stations or storage chambers);
• network exfiltration
for the existing Papakura District Wastewater Network.",BUN60072130-28762,2046-08-31 00:00:00,,Yes,Active,,5 - Highly Reliable
ACC-00001187,Papakura,Papakura Wastewater Network,Wastewater overflows,"Discharge of wastewater to land or water in accordance with sections 15(1)(a) and 15(1)(b) of the Resource Management Act 1991 as a result of:
• network overflows during periods of wet weather flow;
• network overflows resulting solely from blockages or network failure (pipe collapse or breakage or power or mechanical failure at pump stations or storage chambers);
• network exfiltration
for the existing and future Hingaia Peninsula Growth Area Wastewater Network.",BUN60072130-32961,2046-08-31 00:00:00,,Yes,Active,,5 - Highly Reliable
ACC-00001187,Papakura,Papakura Wastewater Network,Wastewater overflows,"Discharge of wastewater to land or water in accordance with sections 15(1)(a) and 15(1)(b) of the Resource Management Act 1991 as a result of:
• network overflows during periods of wet weather flow;
• network overflows resulting solely from blockages or network failure (pipe collapse or breakage or power or mechanical failure at pump stations or storage chambers);
• network exfiltration
for the existing and future Takanini Growth Area Wastewater Network.",BUN60072130-32962,2046-08-31 00:00:00,,Yes,Active,,5 - Highly Reliable
ACC-00008584,Queenstown Lakes District Council,Albert Town Campground,Discharge to land,,RM22.548.01,2026-03-23 00:00:00,,Yes,Active,,5 - Highly Reliable
ACC-00008584,Queenstown Lakes District Council,Cardrona WWTP,Discharge to land,,2009.348.V3,2045-07-15 00:00:00,,Yes,Active,,5 - Highly Reliable
ACC-00008584,Queenstown Lakes District Council,Glendhu Bay Camping Ground,Discharge to land,,2010.239',2045-10-30 00:00:00,,Yes,Active,,5 - Highly Reliable
ACC-00008584,Queenstown Lakes District Council,Glendhu Bay Camping Ground,Discharge to air,,2010.240',2045-10-30 00:00:00,,Yes,Active,,5 - Highly Reliable
ACC-00008584,Queenstown Lakes District Council,Hāwea WWTP,Discharge to air,,RM22.178.01,2033-07-07 00:00:00,,Yes,Active,,5 - Highly Reliable
ACC-00008584,Queenstown Lakes District Council,Hāwea WWTP,Discharge to land,,RM22.178.02,2033-07-07 00:00:00,,Yes,Active,,5 - Highly Reliable
ACC-00008584,Queenstown Lakes District Council,Shotover WWTP,Discharge to air,,RM13.215.01,2044-03-18 00:00:00,,Yes,Active,,5 - Highly Reliable
ACC-00008584,Queenstown Lakes District Council,Shotover WWTP,Discharge to land,,RM13.215.03.V2,2031-12-31 00:00:00,,Yes,Active,,5 - Highly Reliable
ACC-00008584,Queenstown Lakes District Council,Wānaka Airport,Discharge to air,,RM13.073.01,2043-03-12 00:00:00,,Yes,Active,,5 - Highly Reliable
ACC-00008584,Queenstown Lakes District Council,Wānaka Airport,Discharge to air,,RM13.073.02,2043-03-12 00:00:00,,Yes,Active,,5 - Highly Reliable
ACC-00008584,Queenstown Lakes District Council,Wānaka WWTP,Discharge to land,,2005.484.V1,2041-09-30 00:00:00,,Yes,Active,,5 - Highly Reliable
ACC-00008584,Queenstown Lakes District Council,Wānaka WWTP,Discharge to air,,2005.485',2041-09-30 00:00:00,,Yes,Active,,5 - Highly Reliable
ACC-00007503,Rangitikei District Council,BUL001,Discharge to water,TO DISCHARGE TREATED SEWAGE WASTE FROM THE BULLS OXIDATION POND TO THE RANGITIKEI RIVER,ATH-1996004798.00,2006-10-07 00:00:00,,Yes,Operating under s124 RMA,,4 - Reliable
ACC-00007503,Rangitikei District Council,HUN001,Other (Please identify in the comments section),"DISCHARGE OF TREATED WASTEWATER FROM THE HUNTERVILLE WASTEWATER TREATMENT PLANT TO THE POREWA STREAM, THE DISCHARGE OF WASTEWATER TO LAND VIA POND SEEPAGE AND THE CONSTRUCTION OF A ROCK OUTFALL STRUCTURE WITHIN THE POREWA STREAM BED (prev 105833, 105834, 105835)",ATH-2014013934.00,2037-06-21 00:00:00,,Yes,Active,,4 - Reliable
ACC-00007503,Rangitikei District Council,MAN001,Discharge to water,THE DISCHARGE OF TREATED SEWAGE EFFLUENT FROM THE MANGAWEKA SEWAGE TREATMENT PLANTS TO THE MANGATERA STREAM AND FROM THERE TO THE RANGITIKEI RIVER,ATH-2004009218.01,2024-03-19 00:00:00,,Yes,Operating under s124 RMA,,4 - Reliable
ACC-00007503,Rangitikei District Council,MAR001,Discharge to water,TO DISCHARGE TREATED EFFLUENT FROM THE MARTON SEWAGE TREATMENT PLANT TO THE TUTAENUI STREAM,ATH-1998003706.00,2019-03-31 00:00:00,,Yes,Operating under s124 RMA,,4 - Reliable
ACC-00007503,Rangitikei District Council,RAT001,Discharge to water,TO DISCHARGE TREATED SEWAGE FROM THE RATANA SEWAGE TREATMENT PLANT INTO AN UNNAMED TRIBUTARY OF THE WAIPU STREAM,ATH-1998003835.00,2018-07-31 00:00:00,,Yes,Operating under s124 RMA,,4 - Reliable
ACC-00007503,Rangitikei District Council,TAI001,Discharge to land,"THE DISCHARGE OF UP TO 1,200 CUBIC METRES PER DAY (1,200 M3/DAY) OF TREATED EFFLUENT TO LAND THAT ENTERS WATER FROM THE TAIHAPE WASTEWATER TREATMENT PLANT SERVICING THE TAIHAPE TOWNSHIP",ATH-2014013572.00,2027-07-01 00:00:00,,Yes,Active,,4 - Reliable
ACC-00008544,Rotorua Lakes Council,WWN-00256,Discharge to air,,RM16-0384-DC.01,2052-07-31 00:00:00,,No,Active,,5 - Highly Reliable
ACC-00008544,Rotorua Lakes Council,WWN-00256,Discharge to land,,RM16-0384-DC.02,2052-07-31 00:00:00,,No,Active,,5 - Highly Reliable
ACC-00008544,Rotorua Lakes Council,WWN-00257,Discharge to land,,60739,2021-07-31 00:00:00,,Yes,Operating under s124 RMA,,5 - Highly Reliable
ACC-00008524,Ruapehu District Council,Hikumutu (Taumarunui) WWTP - 102426,Discharge to water,,,2023-07-01 00:00:00,,Yes,Expired,Consent has been lodged,
ACC-00008524,Ruapehu District Council,Hikumutu (Taumarunui) WWTP - 102427,Discharge to land,,,2023-07-01 00:00:00,,Yes,Expired,Consent has been lodged,
ACC-00008524,Ruapehu District Council,Hikumutu (Taumarunui) WWTP - 102428,Discharge to land,,,2023-07-01 00:00:00,,Yes,Expired,Consent has been lodged,
ACC-00008524,Ruapehu District Council,National Park WWTP - 103403,Discharge to water,,,2015-11-17 00:00:00,,Yes,Operating under s124 RMA,,
ACC-00008524,Ruapehu District Council,National Park WWTP - 106166,Discharge to land,,,2015-11-17 00:00:00,,Yes,Operating under s124 RMA,,
ACC-00008524,Ruapehu District Council,Ohakune WWTP - 101699/1,Land-use consent,,,2015-11-17 00:00:00,,Yes,Operating under s124 RMA,,
ACC-00008524,Ruapehu District Council,Ohakune WWTP - 101700/1,Discharge to water,,,2015-11-17 00:00:00,,Yes,Operating under s124 RMA,,
ACC-00008524,Ruapehu District Council,Ohakune WWTP - 101701/1,Discharge to water,,,2015-11-17 00:00:00,,Yes,Operating under s124 RMA,,
ACC-00008524,Ruapehu District Council,Ohakune WWTP - 101702/1,Discharge to air,,,2015-11-17 00:00:00,,Yes,Operating under s124 RMA,,
ACC-00008524,Ruapehu District Council,Pipiriki - 106225,Discharge to land,,,2035-07-01 00:00:00,,Yes,Active,,
ACC-00008524,Ruapehu District Council,Pipiriki - 106226,Discharge to air,,,2035-07-01 00:00:00,,Yes,Active,,
ACC-00008524,Ruapehu District Council,Raetihi WWTP - 102379,Discharge to water,,,2015-11-17 00:00:00,,Yes,Operating under s124 RMA,,
ACC-00008524,Ruapehu District Council,Raetihi WWTP - 102381,Land-use consent,,,2015-11-17 00:00:00,,Yes,Operating under s124 RMA,,
ACC-00008524,Ruapehu District Council,Raetihi WWTP - 102797,Discharge to land,,,2015-11-17 00:00:00,,Yes,Operating under s124 RMA,,
ACC-00008524,Ruapehu District Council,Rangataua WWTP - 4926,Discharge to water,,,2005-12-20 00:00:00,,Yes,Operating under s124 RMA,,
ACC-00001006,Selwyn District Council,WWN-00264,Discharge to land,To discharge contaminants to land.,CRC073351,2027-10-30 00:00:00,,Yes,Active,,5 - Highly Reliable
ACC-00001006,Selwyn District Council,WWN-00266,Discharge to land,To discharge contaminants to land.,CRC220485,2035-01-26 00:00:00,,No,,In active,5 - Highly Reliable
ACC-00001006,Selwyn District Council,WWN-00266,Land-use consent,To use land for a community wastewater treatment plant,CRC220486,2035-01-26 00:00:00,,Yes,Active,,5 - Highly Reliable
ACC-00001006,Selwyn District Council,WWN-00266,Discharge to air,To discharge contaminants to air.,CRC220736,2035-01-26 00:00:00,,Yes,Active,,5 - Highly Reliable
ACC-00001006,Selwyn District Council,WWN-00266,Discharge to land,To discharge contaminants to land,CRC260431,2035-01-26 00:00:00,,Yes,Active,,5 - Highly Reliable
ACC-00001006,Selwyn District Council,WWN-00267,Discharge to land,"to discharge domestic sewage effluent to ground via a ""Blivot Aerotor"" treatment system and ""RAAM"" irrigation disposal system",CRC00095.2,2035-02-09 00:00:00,,Yes,Active,,5 - Highly Reliable
ACC-00001006,Selwyn District Council,WWN-00268,Other (Please identify in the comments section),"Water permit, to take groundwater",CRC011678,2029-07-28 00:00:00,,Yes,Active,,5 - Highly Reliable
ACC-00001006,Selwyn District Council,WWN-00268,Discharge to air,To discharge contaminant into air from construction and operation,CRC011679.1,2029-07-28 00:00:00,,Yes,Active,,5 - Highly Reliable
ACC-00001006,Selwyn District Council,WWN-00268,Discharge to land,To discharge contaminants into land and groundwater,CRC011680.1,2029-07-28 00:00:00,,Yes,Active,,5 - Highly Reliable
ACC-00001006,Selwyn District Council,WWN-00268,Discharge to water,To discharge up to 120 litres per second of stracted groundwater to Drain,CRC011681.2,2029-07-28 00:00:00,,Yes,Active,,5 - Highly Reliable
ACC-00001006,Selwyn District Council,WWN-00268,Discharge to land,To discharge contaminants in municipal wastewater into land,CRC234371,2029-07-28 00:00:00,,Yes,Active,,5 - Highly Reliable
ACC-00001006,Selwyn District Council,WWN-00268,Discharge to land,To discharge contaminants to land,CRC930165.1,2029-07-28 00:00:00,,Yes,Active,,5 - Highly Reliable
ACC-00001006,Selwyn District Council,WWN-00268,Discharge to air,To discharge contaminants to air.,CRC941475.1,2029-09-07 00:00:00,,Yes,Active,,5 - Highly Reliable
ACC-00001006,Selwyn District Council,WWN-00268,Discharge to land,To discharge to land,CRC941476,2029-09-07 00:00:00,,Yes,Active,,5 - Highly Reliable
ACC-00001006,Selwyn District Council,WWN-00268,Discharge to land,To discharge oxidation poind effluent onto land via border dyke irrigation,CRC950253,2029-07-28 00:00:00,,Yes,Active,,5 - Highly Reliable
ACC-00001006,Selwyn District Council,WWN-00269,Discharge to air,To discharge contaminants to air from the treatment of raw sewage and sludges,CRC040100.1,2038-12-15 00:00:00,,Yes,Active,,5 - Highly Reliable
ACC-00001006,Selwyn District Council,WWN-00269,Land-use consent,To store contaminants.,CRC101111,2045-12-17 00:00:00,,Yes,Active,,5 - Highly Reliable
ACC-00001006,Selwyn District Council,WWN-00269,Discharge to land,To discharge contaminants to land and to air.,CRC153952,2045-12-17 00:00:00,,Yes,Active,,5 - Highly Reliable
ACC-00001006,Selwyn District Council,WWN-00269,Discharge to land,to discharge wastewater via seepage - Allendale Lane,CRC193741,2029-03-19 00:00:00,,Yes,Active,,5 - Highly Reliable
ACC-00001006,Selwyn District Council,WWN-00269,Land-use consent,Allendale Lane,CRC193742,2029-03-19 00:00:00,,Yes,Active,,5 - Highly Reliable
ACC-00001006,Selwyn District Council,WWN-00269,Discharge to land,To discharge operational phase stormwater,CRC194708,2034-07-04 00:00:00,,Yes,Active,,5 - Highly Reliable
ACC-00001006,Selwyn District Council,WWN-00269,Discharge to land,To discharge operational phase stormwater to land,CRC210558,2040-10-01 00:00:00,,Yes,Active,,5 - Highly Reliable
ACC-00001006,Selwyn District Council,WWN-00269,Discharge to land,To discharge contaminants to land.,CRC210644,2038-12-20 00:00:00,,Yes,Active,,5 - Highly Reliable
ACC-00001006,Selwyn District Council,WWN-00269,Discharge to air,To discharge odour to air from wastewater treatment pond- Allendale Ln,CRC235124,2029-03-19 00:00:00,,Yes,Active,,5 - Highly Reliable
ACC-00001006,Selwyn District Council,WWN-00269,Discharge to air,To discharge contaminants to air.,CRC251547,2045-04-07 00:00:00,,No,,Inactive,5 - Highly Reliable
ACC-00001006,Selwyn District Council,WWN-00269,Discharge to land,To discharge operational phase stormwater to land,CRC251548,2040-10-01 00:00:00,,Yes,Active,,5 - Highly Reliable
ACC-00001006,Selwyn District Council,WWN-00269,Land-use consent,To use land for a community wastewater treatment plant,CRC251549,2038-11-20 00:00:00,,Yes,Active,,5 - Highly Reliable
ACC-00001006,Selwyn District Council,WWN-00269,Discharge to air,To discharge contaminantes (incuding odours and aerosols) into air,CRC950311.1,2030-03-31 00:00:00,,Yes,Active,,5 - Highly Reliable
ACC-00001006,Selwyn District Council,WWN-00270,Land-use consent,To undertake works on the banks of Post Officer Creek,CRC012168,2027-07-09 00:00:00,,Yes,Active,,5 - Highly Reliable
ACC-00001006,Selwyn District Council,WWN-00270,Discharge to land,To discharge treated domestic sewage to Post Office creek,CRC012169,2027-07-09 00:00:00,,Yes,Active,,5 - Highly Reliable
ACC-00001006,Selwyn District Council,WWN-00270,Discharge to land,To discharge treated domestic sewage to land,CRC012170.1,2027-07-09 00:00:00,,Yes,Active,,5 - Highly Reliable
ACC-00001006,Selwyn District Council,WWN-00271,Discharge to land,To discharge treated sewerage effluent from a community wastewater treatment system,CRC203804,2029-12-01 00:00:00,,Yes,Active,,5 - Highly Reliable
ACC-00001006,Selwyn District Council,WWN-00271,Land-use consent,To use land for a community wastewater treatment system,CRC203805,2025-12-01 00:00:00,,Yes,Active,,5 - Highly Reliable
ACC-00008521,South Taranaki District Council,WWN-00272,Discharge to water,"To discharge, as a consequence of high rainfall, partially treated wastewater from the Eltham Wastewater Treatment Plant into an unnamed tributary of the Mangawhero Stream in the Waingongoro catchment",R2/7521-1,2027-06-01 00:00:00,,Yes,Active,,5 - Highly Reliable
ACC-00008521,South Taranaki District Council,WWN-00272,Discharge to land,To discharge sludge and other residuals from the Eltham wastewater treatment plant and the Waimate West and Kapuni Water treatment plants onto and into land,R2/7571-1,2029-06-01 00:00:00,,Yes,Active,,5 - Highly Reliable
ACC-00008521,South Taranaki District Council,WWN-00273,Discharge to air,To discharge emissions into the air from desludging and dewatering related activities at the Hawera Wastewater Treatment Plant,R2/10810-1.0,2052-06-01 00:00:00,,Yes,Active,,5 - Highly Reliable
ACC-00008521,South Taranaki District Council,WWN-00273,Coastal permit,"Description: To discharge through a combined marine outfall into the Tasman Sea:
• municipal wastes (including trade wastes, meat processing and dairy industry wastes) from the reticulated sewerage systems in Hawera, Normanby and Eltham; and
• septic tank cleanings and other wastes transported by tanker from within the South Taranaki District;
following treatment in the oxidation ponds at the Hawera Waste Water Treatment Plant",R2/5079-2.0,2052-06-01 00:00:00,,Yes,Active,,5 - Highly Reliable
ACC-00008521,South Taranaki District Council,WWN-00273,Discharge to water,"To discharge, as a consequence of high rainfall, partially treated wastewater from the Hawera Wastewater Treatment Plant into Unnamed Stream 22",R2/7520-1,2027-06-01 00:00:00,,Yes,Active,,5 - Highly Reliable
ACC-00008521,South Taranaki District Council,WWN-00274,Discharge to water,To discharge treated municipal wastewater from the Kaponga Wastewater Treatment Plant into the Kaupokonui Stream,R2/0861-3,2029-06-01 00:00:00,,Yes,Active,,5 - Highly Reliable
ACC-00008521,South Taranaki District Council,WWN-00275,Discharge to water,To discharge treated municipal wastewater from the Manaia Wastewater Treatment Plant into the Unnamed catchment 27,R2/1204-4,2029-06-01 00:00:00,,Yes,Active,,5 - Highly Reliable
ACC-00008521,South Taranaki District Council,WWN-00276,Discharge to land,Discharge to Land and Water - To discharge treated municipal wastewater from the Opunake municipal oxidation pond and wetlands treatment system onto and into land and into Unnamed Stream 34,R2/4248-3.0,2036-06-01 00:00:00,,Yes,Active,,5 - Highly Reliable
ACC-00008521,South Taranaki District Council,WWN-00276,Coastal permit,To occupy the coastal marine area with the Opunake marine outfall structure,R2/4577-4.0,2036-06-01 00:00:00,,Yes,Active,,5 - Highly Reliable
ACC-00008521,South Taranaki District Council,WWN-00277,Coastal permit,To discharge treated municipal wastewater from the Patea Wastewater Treatment Plant into the Coastal Marine Area of the Patea River,R2/0067-3,2028-06-01 00:00:00,,Yes,Active,,5 - Highly Reliable
ACC-00008521,South Taranaki District Council,WWN-00277,Discharge to water,"To discharge untreated wastewater only in emergency situations to the Patea River, within the coastal marine area",R2/0145-2,2028-06-01 00:00:00,,Yes,Active,,5 - Highly Reliable
ACC-00008521,South Taranaki District Council,WWN-00277,Coastal permit,"To erect, place and maintain an oxidation pond discharge structure and an emergency overflow discharge structure as part of the Patea Wastewater Treatment System within the coastal marine area of the Patea River",R2/4576-2,2028-06-01 00:00:00,,Yes,Active,,5 - Highly Reliable
ACC-00008521,South Taranaki District Council,WWN-00278,Discharge to land,To discharge treated domestic wastewater from the Waiinu Beach Waste Water Treatment Plant to land,R2/3769-4.1,2034-06-01 00:00:00,,Yes,Active,,5 - Highly Reliable
ACC-00008521,South Taranaki District Council,WWN-00279,Discharge to water,To discharge treated wastewater from the Waverley Municipal Oxidation Ponds System into an unnamed tributary of the Wairoa Stream,R2/0072-3.3,2022-06-01 00:00:00,,Yes,Operating under s124 RMA,,5 - Highly Reliable
ACC-00008568,South Waikato District Council,WWN-00280,Discharge to land,,140049.01.01,2056-09-01 00:00:00,,Yes,Active,,5 - Highly Reliable
ACC-00008568,South Waikato District Council,WWN-00281,Discharge to water,,140126.01.01,2055-04-30 00:00:00,,Yes,Active,,5 - Highly Reliable
ACC-00008568,South Waikato District Council,WWN-00282,Discharge to water,,140124.01.01,2055-08-10 00:00:00,,Yes,Active,,5 - Highly Reliable
ACC-00008568,South Waikato District Council,WWN-00283,Discharge to water,,140055.01.01,2056-09-01 00:00:00,,Yes,Active,,5 - Highly Reliable
ACC-00001109,South Wairarapa District Council,WWN-00284,Discharge to air,,WAR970080 [20869],2012-08-25 00:00:00,No Comment,Yes,Operating under s124 RMA,No Comment,4 - Reliable
ACC-00001109,South Wairarapa District Council,WWN-00284,Discharge to land,,WAR970080 [23139],2012-08-25 00:00:00,No Comment,Yes,Operating under s124 RMA,No Comment,4 - Reliable
ACC-00001109,South Wairarapa District Council,WWN-00284,Discharge to water,,WAR970080 [30723],2012-08-25 00:00:00,No Comment,Yes,Operating under s124 RMA,No Comment,4 - Reliable
ACC-00001109,South Wairarapa District Council,WWN-00285,Discharge to water,,WAR080254 [26633],2051-02-11 00:00:00,No Comment,Yes,Active,No Comment,4 - Reliable
ACC-00001109,South Wairarapa District Council,WWN-00285,Discharge to land,,WAR080254 [33180],2051-02-11 00:00:00,No Comment,Yes,Active,No Comment,4 - Reliable
ACC-00001109,South Wairarapa District Council,WWN-00285,Discharge to air,,WAR080254 [33181],2051-02-11 00:00:00,No Comment,Yes,Active,No Comment,4 - Reliable
ACC-00001109,South Wairarapa District Council,WWN-00285,Discharge to land,,WAR080254 [33182],2051-02-11 00:00:00,No Comment,Yes,Active,No Comment,4 - Reliable
ACC-00001109,South Wairarapa District Council,WWN-00286,Discharge to water,,WAR040096 [30786],2025-09-30 00:00:00,No Comment,Yes,Active,No Comment,4 - Reliable
ACC-00001109,South Wairarapa District Council,WWN-00286,Discharge to air,,WAR040096 [30787],2025-09-30 00:00:00,No Comment,Yes,Active,No Comment,4 - Reliable
ACC-00001109,South Wairarapa District Council,WWN-00287,Discharge to land,,WAR040096 [30785],2025-09-30 00:00:00,No Comment,Yes,Active,No Comment,4 - Reliable
ACC-00001109,South Wairarapa District Council,WWN-00287,Discharge to water,,WAR120258 [31707],2051-03-15 00:00:00,No Comment,Yes,Active,No Comment,4 - Reliable
ACC-00001109,South Wairarapa District Council,WWN-00287,Discharge to land,,WAR120258 [32044],2051-03-15 00:00:00,No Comment,Yes,Active,No Comment,4 - Reliable
ACC-00001109,South Wairarapa District Council,WWN-00287,Discharge to air,,WAR120258 [32045],2051-03-15 00:00:00,No Comment,Yes,Active,No Comment,4 - Reliable
ACC-00001109,South Wairarapa District Council,WWN-00287,Discharge to land,,WAR120258 [33045],2051-03-15 00:00:00,No Comment,Yes,Active,No Comment,4 - Reliable
ACC-00001119,Southland District Council,WWN-00288,River,,201674,2024-02-02 00:00:00,,Yes,Operating under s124 RMA,,5 - Highly Reliable
ACC-00001119,Southland District Council,WWN-00289,River,,301154,2033-02-21 00:00:00,,Yes,Active,,5 - Highly Reliable
ACC-00001119,Southland District Council,WWN-00290,River,,204630,2023-09-10 00:00:00,,Yes,Operating under s124 RMA,,5 - Highly Reliable
ACC-00001119,Southland District Council,WWN-00291,River,,202712,2029-12-06 00:00:00,,Yes,Active,,5 - Highly Reliable
ACC-00001119,Southland District Council,WWN-00292,Land,,204085,2031-11-20 00:00:00,,Yes,Active,,5 - Highly Reliable
ACC-00001119,Southland District Council,WWN-00293,River,,201812,2024-09-07 00:00:00,,Yes,Operating under s124 RMA,,5 - Highly Reliable
ACC-00001119,Southland District Council,WWN-00294,River,,20147390,2027-07-01 00:00:00,,Yes,Active,,5 - Highly Reliable
ACC-00001119,Southland District Council,WWN-00295,Land,,202648,2024-11-02 00:00:00,,Yes,Operating under s124 RMA,,5 - Highly Reliable
ACC-00001119,Southland District Council,WWN-00296,River,,302704,2030-07-31 00:00:00,,Yes,Active,,5 - Highly Reliable
ACC-00001119,Southland District Council,WWN-00297,Land,,203450,2032-01-16 00:00:00,,Yes,Active,,5 - Highly Reliable
ACC-00001119,Southland District Council,WWN-00298,Land,,20147220-02,2037-04-01 00:00:00,,Yes,Active,,5 - Highly Reliable
ACC-00001119,Southland District Council,WWN-00299,Marine,,20157562,2040-12-01 00:00:00,,Yes,Active,,5 - Highly Reliable
ACC-00001119,Southland District Council,WWN-00300,Land,,202175,2039-08-09 00:00:00,,Yes,Active,,5 - Highly Reliable
ACC-00001119,Southland District Council,WWN-00301,Land,,20191493-01,2044-12-02 00:00:00,,Yes,Active,,5 - Highly Reliable
ACC-00001119,Southland District Council,WWN-00302,Land,,20181129-01,2034-07-05 00:00:00,,Yes,Active,,5 - Highly Reliable
ACC-00001119,Southland District Council,WWN-00303,River,,204083,2031-11-20 00:00:00,,Yes,Active,,5 - Highly Reliable
ACC-00001119,Southland District Council,WWN-00304,River,,,,Discharge to Water-92195 from Allaince Group,Yes,Active,Discharge to Water-92195 from Allaince Group,5 - Highly Reliable
ACC-00001119,Southland District Council,WWN-00305,River,,20223188,2028-12-08 00:00:00,,Yes,Active,,5 - Highly Reliable
ACC-00001119,Southland District Council,WWN-01004,Land,,302635,2039-11-18 00:00:00,,Yes,Active,,5 - Highly Reliable
ACC-00001119,Southland District Council,WWN-01005,Land,,205757,2029-03-30 00:00:00,,Yes,Active,,5 - Highly Reliable
ACC-00008528,Stratford District Council,WWN-00306,Discharge to water,,TRC-0196-5,2034-06-01 00:00:00,,Yes,Active,,4 - Reliable
ACC-00008574,Tararua District Council,WWN-00307,Discharge to water,Dannevirke Discharge to stream,ATH-2003008378.00,2027-12-09 00:00:00,,Yes,Active,,4 - Reliable
ACC-00008574,Tararua District Council,WWN-00307,Discharge to air,Dannevirke discharge to air,ATH-2003008379.00,2027-12-09 00:00:00,,Yes,Active,,4 - Reliable
ACC-00008574,Tararua District Council,WWN-00308,Discharge to water,Eketahuna discharge,ATH-2013010987.01,2028-08-16 00:00:00,,Yes,Active,,4 - Reliable
ACC-00008574,Tararua District Council,WWN-00308,Discharge to air,Eketahuna discharge to air,ATH-2013011395.01,2028-08-16 00:00:00,,Yes,Active,,4 - Reliable
ACC-00008574,Tararua District Council,WWN-00308,Discharge to land,Eketahuna  discharge to wetland,ATH-2015200247.00,2028-08-16 00:00:00,,Yes,Active,,4 - Reliable
ACC-00008574,Tararua District Council,WWN-00308,Land-use consent,Eketahuna wetland Construction Earth works,ATH-2018202078.00,2028-08-16 00:00:00,,Yes,Active,,4 - Reliable
ACC-00008574,Tararua District Council,WWN-00308,Land-use consent,Eketahuna Wetland Outlet Structure Constructure Earth Works,ATH-2018202079.00,2028-08-16 00:00:00,,Yes,Active,,4 - Reliable
ACC-00008574,Tararua District Council,WWN-00308,Land-use consent,Eketahuna Flood Diversion Earthworks,ATH-2018202080.00,2028-08-16 00:00:00,,Yes,Active,,4 - Reliable
ACC-00008574,Tararua District Council,WWN-00308,Discharge to land,Eketahuna discharge,ATH-2018202081.00,2028-08-16 00:00:00,,Yes,Active,,4 - Reliable
ACC-00008574,Tararua District Council,WWN-00309,Discharge to water,Norsewood,ATH-2010009861.01,2018-07-01 00:00:00,,Yes,Operating under s124 RMA,,4 - Reliable
ACC-00008574,Tararua District Council,WWN-00309,Discharge to land,Norsewood,ATH-2016200912.00,2018-07-01 00:00:00,,Yes,Operating under s124 RMA,,4 - Reliable
ACC-00008574,Tararua District Council,WWN-00309,Discharge to air,Norsewood,ATH-2016200913.00,2018-07-01 00:00:00,,Yes,Operating under s124 RMA,,4 - Reliable
ACC-00008574,Tararua District Council,WWN-00309,Land-use consent,Norsewood,ATH-2016200914.00,2018-07-01 00:00:00,,Yes,Operating under s124 RMA,,4 - Reliable
ACC-00008574,Tararua District Council,WWN-00310,Discharge to land,Ormondville,ATH-2009011932.00,2026-07-01 00:00:00,,Yes,Active,,4 - Reliable
ACC-00008574,Tararua District Council,WWN-00310,Discharge to water,Ormondville,ATH-2009011933.00,2026-07-01 00:00:00,,Yes,Active,,4 - Reliable
ACC-00008574,Tararua District Council,WWN-00311,Discharge to water,Pahiatua Discharge,ATH-199501433.02,2033-08-16 00:00:00,,Yes,Active,,4 - Reliable
ACC-00008574,Tararua District Council,WWN-00311,Discharge to land,Pahiatua Disc to land,ATH-2016200747.00,2033-08-16 00:00:00,,Yes,Active,,4 - Reliable
ACC-00008574,Tararua District Council,WWN-00311,Discharge to air,Pahiatua discharge to Air,ATH-2016200772.00,2033-08-16 00:00:00,,Yes,Active,,4 - Reliable
ACC-00008574,Tararua District Council,WWN-00311,Land-use consent,Pahiatua  earthworks,ATH-2017201543.00,2025-11-30 00:00:00,,Yes,Active,,4 - Reliable
ACC-00008574,Tararua District Council,WWN-00311,Discharge to land,Pahiatua Discharge to land,ATH-2017201544.00,2033-08-16 00:00:00,,Yes,Active,,4 - Reliable
ACC-00008574,Tararua District Council,WWN-00311,Land-use consent,Pahiatua Outfall Structure Land Distrurbance and Discharge of Sediment,ATH-2025207822.00,2030-06-24 00:00:00,,Yes,Active,,4 - Reliable
ACC-00008574,Tararua District Council,WWN-00312,Discharge to water,Pongaroa,ATH-2009010468.00,2019-04-30 00:00:00,,Yes,Operating under s124 RMA,,4 - Reliable
ACC-00008574,Tararua District Council,WWN-00313,Discharge to land,Woodville Discharge to Land (Pond & Wetland Seepage),ATH--2018202176.00,2037-12-14 00:00:00,,Yes,Active,,4 - Reliable
ACC-00008574,Tararua District Council,WWN-00313,Discharge to water,Woodville Discharge to Water,ATH-2008008883.03,2037-12-14 00:00:00,,Yes,Active,,4 - Reliable
ACC-00008574,Tararua District Council,WWN-00313,Discharge to air,Woodville Discharge to Air,ATH-2008011313.03,2037-12-14 00:00:00,,Yes,Active,,4 - Reliable
ACC-00008574,Tararua District Council,WWN-00313,Land-use consent,Woodville Earthworks,ATH-2014015265.01,2029-12-14 00:00:00,,Yes,Active,,4 - Reliable
ACC-00008574,Tararua District Council,WWN-00313,Discharge to land,Woodville Discharge to Land,ATH-2021204294.00,2037-12-14 00:00:00,,Yes,Active,,4 - Reliable
ACC-00008530,Tasman District Council,WWN-00314,Discharge to water,Discharge of treated wastewater to water,RM080703,2034-07-01 00:00:00,,Yes,Active,,4 - Reliable
ACC-00008530,Tasman District Council,WWN-00314,Land-use consent,Outlet structure in bed of river,RM080704,2034-07-01 00:00:00,,Yes,Active,,4 - Reliable
ACC-00008530,Tasman District Council,WWN-00314,Discharge to air,Discharge of odour to air including for desludging,RM190490,2034-07-01 00:00:00,,Yes,Active,,4 - Reliable
ACC-00008530,Tasman District Council,WWN-00315,Discharge to water,Discharge of treated wastewater to coastal marine environment,RM141088,2035-10-15 00:00:00,,Yes,Active,,4 - Reliable
ACC-00008530,Tasman District Council,WWN-00315,Discharge to air,Discharge of odour to air including for desludging,RM141091,2035-10-15 00:00:00,,Yes,Active,,4 - Reliable
ACC-00008530,Tasman District Council,WWN-00315,Coastal permit,Coastal occupation and distrubance,RM141092,2035-10-15 00:00:00,,Yes,Active,,4 - Reliable
ACC-00008530,Tasman District Council,WWN-00315,Land-use consent,Earthworks for wetland,RM171013,2100-01-01 00:00:00,Unlimited,Yes,Active,,4 - Reliable
ACC-00008530,Tasman District Council,WWN-00316,Land-use consent,Construction of WWTP,RM050611,2041-06-02 00:00:00,,Yes,Active,,4 - Reliable
ACC-00008530,Tasman District Council,WWN-00316,Discharge to land,Discharge of treated wastewater to land,RM050617V4,2041-06-02 00:00:00,,Yes,Active,,4 - Reliable
ACC-00008530,Tasman District Council,WWN-00316,Discharge to air,Discharge of odour from operation to air,RM050618,2041-06-02 00:00:00,,Yes,Active,,4 - Reliable
ACC-00008530,Tasman District Council,WWN-00316,Discharge to air,Discharge of odour from desludging to air,RM050843,2041-02-04 00:00:00,,Yes,Active,,4 - Reliable
ACC-00008530,Tasman District Council,WWN-00317,Discharge to land,Discharge of treated wastewater to land,RM130179,2038-04-16 00:00:00,,Yes,Active,,4 - Reliable
ACC-00008530,Tasman District Council,WWN-00317,Discharge to air,Discharge of odour to air,RM130180,2038-04-16 00:00:00,,Yes,Active,,4 - Reliable
ACC-00008530,Tasman District Council,WWN-00317,Land-use consent,Land use for the plant and reticulation system,RM130181,2100-01-01 00:00:00,Unlimited,Yes,Active,,4 - Reliable
ACC-00008530,Tasman District Council,WWN-00318,Discharge to air,Discharge of odour from desludging to air,RM071078V1,2042-07-04 00:00:00,,Yes,Active,,4 - Reliable
ACC-00008530,Tasman District Council,WWN-00318,Discharge to land,Discharge of treated wastewater to land,RM080146V2,2038-07-04 00:00:00,,Yes,Active,,4 - Reliable
ACC-00008530,Tasman District Council,WWN-00318,Discharge to air,Discharge of odour to air,RM080166V2,2038-07-04 00:00:00,,Yes,Active,,4 - Reliable
ACC-00008530,Tasman District Council,WWN-00318,Land-use consent,Designation Extension for RIBs,RM100333,2100-01-01 00:00:00,Unlimited,Yes,Active,,4 - Reliable
ACC-00008530,Tasman District Council,WWN-00319,Discharge to land,Discharge of treated wastewater to land,RM050391V4,2042-07-31 00:00:00,,Yes,Active,,4 - Reliable
ACC-00008530,Tasman District Council,WWN-00319,Discharge to air,Discharge of odour to air,RM070634V2,2042-07-31 00:00:00,,Yes,Active,,4 - Reliable
ACC-00008530,Tasman District Council,WWN-00319,Land-use consent,Designation for additional oxidation ponds,RM070699,2100-01-01 00:00:00,Unlimited,Yes,Active,,4 - Reliable
ACC-00008530,Tasman District Council,WWN-00320,Discharge to land,Discharge of treated wastewater to land,NN010258V3,2042-07-11 00:00:00,,Yes,Active,,4 - Reliable
ACC-00008530,Tasman District Council,WWN-00320,Discharge to air,Discharge of odour to air,RM070404,2042-07-11 00:00:00,,Yes,Active,,4 - Reliable
ACC-00001011,Taupo District Council,WWN-00321,Discharge to land,,AUTH122518.01.01,2035-10-25 00:00:00,,Yes,Active,,4 - Reliable
ACC-00001011,Taupo District Council,WWN-00321,Discharge to air,,AUTH122519.01.01,2035-10-25 00:00:00,,Yes,Active,,4 - Reliable
ACC-00001011,Taupo District Council,WWN-00322,Discharge to land,,AUTH145993.01.01,2059-05-14 00:00:00,,Yes,Active,,4 - Reliable
ACC-00001011,Taupo District Council,WWN-00323,Discharge to land,,AUTH113402.01.01,2039-01-31 00:00:00,,Yes,Active,,4 - Reliable
ACC-00001011,Taupo District Council,WWN-00323,Discharge to air,,AUTH113402.02.01,2039-01-31 00:00:00,,Yes,Active,,4 - Reliable
ACC-00001011,Taupo District Council,WWN-00323,Land-use consent,,AUTH113402.03.01,2039-01-31 00:00:00,,Yes,Active,,4 - Reliable
ACC-00001011,Taupo District Council,WWN-00324,Discharge to land,,951023,2016-12-30 00:00:00,,Yes,Expired,Draft conditions issued. Final consent imminent,4 - Reliable
ACC-00001011,Taupo District Council,WWN-00325,Discharge to land,,AUTH122515.01.01,2033-11-12 00:00:00,,Yes,Active,,4 - Reliable
ACC-00001011,Taupo District Council,WWN-00325,Discharge to air,,AUTH122517.02.01,2033-11-12 00:00:00,,Yes,Active,,4 - Reliable
ACC-00001011,Taupo District Council,WWN-00326,Discharge to land,,AUTH135813.01.01,2040-06-30 00:00:00,,Yes,Active,,4 - Reliable
ACC-00001011,Taupo District Council,WWN-00326,Discharge to air,,AUTH135813.02.01,2040-06-30 00:00:00,,Yes,Active,,4 - Reliable
ACC-00001011,Taupo District Council,WWN-00327,Discharge to land,,AUTH135810.01.01,2044-03-31 00:00:00,,Yes,Active,,4 - Reliable
ACC-00001011,Taupo District Council,WWN-00328,Discharge to land,,116596,2032-12-31 00:00:00,,Yes,Active,,4 - Reliable
ACC-00001011,Taupo District Council,WWN-00328,Discharge to air,,121289,2032-12-31 00:00:00,,Yes,Active,,4 - Reliable
ACC-00001011,Taupo District Council,WWN-00328,Discharge to land,,AUTH116596.01.02,2032-12-31 00:00:00,,Yes,Active,,4 - Reliable
ACC-00001011,Taupo District Council,WWN-00328,Discharge to land,,AUTH135630.01.01,2043-04-17 00:00:00,,Yes,Active,,4 - Reliable
ACC-00001011,Taupo District Council,WWN-00328,Land-use consent,,AUTH930618.01.01,2029-12-30 00:00:00,,Yes,Active,,4 - Reliable
ACC-00001011,Taupo District Council,WWN-00329,Discharge to water,,102927,2018-06-23 00:00:00,,Yes,Expired,Consent application onhold for consultation.,4 - Reliable
ACC-00001011,Taupo District Council,WWN-00330,Discharge to land,,APP130354.01.01,2036-05-31 00:00:00,,Yes,Active,,4 - Reliable
ACC-00001011,Taupo District Council,WWN-00331,Discharge to land,,AUTH138347.01.01,2039-01-31 00:00:00,,Yes,Active,,4 - Reliable
ACC-00008507,Tauranga City Council,WWN-00333,Land-use consent,Replace 1.5 km of Wastewater Pipeline -  Wairakei - Santa Cruz Drive and Mandalay Key. Non-complying Activity in TCC Plan,RC15163,,Unlimited - No expiry stated,Yes,Active,,5 - Highly Reliable
ACC-00008507,Tauranga City Council,WWN-00333,Land-use consent,To construct new sewer main and remove vegetation in Greenbelt zone. Activity status not stated.,RC27287,,Unlimited - No expiry stated,Yes,Active,,5 - Highly Reliable
ACC-00008507,Tauranga City Council,WWN-00333,Other (Please identify in the comments section),Te Maunga WWTP - Second Bioreactor - Outline Plan,RC27467,,Unlimited - No expiry stated,Yes,Active,,5 - Highly Reliable
ACC-00008507,Tauranga City Council,WWN-00333,Land-use consent,Te Maunga WWTP to ocean outfall pipeline construction and operation. Activity status not stated,RC27640,,Unlimited - No expiry stated,Yes,Active,,5 - Highly Reliable
ACC-00008507,Tauranga City Council,WWN-00333,Land-use consent,Bethlehem Wastewater Pump Station - New Biofilter. Discretionary Activity in TCC City Plan,RC28536,,Unlimited - No expiry stated,Yes,Active,,5 - Highly Reliable
ACC-00008507,Tauranga City Council,WWN-00333,Land-use consent,Install replacement Wastewater Rising Main and Associate Structures. Discretionary Activity in TCC Plan,RC28857,,Unlimited - No expiry stated,Yes,Active,,5 - Highly Reliable
ACC-00008507,Tauranga City Council,WWN-00333,Coastal permit,Welcome Bay Estuary Sewer Main. Activitry status not stated,RC40210,2030-11-30 00:00:00,,Yes,Active,,5 - Highly Reliable
ACC-00008507,Tauranga City Council,WWN-00333,Land-use consent,Waioraki Stream New Wastewater Pipe Crossing Streams. Ctivity status not stated,RC50898,2032-04-30 00:00:00,,Yes,Active,,5 - Highly Reliable
ACC-00008507,Tauranga City Council,WWN-00333,Land-use consent,Otumanga Stream Wastewater Main. Activity status not stated,RC50980,2032-06-30 00:00:00,,Yes,Active,,5 - Highly Reliable
ACC-00008507,Tauranga City Council,WWN-00333,Land-use consent,Kopurererua Stream Wastewater Pipeline (Waihi Rd Bridge). Discretionary Activity,RC60298,2040-05-31 00:00:00,,Yes,Active,,5 - Highly Reliable
ACC-00008507,Tauranga City Council,WWN-00333,Land-use consent,Sewage Pipe Bridge over the Bed of a Tributary of Tauranga Harbour. Activity status not stated,RC62503.0.01-BC,2039-02-28 00:00:00,,Yes,Active,,5 - Highly Reliable
ACC-00008507,Tauranga City Council,WWN-00333,Land-use consent,Wairakei Stream Wastewater Rising Main (Parton Rd). Activity status not stated,RC62591,2039-03-31 00:00:00,,Yes,Active,,5 - Highly Reliable
ACC-00008507,Tauranga City Council,WWN-00333,Discharge to air,Discharge Odorous Gases Chapel Street WWTP. Discharge Permit to Discharge Odorous Gases,RC62722,2040-04-30 00:00:00,,Yes,Active,,5 - Highly Reliable
ACC-00008507,Tauranga City Council,WWN-00333,Discharge to air,Discharge Odorous Gases Te Maunga WWTP. Discretionary Activity in TCC City Plan,RC62723,2040-04-30 00:00:00,,Yes,Active,,5 - Highly Reliable
ACC-00008507,Tauranga City Council,WWN-00333,Discharge to water,Chapel St and Te Maunga WWTP Wastewater Discharge. Discretionary Activity,RC62878,2040-04-30 00:00:00,,Yes,Active,,5 - Highly Reliable
ACC-00008507,Tauranga City Council,WWN-00333,Discharge to water,Te Maunga WWTP Discharge seepage of treated wastewater into Rangataua Bay. Activity status not stated,RC62881,2040-04-30 00:00:00,,Yes,Active,,5 - Highly Reliable
ACC-00008507,Tauranga City Council,WWN-00333,Wastewater overflows,Chapel Street WWTP Secondary Treated Wastewater Overflow. Restricted Coastal Activity - Discharge to water,RC62882,2040-04-30 00:00:00,,Yes,Active,,5 - Highly Reliable
ACC-00008507,Tauranga City Council,WWN-00333,Coastal permit,Chapel St WWTP Overflow Structure. Coastal Permit,RC62883,2040-04-30 00:00:00,,Yes,Active,,5 - Highly Reliable
ACC-00008507,Tauranga City Council,WWN-00333,Wastewater overflows,Te Maunga WWTP Discharge secondary treated and disinfected wastewater overflow in extreme weather. Activity status not stated - discharge to water,RC62885,2040-04-30 00:00:00,,Yes,Active,,5 - Highly Reliable
ACC-00008507,Tauranga City Council,WWN-00333,Land-use consent,Waioraka Stream Wastewater Pipeline (Owens Park). Discretionary Activity,RC63944,2041-08-31 00:00:00,,Yes,Active,,5 - Highly Reliable
ACC-00008507,Tauranga City Council,WWN-00333,Land-use consent,Kopurererua Stream Wastewater Pipeline (Takitimu Drive). Discretionary Activity,RC64209,2041-10-31 00:00:00,,Yes,Active,,5 - Highly Reliable
ACC-00008507,Tauranga City Council,WWN-00333,Coastal permit,Southern Pipeline Railway Bridge Harbour Crossing Option. Discretionary Activity,RC65151,2045-03-03 00:00:00,,Yes,Active,,5 - Highly Reliable
ACC-00008507,Tauranga City Council,WWN-00333,Coastal permit,Comprehensive - Occupation of Space by Waste Water Infrastructure in Tauranga Harbour. Discretionary Activity,RC65178,2044-07-31 00:00:00,,Yes,Active,,5 - Highly Reliable
ACC-00008507,Tauranga City Council,WWN-00333,Coastal permit,Southern Pipeline Submarine Harbour Crossing Occupation of Space. Discretionary Activity,RC65218,2045-03-03 00:00:00,,Yes,Active,,5 - Highly Reliable
ACC-00008507,Tauranga City Council,WWN-00333,Coastal permit,Kaitemako Stream - Welcome Bay Wastewater Pipeline. Discretionary Activity,RC65607,2044-01-31 00:00:00,,Yes,Active,,5 - Highly Reliable
ACC-00008507,Tauranga City Council,WWN-00333,Land-use consent,Lagoon Place Reserve Wastewater Main. Discretionary Activity,RC66856,2046-10-31 00:00:00,,Yes,Active,,5 - Highly Reliable
ACC-00008507,Tauranga City Council,WWN-00333,Discharge to water,Discharge Fluorescein Dye to Pacific Ocean Outfall. Restricted Discretionary Activity,RC67202,2040-04-30 00:00:00,,Yes,Active,,5 - Highly Reliable
ACC-00008507,Tauranga City Council,WWN-00333,Land-use consent,Ila Park Wastewater Pipeline. Discretionary Activity,RC67683,2048-11-30 00:00:00,,Yes,Active,,5 - Highly Reliable
ACC-00008507,Tauranga City Council,WWN-00333,Coastal permit,Waimapu Estuary Wastewater Rising Main. Discretionary Activity,RC67715,2048-12-31 00:00:00,,Yes,Active,,5 - Highly Reliable
ACC-00008507,Tauranga City Council,WWN-00333,Land-use consent,WWTP - Wastewater Rising Main - Renewal and realignment. Controlled Activity in TCC Plan,RC80050520,,Unlimited - No expiry stated,Yes,Active,,5 - Highly Reliable
ACC-00008507,Tauranga City Council,WWN-00333,Discharge to land,"Te Maunga WWTP -  Bioreactor, flow splitter and clarifier - Temporary discharge of stormwater. Discretionary Activity",RM20-0269-DC.01,2030-06-30 00:00:00,,Yes,Active,,5 - Highly Reliable
ACC-00008507,Tauranga City Council,WWN-00333,Land-use consent,"Te Maunga WWTP -  Bioreactor, flow splitter and clarifier - Earthworks. Discretionary Activity",RM20-0269-LC.01,2030-06-30 00:00:00,,Yes,Active,,5 - Highly Reliable
ACC-00008507,Tauranga City Council,WWN-00333,Water Take,"Te Maunga WWTP -  Bioreactor, flow splitter and clarifier - Groundwater Take for dewatering purposes. Discretionary Activity",RM20-0269-WT.01,2030-06-30 00:00:00,,Yes,Active,,5 - Highly Reliable
ACC-00008507,Tauranga City Council,WWN-00333,Discharge to land,Te Maunga WWTP - Temporarily Discharge Dewatered Groundwater to Land. Discretionary Activity,RM21-0733-DC.01,2030-06-30 00:00:00,,Yes,Active,,5 - Highly Reliable
ACC-00008507,Tauranga City Council,WWN-00333,Discharge to land,"Opal Drive, Papamoa - Temporary Discharge to Land for Replacement of Wastewater Pumping Station. Discretionary Activity",RM23-0179-LC.01,2029-04-30 00:00:00,,Yes,Active,,5 - Highly Reliable
ACC-00008507,Tauranga City Council,WWN-00333,Discharge to land,Disturb Contaminated Land Associated with Opal Drive Wasterwater Pumpstation,RM24-0518,2029-04-30 00:00:00,,Yes,Active,,5 - Highly Reliable
ACC-00008507,Tauranga City Council,WWN-00333,Other (Please identify in the comments section),"River Structure. Undertake bulk earthworks, vegetation clearance and wetland modification to enable the construction of a wastewater pipeline at Merivale and Mansels Road, Gate Pa.",RM24-0534-BC.01,2060-05-01 00:00:00,,Yes,Active,,5 - Highly Reliable
ACC-00008507,Tauranga City Council,WWN-00333,Discharge to water,"Discharge consent to construct a Wastewater Pipeline at Merivale and Mansels Road, Gate Pa",RM24-0534-DC.01,2030-05-01 00:00:00,,Yes,Active,,5 - Highly Reliable
ACC-00008507,Tauranga City Council,WWN-00333,Land-use consent,Land use consent to construct a waste water pipeline at merivale and mansels road,RM24-0534-LC.01,2030-05-01 00:00:00,,Yes,Active,,5 - Highly Reliable
ACC-00008507,Tauranga City Council,WWN-00333,Discharge to land,Opal Drive Wastewater Pump Station - Temporarily Discharge PFAS Contaminated Groundwater to Land,RM24-0583-DC.01,2030-01-31 00:00:00,,Yes,Active,,5 - Highly Reliable
ACC-00008507,Tauranga City Council,WWN-00333,Discharge to land,"Johnson's Reserve, Welcome Bay - Discharge of Sediment Water to Wetland",RM24-0583-DC.01,2030-01-31 00:00:00,,Yes,Active,,5 - Highly Reliable
ACC-00008507,Tauranga City Council,WWN-00333,Water take,Opal Drive Wastewater Pump Station - Temporarily Take Groundwater for Dewatering Contaminated Site,RM24-0583-WT.01,2030-01-31 00:00:00,,Yes,Active,,5 - Highly Reliable
ACC-00008507,Tauranga City Council,WWN-00333,Water take,"Johnson's Reserve, Welcome Bay - Earthworks, Vegetation Clearance and Wetland Modification",RM24-0583-WT.01,2030-01-31 00:00:00,,Yes,Active,,5 - Highly Reliable
ACC-00008507,Tauranga City Council,WWN-00333,Land-use consent,"Earthworks to Replace 55 Metres of Wastewater Pipe at 21A Sharyn Place and 29 Kingswood Road, Brookfield - Permitted Activity",RM25-0067,2028-03-03 00:00:00,,Yes,Active,,5 - Highly Reliable
ACC-00001125,Thames Coromandel District Council,AUTH104282.01.01,Discharge to land,,Land,2021-11-30 00:00:00,,Yes,Operating under s124 RMA,,5 - Highly Reliable
ACC-00001125,Thames Coromandel District Council,AUTH104283.01.01,Discharge to air,,Measure not applicable,2021-11-30 00:00:00,,Yes,Operating under s124 RMA,,5 - Highly Reliable
ACC-00001125,Thames Coromandel District Council,AUTH107866.01.01,Land-use consent,,Measure not applicable,2037-08-09 00:00:00,,Yes,Active,,5 - Highly Reliable
ACC-00001125,Thames Coromandel District Council,AUTH109358.01.01,Discharge to land,,Land,2024-06-01 00:00:00,,Yes,Operating under s124 RMA,,5 - Highly Reliable
ACC-00001125,Thames Coromandel District Council,AUTH110782.01.03,Discharge to land,,Land,2030-11-30 00:00:00,,Yes,Active,,5 - Highly Reliable
ACC-00001125,Thames Coromandel District Council,AUTH114795.01.03,Discharge to land,,Land,2036-12-31 00:00:00,,Yes,Active,,5 - Highly Reliable
ACC-00001125,Thames Coromandel District Council,AUTH114805.01.01,Discharge to air,,Measure not applicable,2036-12-31 00:00:00,,Yes,Active,,5 - Highly Reliable
ACC-00001125,Thames Coromandel District Council,AUTH115331.01.01,Discharge to land,,Land,2026-12-01 00:00:00,,Yes,Active,,5 - Highly Reliable
ACC-00001125,Thames Coromandel District Council,AUTH117774.01.01,Land-use consent,,Measure not applicable,2043-02-11 00:00:00,,Yes,Active,,5 - Highly Reliable
ACC-00001125,Thames Coromandel District Council,AUTH119435.01.01,Discharge to land,Where the seepage may enter the Mapauriki Stream and the Whangapoua Harbour,Land,2020-12-01 00:00:00,,Yes,Operating under s124 RMA,,5 - Highly Reliable
ACC-00001125,Thames Coromandel District Council,AUTH119436.01.01,Land-use consent,,Measure not applicable,2044-05-05 00:00:00,,Yes,Active,,5 - Highly Reliable
ACC-00001125,Thames Coromandel District Council,AUTH119447.01.01,Land-use consent,,Measure not applicable,2044-04-30 00:00:00,,Yes,Active,,5 - Highly Reliable
ACC-00001125,Thames Coromandel District Council,AUTH120045.01.01,Discharge to water,,River,2044-09-17 00:00:00,,Yes,Active,,5 - Highly Reliable
ACC-00001125,Thames Coromandel District Council,AUTH120308.01.01,Discharge to water,,River,2026-12-01 00:00:00,,Yes,Active,,5 - Highly Reliable
ACC-00001125,Thames Coromandel District Council,AUTH121318.01.01,Discharge to water,,River,2041-02-28 00:00:00,,Yes,Active,,5 - Highly Reliable
ACC-00001125,Thames Coromandel District Council,AUTH121319.01.01,Discharge to land,,Land,2041-02-28 00:00:00,,Yes,Active,,5 - Highly Reliable
ACC-00001125,Thames Coromandel District Council,AUTH121320.01.01,Land-use consent,,Measure not applicable,2041-02-28 00:00:00,,Yes,Active,,5 - Highly Reliable
ACC-00001125,Thames Coromandel District Council,AUTH121321.01.01,Discharge to land,And any associated discharge to air,Land,2041-02-28 00:00:00,,Yes,Active,,5 - Highly Reliable
ACC-00001125,Thames Coromandel District Council,AUTH121324.01.01,Discharge to air,,Measure not applicable,2041-02-28 00:00:00,,Yes,Active,,5 - Highly Reliable
ACC-00001125,Thames Coromandel District Council,AUTH123009.01.01,Land-use consent,,Measure not applicable,2026-12-01 00:00:00,,Yes,Active,,5 - Highly Reliable
ACC-00001125,Thames Coromandel District Council,AUTH133053.02.01,Discharge to land,,Land,2034-10-23 00:00:00,,Yes,Active,,5 - Highly Reliable
ACC-00001125,Thames Coromandel District Council,AUTH135636.01.01,Discharge to water,And associated seepage to groundwater from treatment ponds,River,2030-12-15 00:00:00,,Yes,Active,,5 - Highly Reliable
ACC-00001125,Thames Coromandel District Council,AUTH140148.01.02,Discharge to water,And to land via seepage to ground,River,2041-01-31 00:00:00,,Yes,Active,,5 - Highly Reliable
ACC-00001125,Thames Coromandel District Council,AUTH140148.02.01,Coastal permit,,Measure not applicable,2041-01-31 00:00:00,,Yes,Active,,5 - Highly Reliable
ACC-00001125,Thames Coromandel District Council,AUTH140148.03.01,Discharge to air,,Measure not applicable,2041-01-31 00:00:00,,Yes,Active,,5 - Highly Reliable
ACC-00001125,Thames Coromandel District Council,AUTH140561.01.01,Discharge to land,,Land,2051-07-31 00:00:00,,Yes,Active,,5 - Highly Reliable
ACC-00001125,Thames Coromandel District Council,AUTH142856.01.01,Discharge to air,,Measure not applicable,2030-11-30 00:00:00,,Yes,Active,,5 - Highly Reliable
ACC-00001125,Thames Coromandel District Council,AUTH144788.01.01,Land-use consent,,Measure not applicable,Unlimited,"To construct, use and maintain 6 wells for groundwater monitoring",Yes,Active,,3 - Less Reliable
ACC-00001125,Thames Coromandel District Council,AUTH144800.01.01,Land-use consent,,Measure not applicable,Unlimited,"Reinstate, use and maintain 7 piezometers for monitoring",Yes,Active,,3 - Less Reliable
ACC-00008504,Timaru District Council,WWN00345 & WWN00346,Land-use consent,To disturb the bed of six waterways to install a structure.,CRC020334,2036-11-08 00:00:00,,No,Active,Consent is held for allowing the maintenace activites.,5 - Highly Reliable
ACC-00008504,Timaru District Council,WWN00345 & WWN00346,Land-use consent,To place a structure over the bed of the Waihi River; and to disturb vegetation in the bed of the Waihi River.,CRC020625,2036-11-27 00:00:00,,No,Active,Consent is held for allowing the maintenace activites.,5 - Highly Reliable
ACC-00008504,Timaru District Council,WWN00345 & WWN00346,Other (Please identify in the comments section),To divert groundwater and surface water during the construction and operation of the upgraded wastewater treatment plant.,CRC071877,2042-12-13 00:00:00,,No,Active,Consent is held for allowing the maintenace activites.,5 - Highly Reliable
ACC-00008504,Timaru District Council,WWN00345 & WWN00346,Land-use consent,"To use land for the storage of domestic sewage effluent. The contaminants in domestic sewage are known to include organic material, nitrogen, phosphorus, heavy metals and micro-organisms.",CRC072491,2042-12-18 00:00:00,,Yes,Active,,5 - Highly Reliable
ACC-00008504,Timaru District Council,WWN00345 & WWN00346,Land-use consent,"To disturb the bed of the Opihi, Temuka and Waihi Rivers.",CRC091968,2044-02-17 00:00:00,,No,Active,Consent is held for allowing the maintenace activites.,5 - Highly Reliable
ACC-00008504,Timaru District Council,WWN00345 & WWN00346,Coastal permit,To discharge treated wastewater into the coastal marine area from a submarine discharge pipeline outfall.,CRC101831,2024-03-12 00:00:00,,Yes,Expired,"This consent has been replaced by CRC242247 but due to historical Annual reporting trends, sampling is still being recorded against this consent. All 'Actions' (RCA's) are now against CRC242247.",5 - Highly Reliable
ACC-00008504,Timaru District Council,WWN00345 & WWN00346,Coastal permit,"To erect, place and construct a discharge pipeline and outfall structure on the seabed, and occupy and use the coastal marine area with those structures.",CRC101832,2045-11-26 00:00:00,,Yes,Active,,5 - Highly Reliable
ACC-00008504,Timaru District Council,WWN00345 & WWN00346,Other (Please identify in the comments section),To take and use water.,CRC122463,2044-04-06 00:00:00,,Yes,Active,,5 - Highly Reliable
ACC-00008504,Timaru District Council,WWN00345 & WWN00346,Land-use consent,To use land for the storage of treated wastewater.,CRC163114,2044-04-06 00:00:00,,Yes,Active,,5 - Highly Reliable
ACC-00008504,Timaru District Council,WWN00345 & WWN00346,Discharge to land,"Change conditions 3, 5 & 7 of CRC090765; to discharge contaminants to land",CRC163129,2044-04-06 00:00:00,,Yes,Active,,5 - Highly Reliable
ACC-00008504,Timaru District Council,WWN00345 & WWN00346,Land-use consent,To use land for the storage of treated wastewater.,CRC164341,2044-04-06 00:00:00,,Yes,Active,,5 - Highly Reliable
ACC-00008504,Timaru District Council,WWN00345 & WWN00346,Discharge to land,To discharge contaminants to land.,CRC164345,2044-04-06 00:00:00,,Yes,Active,,5 - Highly Reliable
ACC-00008504,Timaru District Council,WWN00345 & WWN00346,Discharge to land,To discharge contaminants to land.,CRC164367,2044-04-06 00:00:00,,Yes,Active,,5 - Highly Reliable
ACC-00008504,Timaru District Council,WWN00345 & WWN00346,Land-use consent,To use land for the storage of treated wastewater.,CRC164387,2044-04-06 00:00:00,,Yes,Active,,5 - Highly Reliable
ACC-00008504,Timaru District Council,WWN00345 & WWN00346,Discharge to air,To change conditions of CRC071875; to discharge contaminants to air.,CRC165726,2042-12-18 00:00:00,,Yes,Active,,5 - Highly Reliable
ACC-00008504,Timaru District Council,WWN00345 & WWN00346,Other (Please identify in the comments section),"To take groundwater at or about map reference K39:715-494, for spray irrigation of up to 1 hectare of land relating to a sewage treatment plant.",CRC183605,2030-04-12 00:00:00,,Yes,Active,,5 - Highly Reliable
ACC-00008504,Timaru District Council,WWN00345 & WWN00346,Other (Please identify in the comments section),To take and use water.,CRC185291,2044-04-06 00:00:00,,Yes,Active,,5 - Highly Reliable
ACC-00008504,Timaru District Council,WWN00345 & WWN00346,Discharge to land,To discharge contaminants to land via seepage from the base and sides of wastewater treatment ponds containing domestic sewage effluent.,CRC242246,2042-12-18 00:00:00,,Yes,Active,"This consent replaces CRC071876, reason: change of reporting timeframe from April to August. All results still currently recorded under previous consent to keep continuity with historical records.",5 - Highly Reliable
ACC-00008504,Timaru District Council,WWN00345 & WWN00346,Coastal permit,To discharge treated wastewater into the coastal marine area from a submarine discharge pipeline outfall.,CRC242247,2045-11-26 00:00:00,,Yes,Active,"This consent replaces CRC101831, reason: Flushing flow time and flowrate increased, but due to historical Annual reporting trends, sampling is still being recorded against this consent. All 'Actions' (RCA's) are now against this consent CRC242247.",5 - Highly Reliable
ACC-00008504,Timaru District Council,WWN00345 & WWN00346,Discharge to air,To discharge contaminants to air,CRC252450,2044-04-06 00:00:00,,Yes,Active,New consent for air discharge from the Pleasant Point oxidation ponds as per Ecan request to get activities up to date with the Canterbury Air Regional Plan,5 - Highly Reliable
ACC-00008504,Timaru District Council,WWN00345 & WWN00346,Land-use consent,"To disturb the bed, erect and reconstruct a dam at or about map reference K39:717-491.",CRC952356,2030-05-31 00:00:00,,No,Active,Consent is held for allowing the maintenace activites.,5 - Highly Reliable
ACC-00008504,Timaru District Council,WWN00345 & WWN00346,Coastal permit,To continually demolish and remove an abandoned sewer outfall and to disturb the foreshore at or about map reference K39:713-484.,CRC971409,2032-01-30 00:00:00,,No,Active,Consent is held for allowing the maintenace activites.,5 - Highly Reliable
ACC-00001016,Waikato District Council,WWN-00347,Discharge to water,Huntly WWTP,119647,2029-03-31 00:00:00,,Yes,Active,,5 - Highly Reliable
ACC-00001016,Waikato District Council,WWN-00347,Discharge to air,Huntly WWTP,119648,2029-03-31 00:00:00,,Yes,Active,,5 - Highly Reliable
ACC-00001016,Waikato District Council,WWN-00347,Land-use consent,Huntly WWTP,119649,2029-03-31 00:00:00,,Yes,Active,,5 - Highly Reliable
ACC-00001016,Waikato District Council,WWN-00347,Discharge to water,Huntly WWTP,119650,2029-03-31 00:00:00,,Yes,Active,,5 - Highly Reliable
ACC-00001016,Waikato District Council,WWN-00347,Discharge to water,Huntly WWTP,119651,2029-03-31 00:00:00,,Yes,Active,,5 - Highly Reliable
ACC-00001016,Waikato District Council,WWN-00348,Discharge to land,Maramarua WWTP,132607.01.01,2039-12-15 00:00:00,,Yes,Active,,5 - Highly Reliable
ACC-00001016,Waikato District Council,WWN-00349,Discharge to land,Matangi WWTP,105551,2021-09-20 00:00:00,,Yes,Operating under s124 RMA,,5 - Highly Reliable
ACC-00001016,Waikato District Council,WWN-00350,Discharge to land,Meremere WWTP,142286.01.01,2055-12-09 00:00:00,,Yes,Active,,5 - Highly Reliable
ACC-00001016,Waikato District Council,WWN-00350,Land-use consent,Meremere WWTP,142286.03.01,2055-12-09 00:00:00,,Yes,Active,,5 - Highly Reliable
ACC-00001016,Waikato District Council,WWN-00351,Discharge to water,Ngaaruawaahia WWTP,119642,2029-03-31 00:00:00,,Yes,Active,,5 - Highly Reliable
ACC-00001016,Waikato District Council,WWN-00351,Discharge to air,Ngaaruawaahia WWTP,119643,2029-03-31 00:00:00,,Yes,Active,,5 - Highly Reliable
ACC-00001016,Waikato District Council,WWN-00351,Discharge to land,Ngaaruawaahia WWTP,119644,2029-03-31 00:00:00,,Yes,Active,,5 - Highly Reliable
ACC-00001016,Waikato District Council,WWN-00351,Land-use consent,Ngaaruawaahia WWTP,119645,2029-03-31 00:00:00,,Yes,Active,,5 - Highly Reliable
ACC-00001016,Waikato District Council,WWN-00351,Discharge to water,Ngaaruawaahia WWTP,119646,2029-03-31 00:00:00,,Yes,Active,,5 - Highly Reliable
ACC-00001016,Waikato District Council,WWN-00352,Land-use consent,Raglan WWTP,971389,2020-02-14 00:00:00,,No,Expired,New WWTP build and seeded in June 2025. New RC pending.,5 - Highly Reliable
ACC-00001016,Waikato District Council,WWN-00352,Discharge to water,Raglan WWTP,971390,2020-02-14 00:00:00,,Yes,Operating under s124 RMA,New WWTP build and seeded in June 2025. New RC pending.,5 - Highly Reliable
ACC-00001016,Waikato District Council,WWN-00352,Coastal permit,Raglan WWTP,971391,2020-02-14 00:00:00,,Yes,Operating under s124 RMA,New WWTP build and seeded in June 2025. New RC pending.,5 - Highly Reliable
ACC-00001016,Waikato District Council,WWN-00352,Discharge to air,Raglan WWTP,971392,2020-02-14 00:00:00,,Yes,Operating under s124 RMA,New WWTP build and seeded in June 2025. New RC pending.,5 - Highly Reliable
ACC-00001016,Waikato District Council,WWN-00353,Discharge to land,Tauwhare WWTP,121024,2035-10-31 00:00:00,,Yes,Active,,5 - Highly Reliable
ACC-00001016,Waikato District Council,WWN-00354,Discharge to water,Te Kauwhata WWTP,117991,2028-04-07 00:00:00,,Yes,Active,,5 - Highly Reliable
ACC-00001016,Waikato District Council,WWN-00354,Discharge to air,Te Kauwhata WWTP,117992,2028-04-07 00:00:00,,Yes,Active,,5 - Highly Reliable
ACC-00001016,Waikato District Council,WWN-00355,Discharge to land,Te Kowhai WWTP,139284.01.01,2033-10-31 00:00:00,,Yes,Active,,5 - Highly Reliable
ACC-00008589,Waimakariri District Council,WWN-00356,Discharge to land,,CRC030917,2038-08-26 00:00:00,,Yes,Active,,5 - Highly Reliable
ACC-00008589,Waimakariri District Council,WWN-00356,Discharge to water,,CRC031724,2039-07-12 00:00:00,,Yes,Active,,5 - Highly Reliable
ACC-00008589,Waimakariri District Council,WWN-00356,Discharge to land,,CRC041049,2030-05-25 00:00:00,,Yes,Active,,5 - Highly Reliable
ACC-00008589,Waimakariri District Council,WWN-00356,Coastal permit,,CRC041162.2,2039-07-12 00:00:00,,Yes,Active,,5 - Highly Reliable
ACC-00008589,Waimakariri District Council,WWN-00356,Discharge to land,,CRC145027,2049-10-22 00:00:00,,Yes,Active,,5 - Highly Reliable
ACC-00008589,Waimakariri District Council,WWN-00356,Discharge to land,,CRC154176,2050-01-30 00:00:00,,Yes,Active,,5 - Highly Reliable
ACC-00008589,Waimakariri District Council,WWN-00356,Discharge to air,,CRC168388,2040-10-28 00:00:00,,Yes,Active,,5 - Highly Reliable
ACC-00008589,Waimakariri District Council,WWN-00356,Discharge to land,,CRC168390,2040-10-28 00:00:00,,Yes,Active,,5 - Highly Reliable
ACC-00008589,Waimakariri District Council,WWN-00356,Discharge to land,,CRC168391,2040-10-28 00:00:00,,Yes,Active,,5 - Highly Reliable
ACC-00008589,Waimakariri District Council,WWN-00356,Discharge to air,,CRC173124,2038-08-26 00:00:00,,Yes,Active,,5 - Highly Reliable
ACC-00008589,Waimakariri District Council,WWN-00356,Discharge to air,,CRC950610,2030-05-25 00:00:00,,Yes,Active,,5 - Highly Reliable
ACC-00008589,Waimakariri District Council,WWN-00356,Discharge to air,,CRC962560,2031-11-14 00:00:00,,Yes,Active,,5 - Highly Reliable
ACC-00008589,Waimakariri District Council,WWN-00357,Land-use consent,,CRC144561,2031-08-08 00:00:00,,Yes,Active,,5 - Highly Reliable
ACC-00008589,Waimakariri District Council,WWN-00357,Discharge to land,,CRC184787,2031-08-08 00:00:00,,Yes,Active,,5 - Highly Reliable
ACC-00008589,Waimakariri District Council,WWN-00357,Discharge to air,,CRC961013,2031-08-08 00:00:00,,Yes,Active,,5 - Highly Reliable
ACC-00001017,Waimate District Council,WWN-00358,Discharge to air,,CRC000168.1,2036-10-10 00:00:00,,Yes,Active,,5 - Highly Reliable
ACC-00001017,Waimate District Council,WWN-00358,Discharge to land,,CRC000169.1,2036-10-10 00:00:00,,Yes,Active,,5 - Highly Reliable
ACC-00001017,Waimate District Council,WWN-00358,Discharge to water,,CRC000170,2036-10-10 00:00:00,,Yes,Active,,5 - Highly Reliable
ACC-00001017,Waimate District Council,WWN-00358,Land-use consent,,CRC243005,2036-10-10 00:00:00,,Yes,Active,,5 - Highly Reliable
ACC-00008578,Waipa District Council,WWN-00359,Discharge to land,,AUTH141113.01.01,2026-12-01 00:00:00,,Yes,Active,,5 - Highly Reliable
ACC-00008578,Waipa District Council,WWN-00359,Discharge to water,,AUTH141113.02.01,2026-12-01 00:00:00,,Yes,Active,,5 - Highly Reliable
ACC-00008578,Waipa District Council,WWN-00359,Discharge to air,,AUTH141113.03.01,2026-12-01 00:00:00,,Yes,Active,,5 - Highly Reliable
ACC-00008578,Waipa District Council,WWN-00359,Land-use consent,,AUTH144058.01.01,,Has no expiry,Yes,Active,,5 - Highly Reliable
ACC-00008578,Waipa District Council,WWN-00359,Discharge to land,Also discharge to water,AUTH145312.01.01,2058-09-26 00:00:00,,Yes,Active,,5 - Highly Reliable
ACC-00008578,Waipa District Council,WWN-00359,Discharge to air,,AUTH145312.02.01,2058-09-26 00:00:00,,Yes,Active,,5 - Highly Reliable
ACC-00008578,Waipa District Council,WWN-00359,Discharge to land,,AUTH145312.03.01,2058-09-26 00:00:00,,Yes,Active,,5 - Highly Reliable
ACC-00008578,Waipa District Council,WWN-00359,Land-use consent,,AUTH145312.04.01,2058-09-26 00:00:00,,Yes,Active,,5 - Highly Reliable
ACC-00008578,Waipa District Council,WWN-00359,Land-use consent,,AUTH145312.05.01,2027-01-01 00:00:00,,Yes,Active,,5 - Highly Reliable
ACC-00008578,Waipa District Council,WWN-00359,Other (Please identify in the comments section),Water Take,AUTH145312.06.01,2027-01-01 00:00:00,,Yes,Active,,5 - Highly Reliable
ACC-00008578,Waipa District Council,WWN-00359,Land-use consent,,AUTH146045.01.01,2043-10-30 00:00:00,,Yes,Active,,5 - Highly Reliable
ACC-00008578,Waipa District Council,WWN-00360,Other (Please identify in the comments section),"Discharges to water, land and air as well as land use",AUTH135108.01.02,2043-06-30 00:00:00,,Yes,Active,,5 - Highly Reliable
ACC-00008578,Waipa District Council,WWN-00360,Land-use consent,,AUTH138311.01.01,2017-11-08 00:00:00,,No,Expired,,5 - Highly Reliable
ACC-00008575,Wairoa District Council,WWN-00361,Discharge to water,Tuai,DP940405Wa,2034-05-31 00:00:00,,Yes,Active,,5 - Highly Reliable
ACC-00008575,Wairoa District Council,WWN-00362,Coastal permit,Wairoa,AUTH-123608-02,2036-11-01 00:00:00,,Yes,Active,,5 - Highly Reliable
ACC-00008575,Wairoa District Council,WWN-00362,Discharge to air,Wairoa,AUTH-123614-02,2036-11-01 00:00:00,,Yes,Active,,5 - Highly Reliable
ACC-00008575,Wairoa District Council,WWN-00362,Wastewater overflows,Wairoa,AUTH-123624-02,2026-11-01 00:00:00,,Yes,Active,,5 - Highly Reliable
ACC-00008575,Wairoa District Council,WWN-00362,Wastewater overflows,Wairoa,AUTH-124094-02,2026-11-01 00:00:00,,Yes,Active,,5 - Highly Reliable
ACC-00008575,Wairoa District Council,WWN-00362,Wastewater overflows,Wairoa,AUTH-124095-02,2036-11-01 00:00:00,,Yes,Active,,5 - Highly Reliable
ACC-00008575,Wairoa District Council,WWN-01002,Discharge to air,Mahia,AUTH-118700-01,2036-04-20 00:00:00,,Yes,Active,,5 - Highly Reliable
ACC-00008575,Wairoa District Council,WWN-01002,Discharge to land,Mahia,AUTH-118701-04,2036-04-20 00:00:00,,Yes,Active,,5 - Highly Reliable
ACC-00008575,Wairoa District Council,WWN-01003,Discharge to land,Opoutama,AUTH-118685-03,2035-05-21 00:00:00,,Yes,Active,,5 - Highly Reliable
ACC-00008575,Wairoa District Council,WWN-01003,Discharge to air,Opoutama,AUTH-118687-03,2035-05-21 00:00:00,,Yes,Active,,5 - Highly Reliable
ACC-00008499,Waitaki District Council,WWN-00364,Discharge to land,Kurow,CRC062249,2030-05-31 00:00:00,,Yes,Active,,5 - Highly Reliable
ACC-00008499,Waitaki District Council,WWN-00365,Discharge to land,Lake Ohau,CRC000426,2034-11-02 00:00:00,,Yes,Active,,5 - Highly Reliable
ACC-00008499,Waitaki District Council,WWN-00366,Discharge to air,Moeraki,RM16.008.01,2053-01-20 00:00:00,,Yes,Active,,5 - Highly Reliable
ACC-00008499,Waitaki District Council,WWN-00366,Discharge to land,Moeraki,RM16.008.02 V1,2053-01-20 00:00:00,,Yes,Active,,5 - Highly Reliable
ACC-00008499,Waitaki District Council,WWN-00369,Discharge to land,Oamaru,2002-655,2038-04-30 00:00:00,,Yes,Active,Abatement notice issued,5 - Highly Reliable
ACC-00008499,Waitaki District Council,WWN-00369,Discharge to land,Oamaru,2002-656,2038-04-30 00:00:00,,Yes,Active,Abatement notice issued,5 - Highly Reliable
ACC-00008499,Waitaki District Council,WWN-00369,Discharge to land,Oamaru,2002-704,2038-04-30 00:00:00,,Yes,Active,Abatement notice issued,5 - Highly Reliable
ACC-00008499,Waitaki District Council,WWN-00369,Discharge to air,Oamaru,2004-163,2028-04-01 00:00:00,,Yes,Active,,5 - Highly Reliable
ACC-00008499,Waitaki District Council,WWN-00370,Discharge to land,Omarama,CRC200183,2044-12-04 00:00:00,,Yes,Active,,5 - Highly Reliable
ACC-00008499,Waitaki District Council,WWN-00371,Discharge to land,Otematata,CRC012181,2038-06-02 00:00:00,,Yes,Active,,5 - Highly Reliable
ACC-00008499,Waitaki District Council,WWN-00371,Discharge to land,Otematata,CRC094041,2044-12-06 00:00:00,,Yes,Active,,5 - Highly Reliable
ACC-00008499,Waitaki District Council,WWN-00372,Discharge to land,Palmerston,RM11.096.01.V2,2046-03-23 00:00:00,,Yes,Active,Abatement notice issued,5 - Highly Reliable
ACC-00008576,Waitomo District Council,WWN-00373,Other (Please identify in the comments section),Discharge to Water and Land,AUTH118813.01.01,2025-05-11 00:00:00,,Yes,Operating under s124 RMA,,5 - Highly Reliable
ACC-00008576,Waitomo District Council,WWN-00374,Discharge to water,,AUTH117290.01.01,2028-06-30 00:00:00,,Yes,Active,,5 - Highly Reliable
ACC-00008576,Waitomo District Council,WWN-00375,Discharge to water,,AUTH112639.01.01,2039-12-18 00:00:00,,Yes,Active,,5 - Highly Reliable
ACC-00008576,Waitomo District Council,WWN-00375,Other (Please identify in the comments section),Consttuct an outfall structure in Mangaokewa Stream,AUTH112641.02.01,2040-01-30 00:00:00,,Yes,Active,,5 - Highly Reliable
ACC-00008576,Waitomo District Council,WWN-00375,Discharge to land,,AUTH120048.01.01,2039-12-18 00:00:00,,Yes,Active,,5 - Highly Reliable
ACC-00008576,Waitomo District Council,WWN-00375,Discharge to air,,AUTH120051.01.01,2039-12-18 00:00:00,,Yes,Active,,5 - Highly Reliable
ACC-00008576,Waitomo District Council,WWN-00376,Discharge to land,,AUTH138063.01.01,2042-07-31 00:00:00,,Yes,Active,,5 - Highly Reliable
ACC-00001216,Watercare,WWN-00377,Other (Please identify in the comments section),Diversion of Water,27788,2038-04-15 00:00:00,,Yes,Active,,
ACC-00001216,Watercare,WWN-00377,Coastal permit,,42131 / CST60263085,2048-09-28 00:00:00,,Yes,Active,,
ACC-00001216,Watercare,WWN-00377,Coastal permit,,9610818 / 20758 / CST60261056,2031-09-30 00:00:00,,Yes,Active,,
ACC-00001216,Watercare,WWN-00377,Discharge to air,,H/8782,2028-05-01 00:00:00,,Yes,Active,,
ACC-00001216,Watercare,WWN-00377,Discharge to land,,R/REG/2013/3763 / DIS60083293,2049-05-06 00:00:00,,Yes,Active,,
ACC-00001216,Watercare,WWN-00377,Coastal permit,,R/REG/2013/3764  /  CST60083186,2049-05-06 00:00:00,,Yes,Active,,
ACC-00001216,Watercare,WWN-00377,Other (Please identify in the comments section),Vegetation,TRE60318741,2039-01-08 00:00:00,,Yes,Active,,
ACC-00001216,Watercare,WWN-00378,Discharge to water,,26875 / DIS60263339,2025-12-31 00:00:00,,Yes,Active,,
ACC-00001216,Watercare,WWN-00378,Discharge to air,,26876 / DIS60263353,2026-12-31 00:00:00,,Yes,Active,,
ACC-00001216,Watercare,WWN-00378,Other (Please identify in the comments section),Stormwater,33614 / DIS60266874,2041-12-31 00:00:00,,Yes,Active,,
ACC-00001216,Watercare,WWN-00378,Discharge to land,,R/REG/2013/3763 / DIS60083293,2049-05-06 00:00:00,,Yes,Active,,
ACC-00001216,Watercare,WWN-00378,Coastal permit,,R/REG/2013/3764  /  CST60083186,2049-05-06 00:00:00,,Yes,Active,,
ACC-00001216,Watercare,WWN-00378,Other (Please identify in the comments section),Vegetation,TRE60318741,2039-01-08 00:00:00,,Yes,Active,,
ACC-00001216,Watercare,WWN-00379,Discharge to land,,R/REG/2014/2424 / DIS60083096,2029-09-30 00:00:00,,Yes,Active,,
ACC-00001216,Watercare,WWN-00379,Other (Please identify in the comments section),Vegetation,TRE60318741,2039-01-08 00:00:00,,Yes,Active,,
ACC-00001216,Watercare,WWN-00380,Coastal permit,,38119 / CST60263091,2041-06-30 00:00:00,,Yes,Active,,
ACC-00001216,Watercare,WWN-00380,Coastal permit,,CST60082302,2053-06-26 00:00:00,,Yes,Active,,
ACC-00001216,Watercare,WWN-00380,Coastal permit,,CST60082600,2053-06-27 00:00:00,,Yes,Active,,
ACC-00001216,Watercare,WWN-00380,Discharge to land,,R/REG/2013/3763 / DIS60083293,2049-05-06 00:00:00,,Yes,Active,,
ACC-00001216,Watercare,WWN-00380,Coastal permit,,R/REG/2013/3764  /  CST60083186,2049-05-06 00:00:00,,Yes,Active,,
ACC-00001216,Watercare,WWN-00380,Coastal permit,,R/REG/2015/4227-A / CST60083001-A,2027-03-22 00:00:00,,Yes,Active,,
ACC-00001216,Watercare,WWN-00380,Discharge to land,,R/REG/2015/4228-A / DIS60084111-A,2027-03-22 00:00:00,,Yes,Active,,
ACC-00001216,Watercare,WWN-00380,Discharge to air,,R/REG/2017/844-A / DIS60084200-A,2027-07-09 00:00:00,,Yes,Active,,
ACC-00001216,Watercare,WWN-00380,Other (Please identify in the comments section),Vegetation,TRE60318741,2039-01-08 00:00:00,,Yes,Active,,
ACC-00001216,Watercare,WWN-00381,Discharge to land,,REG-65084 / DIS60048047,2037-07-19 00:00:00,,Yes,Active,,
ACC-00001216,Watercare,WWN-00381,Other (Please identify in the comments section),Vegetation,TRE60318741,2039-01-08 00:00:00,,Yes,Active,,
ACC-00001216,Watercare,WWN-00382,Discharge to water,,22225 / DIS60265455,2027-11-05 00:00:00,,Yes,Active,,
ACC-00001216,Watercare,WWN-00382,Discharge to air,,37541 / DIS60266186,2027-11-05 00:00:00,,Yes,Active,,
ACC-00001216,Watercare,WWN-00382,Discharge to land,,R/REG/2013/3763 / DIS60083293,2049-05-06 00:00:00,,Yes,Active,,
ACC-00001216,Watercare,WWN-00382,Discharge to water,,REG-63613 / DIS60047640,2049-06-17 00:00:00,,Yes,Active,,
ACC-00001216,Watercare,WWN-00382,Discharge to water,,REG-63614 / DIS60047654,2049-06-17 00:00:00,,Yes,Active,,
ACC-00001216,Watercare,WWN-00382,Other (Please identify in the comments section),Vegetation,TRE60318741,2039-01-08 00:00:00,,Yes,Active,,
ACC-00001216,Watercare,WWN-00383,Discharge to air,,30829 / DIS60265275,2042-12-31 00:00:00,,Yes,Active,,
ACC-00001216,Watercare,WWN-00383,Other (Please identify in the comments section),Stormwater,30830  / DIS60262712,2042-12-31 00:00:00,,Yes,Active,,
ACC-00001216,Watercare,WWN-00383,Discharge to land,,30833 / 42098 / DIS60262735,2042-12-31 00:00:00,,Yes,Active,,
ACC-00001216,Watercare,WWN-00383,Discharge to water,,31272 / DIS60264767,2042-12-31 00:00:00,,Yes,Active,,
ACC-00001216,Watercare,WWN-00383,Land-use consent,,32988,2042-12-20 00:00:00,,Yes,Active,,
ACC-00001216,Watercare,WWN-00383,Discharge to water,,33143 / DIS60266313,2027-12-31 00:00:00,,Yes,Active,,
ACC-00001216,Watercare,WWN-00383,Coastal permit,,41667 / CST60263128,2044-06-30 00:00:00,,Yes,Active,,
ACC-00001216,Watercare,WWN-00383,Other (Please identify in the comments section),Vegetation,TRE60318741,2039-01-08 00:00:00,,Yes,Active,,
ACC-00001216,Watercare,WWN-00384,Discharge to air,,DIS60401927,2032-12-31 00:00:00,,Yes,Active,,
ACC-00001216,Watercare,WWN-00384,Discharge to water,,DIS60401948,2032-12-31 00:00:00,,Yes,Active,,
ACC-00001216,Watercare,WWN-00384,Discharge to land,,R/REG/2013/3763 / DIS60083293,2049-05-06 00:00:00,,Yes,Active,,
ACC-00001216,Watercare,WWN-00384,Coastal permit,,R/REG/2013/3764  /  CST60083186,2049-05-06 00:00:00,,Yes,Active,,
ACC-00001216,Watercare,WWN-00384,Other (Please identify in the comments section),Vegetation,TRE60318741,2039-01-08 00:00:00,,Yes,Active,,
ACC-00001216,Watercare,WWN-00385,Coastal permit,,16022 / CST60260494,2032-01-08 00:00:00,,Yes,Active,,
ACC-00001216,Watercare,WWN-00385,Coastal permit,,16186 / CST60260537,2032-08-29 00:00:00,,Yes,Active,,
ACC-00001216,Watercare,WWN-00385,Other (Please identify in the comments section),Works in a Watercourse,24823 / LUS60273584,2035-02-28 00:00:00,,Yes,Active,,
ACC-00001216,Watercare,WWN-00385,Coastal permit,,25163 / CST60260857,2036-05-30 00:00:00,,Yes,Active,,
ACC-00001216,Watercare,WWN-00385,Coastal permit,,26412 / CST60261190,2037-03-30 00:00:00,,Yes,Active,,
ACC-00001216,Watercare,WWN-00385,Coastal permit,,26786 / CST60260325,2026-12-31 00:00:00,,Yes,Active,,
ACC-00001216,Watercare,WWN-00385,Other (Please identify in the comments section),Works in a Watercourse,27272,2038-12-19 00:00:00,,Yes,Active,,
ACC-00001216,Watercare,WWN-00385,Coastal permit,,27805 / CST60261682,2038-07-30 00:00:00,,Yes,Active,,
ACC-00001216,Watercare,WWN-00385,Coastal permit,,27807 / CST60260902,2038-07-30 00:00:00,,Yes,Active,,
ACC-00001216,Watercare,WWN-00385,Coastal permit,,28750 / CST60260963,2039-12-31 00:00:00,,Yes,Active,,
ACC-00001216,Watercare,WWN-00385,Coastal permit,,29007 / CST60261805,2042-02-16 00:00:00,,Yes,Active,,
ACC-00001216,Watercare,WWN-00385,Discharge to air,,29011 / DIS60263354,2042-01-02 00:00:00,,Yes,Active,,
ACC-00001216,Watercare,WWN-00385,Discharge to water,,29012 / DIS60264024,2042-01-02 00:00:00,,Yes,Active,,
ACC-00001216,Watercare,WWN-00385,Coastal permit,,29018 / CST60261956,2042-02-16 00:00:00,,Yes,Active,,
ACC-00001216,Watercare,WWN-00385,Discharge to air,,29020 / DIS60264095,2042-02-16 00:00:00,,Yes,Active,,
ACC-00001216,Watercare,WWN-00385,Discharge to water,,29021 / DIS60264164,2042-02-16 00:00:00,,Yes,Active,,
ACC-00001216,Watercare,WWN-00385,Discharge to air,,29031 / DIS60264863,2042-02-16 00:00:00,,Yes,Active,,
ACC-00001216,Watercare,WWN-00385,Coastal permit,,29039 / CST60261275,2042-02-16 00:00:00,,Yes,Active,,
ACC-00001216,Watercare,WWN-00385,Coastal permit,,30083 / CST80294146 / 26682,2032-12-31 00:00:00,,Yes,Active,,
ACC-00001216,Watercare,WWN-00385,Coastal permit,,30358,2043-12-31 00:00:00,,Yes,Active,,
ACC-00001216,Watercare,WWN-00385,Other (Please identify in the comments section),Works in a Watercourse,30575 / LUS60273369,2039-12-31 00:00:00,,Yes,Active,,
ACC-00001216,Watercare,WWN-00385,Discharge to land,,31584 / DIS80299843,2039-09-08 00:00:00,,Yes,Active,,
ACC-00001216,Watercare,WWN-00385,Coastal permit,,32782 / CST60262104,2041-01-10 00:00:00,,Yes,Active,,
ACC-00001216,Watercare,WWN-00385,Other (Please identify in the comments section),Earthworks,32908,2032-04-30 00:00:00,,No,,Inactive,
ACC-00001216,Watercare,WWN-00385,Coastal permit,,32933 / CST60261897,2041-08-31 00:00:00,,Yes,Active,,
ACC-00001216,Watercare,WWN-00385,Coastal permit,,33159 / CST60262796,2041-01-10 00:00:00,,Yes,Active,,
ACC-00001216,Watercare,WWN-00385,Coastal permit,,33161 / CST60262046,2042-01-31 00:00:00,,Yes,Active,,
ACC-00001216,Watercare,WWN-00385,Discharge to land,,33167 / 14821 / DIS60263596,2032-12-31 00:00:00,,Yes,Active,,
ACC-00001216,Watercare,WWN-00385,Coastal permit,,33541 / CST60261750,2042-12-31 00:00:00,,Yes,Active,,
ACC-00001216,Watercare,WWN-00385,Coastal permit,,33816 / CST60261744,2042-02-28 00:00:00,,Yes,Active,,
ACC-00001216,Watercare,WWN-00385,Coastal permit,,35914 / CST60260993,2042-02-16 00:00:00,,Yes,Active,,
ACC-00001216,Watercare,WWN-00385,Coastal permit,,35915 / 29707 / CST60261903,2043-07-21 00:00:00,,Yes,Active,,
ACC-00001216,Watercare,WWN-00385,Coastal permit,,37704 / CST60263007,2041-06-30 00:00:00,,Yes,Active,,
ACC-00001216,Watercare,WWN-00385,Coastal permit,,37766 / CST80295357,2043-06-30 00:00:00,,Yes,Active,,
ACC-00001216,Watercare,WWN-00385,Coastal permit,,37961 / CST60262363,2042-06-30 00:00:00,,Yes,Active,,
ACC-00001216,Watercare,WWN-00385,Coastal permit,,38276 / CST60262824,2044-06-30 00:00:00,,Yes,Active,,
ACC-00001216,Watercare,WWN-00385,Other (Please identify in the comments section),Diversion of Water,38654 / DIS60266395,2045-10-30 00:00:00,,Yes,Active,,
ACC-00001216,Watercare,WWN-00385,Discharge to air,,38987 / DIS60268127,2046-03-31 00:00:00,,Yes,Active,,
ACC-00001216,Watercare,WWN-00385,Discharge to land,,39084 / DIS60267283,2047-05-30 00:00:00,,Yes,Active,,
ACC-00001216,Watercare,WWN-00385,Discharge to water,,39087 / DIS60267345,2047-05-15 00:00:00,,Yes,Active,,
ACC-00001216,Watercare,WWN-00385,Coastal permit,,39929 / CST60262930,2046-06-30 00:00:00,,Yes,Active,,
ACC-00001216,Watercare,WWN-00385,Coastal permit,,40144,2027-03-04 00:00:00,,No,,Inactive,
ACC-00001216,Watercare,WWN-00385,Coastal permit,,40622,2047-08-31 00:00:00,,Yes,Active,,
ACC-00001216,Watercare,WWN-00385,Coastal permit,,40718 / CST60262548,2048-03-31 00:00:00,,Yes,Active,,
ACC-00001216,Watercare,WWN-00385,Coastal permit,,40850 / DIS60266760,2050-09-30 00:00:00,,Yes,Active,,
ACC-00001216,Watercare,WWN-00385,Discharge to air,,41392 / DIS80297026,2032-12-31 00:00:00,,Yes,Active,,
ACC-00001216,Watercare,WWN-00385,Coastal permit,,41528,2048-04-06 00:00:00,,Yes,Active,,
ACC-00001216,Watercare,WWN-00385,Land-use consent,,47059,2050-12-06 00:00:00,,No,,Inactive,
ACC-00001216,Watercare,WWN-00385,Other (Please identify in the comments section),Vegetation,52006 / TRE60293614,2052-12-04 00:00:00,,No,Expired,,
ACC-00001216,Watercare,WWN-00385,Coastal permit,,8414 / CST60263074,2027-01-03 00:00:00,,Yes,Active,,
ACC-00001216,Watercare,WWN-00385,Other (Please identify in the comments section),Notice of Requirement,9571,2054-09-10 00:00:00,,Yes,Active,,
ACC-00001216,Watercare,WWN-00385,Discharge to water,,9610854 / DIS60263635,2032-12-31 00:00:00,,Yes,Active,,
ACC-00001216,Watercare,WWN-00385,Other (Please identify in the comments section),Diversion of Groundwater,9610857,2032-12-31 00:00:00,,Yes,Active,,
ACC-00001216,Watercare,WWN-00385,Discharge to land,,9610859,2032-01-01 00:00:00,,Yes,Active,,
ACC-00001216,Watercare,WWN-00385,Coastal permit,,CST60342346,2054-10-15 00:00:00,,Yes,Active,,
ACC-00001216,Watercare,WWN-00385,Other (Please identify in the comments section),Discharge Other,DIS60323547,2053-12-30 00:00:00,,Yes,Active,,
ACC-00001216,Watercare,WWN-00385,Other (Please identify in the comments section),Stormwater,DIS60333877,2044-05-16 00:00:00,,Yes,Active,,
ACC-00001216,Watercare,WWN-00385,Discharge to air,,DIS60338392,2054-10-09 00:00:00,,Yes,Active,,
ACC-00001216,Watercare,WWN-00385,Land-use consent,,H10200 / CST60260440,2030-06-06 00:00:00,,Yes,Active,,
ACC-00001216,Watercare,WWN-00385,Land-use consent,,H10201 / 13608 / CST60261386,2030-06-06 00:00:00,,Yes,Active,,
ACC-00001216,Watercare,WWN-00385,Land-use consent,,H10202 / 13610 / CST60261416,2030-12-06 00:00:00,,Yes,Active,,
ACC-00001216,Watercare,WWN-00385,Land-use consent,,H10203 / CST60261445,2030-06-06 00:00:00,,Yes,Active,,
ACC-00001216,Watercare,WWN-00385,Land-use consent,,LUC-2014-2069 / LUC60018053,2050-07-31 00:00:00,,Yes,Active,,
ACC-00001216,Watercare,WWN-00385,Land-use consent,,LUC41947,2048-05-23 00:00:00,,Yes,Active,,
ACC-00001216,Watercare,WWN-00385,Other (Please identify in the comments section),Works in a Watercourse,LUS60319077,2053-08-16 00:00:00,,Yes,Active,,
ACC-00001216,Watercare,WWN-00385,Other (Please identify in the comments section),Works in a Watercourse,LUS60324341,2053-09-10 00:00:00,,Yes,Active,,
ACC-00001216,Watercare,WWN-00385,Other (Please identify in the comments section),Works in a Watercourse,LUS60335870,2054-07-25 00:00:00,,Yes,Active,,
ACC-00001216,Watercare,WWN-00385,Discharge to land,,R/REG/2013/3763 / DIS60083293,2049-05-06 00:00:00,,Yes,Active,,
ACC-00001216,Watercare,WWN-00385,Coastal permit,,R/REG/2013/3764  /  CST60083186,2049-05-06 00:00:00,,Yes,Active,,
ACC-00001216,Watercare,WWN-00385,Land-use consent,,RLUC-2009-1649 / LUC60012383,2044-10-16 00:00:00,,Yes,Active,,
ACC-00001216,Watercare,WWN-00385,Land-use consent,,RLUC2013629 / WC_LUC-2014-395/ OPW60055426,2048-05-07 00:00:00,,Yes,Active,,
ACC-00001216,Watercare,WWN-00385,Other (Please identify in the comments section),Vegetation,TRE60318741,2039-01-08 00:00:00,,Yes,Active,,
ACC-00001216,Watercare,WWN-00385,Other (Please identify in the comments section),Diversion of Groundwater,WAT60334954,2054-09-10 00:00:00,,Yes,Active,,
ACC-00001216,Watercare,WWN-00385,Other (Please identify in the comments section),Water Take,WAT60392083,2052-06-30 00:00:00,,Yes,Active,,
ACC-00001216,Watercare,WWN-00386,Discharge to land,,DIS60050490,2052-03-20 00:00:00,,Yes,Active,,
ACC-00001216,Watercare,WWN-00386,Discharge to air,,DIS60050574 / REG-67921,2052-03-20 00:00:00,,Yes,Active,,
ACC-00001216,Watercare,WWN-00386,Discharge to land,,DIS60050606 / REG-67923,2052-03-20 00:00:00,,Yes,Active,,
ACC-00001216,Watercare,WWN-00386,Land-use consent,,LAN-67924 / LUC60012037,2099-12-31 00:00:00,,Yes,Active,,
ACC-00001216,Watercare,WWN-00386,Discharge to land,,R/REG/2013/3763 / DIS60083293,2049-05-06 00:00:00,,Yes,Active,,
ACC-00001216,Watercare,WWN-00386,Coastal permit,,R/REG/2013/3764  /  CST60083186,2049-05-06 00:00:00,,Yes,Active,,
ACC-00001216,Watercare,WWN-00386,Other (Please identify in the comments section),Dam,REG-67339 / WAT60052039,2051-06-22 00:00:00,,Yes,Active,,
ACC-00001216,Watercare,WWN-00386,Other (Please identify in the comments section),Vegetation,TRE60318741,2039-01-08 00:00:00,,Yes,Active,,
ACC-00001216,Watercare,WWN-00387,Discharge to water,,37282 / DIS60263346,2027-12-31 00:00:00,,Yes,Active,,
ACC-00001216,Watercare,WWN-00387,Discharge to air,,DIS60341182,2054-08-21 00:00:00,,Yes,Active,,
ACC-00001216,Watercare,WWN-00387,Discharge to land,,R/REG/2013/3763 / DIS60083293,2049-05-06 00:00:00,,Yes,Active,,
ACC-00001216,Watercare,WWN-00387,Coastal permit,,R/REG/2013/3764  /  CST60083186,2049-05-06 00:00:00,,Yes,Active,,
ACC-00001216,Watercare,WWN-00387,Other (Please identify in the comments section),Vegetation,TRE60318741,2039-01-08 00:00:00,,Yes,Active,,
ACC-00001216,Watercare,WWN-00388,Land-use consent,,111540,2039-10-30 00:00:00,,Yes,Active,,
ACC-00001216,Watercare,WWN-00388,Land-use consent,,940307,2029-01-07 00:00:00,,Yes,Active,,
ACC-00001216,Watercare,WWN-00388,Land-use consent,,AUTH136310.01.01,2051-01-27 00:00:00,,Yes,Active,,
ACC-00001216,Watercare,WWN-00388,Discharge to water,,AUTH137406.01.02,2052-10-26 00:00:00,,Yes,Active,,
ACC-00001216,Watercare,WWN-00388,Land-use consent,,AUTH139710.01.01,2053-05-12 00:00:00,,Yes,Active,,
ACC-00001216,Watercare,WWN-00388,Other (Please identify in the comments section),Stormwater,AUTH140653.01.01,2071-06-30 00:00:00,,Yes,Active,,
ACC-00001216,Watercare,WWN-00388,Land-use consent,,R/LUC/2015/4259 / LUC60137118,2051-01-25 00:00:00,,Yes,Active,,
ACC-00001216,Watercare,WWN-00388,Discharge to land,,R/REG/2013/3763 / DIS60083293,2049-05-06 00:00:00,,Yes,Active,,
ACC-00001216,Watercare,WWN-00388,Other (Please identify in the comments section),Stormwater,R/REG/2015/4262 / DIS60084046,2051-01-25 00:00:00,,Yes,Active,,
ACC-00001216,Watercare,WWN-00388,Other (Please identify in the comments section),Diversion of Groundwater,R/REG/2015/4271 / WAT60151160,2051-01-25 00:00:00,,Yes,Active,,
ACC-00001216,Watercare,WWN-00388,Other (Please identify in the comments section),Vegetation,TRE60318741,2039-01-08 00:00:00,,Yes,Active,,
ACC-00001216,Watercare,WWN-00389,Coastal permit,,23793 / CST60260815,2037-09-23 00:00:00,,Yes,Active,,
ACC-00001216,Watercare,WWN-00389,Coastal permit,,23794 / CST60260832,2037-09-23 00:00:00,,Yes,Active,,
ACC-00001216,Watercare,WWN-00389,Coastal permit,,23796 / CST60260854,2037-09-23 00:00:00,,Yes,Active,,
ACC-00001216,Watercare,WWN-00389,Coastal permit,,23798 / CST60260647,2030-12-31 00:00:00,,Yes,Active,,
ACC-00001216,Watercare,WWN-00389,Discharge to water,,23799 / CST60260652,2030-12-31 00:00:00,,Yes,Active,,
ACC-00001216,Watercare,WWN-00389,Discharge to land,,23801 / DIS60265035,2037-01-07 00:00:00,,Yes,Active,,
ACC-00001216,Watercare,WWN-00389,Coastal permit,,23870 / CST60260676,2035-06-04 00:00:00,,Yes,Active,,
ACC-00001216,Watercare,WWN-00389,Other (Please identify in the comments section),Stormwater,24955,2030-12-31 00:00:00,,Yes,Active,,
ACC-00001216,Watercare,WWN-00389,Discharge to water,,25371 / WAT60273937,2036-05-30 00:00:00,,Yes,Active,,
ACC-00001216,Watercare,WWN-00389,Discharge to air,,30249 / 23792 / DIS80298643,2030-12-31 00:00:00,,Yes,Active,,
ACC-00001216,Watercare,WWN-00389,Coastal permit,,30436 / CST60261572,2040-12-31 00:00:00,,Yes,Active,,
ACC-00001216,Watercare,WWN-00389,Coastal permit,,38212,2046-10-31 00:00:00,,Yes,Active,,
ACC-00001216,Watercare,WWN-00389,Coastal permit,,38479 / CST60262909,2046-10-31 00:00:00,,Yes,Active,,
ACC-00001216,Watercare,WWN-00389,Coastal permit,,38480 / CST60262944,2026-10-31 00:00:00,,Yes,Active,,
ACC-00001216,Watercare,WWN-00389,Other (Please identify in the comments section),Dam,38973 / WAT60274995,2030-12-31 00:00:00,,Yes,Active,,
ACC-00001216,Watercare,WWN-00389,Coastal permit,,39641 / CST60262787,2046-10-31 00:00:00,,Yes,Active,,
ACC-00001216,Watercare,WWN-00389,Coastal permit,,9610974,2029-02-06 00:00:00,,Yes,Active,,
ACC-00001216,Watercare,WWN-00389,Coastal permit,,CST60260474,2032-12-03 00:00:00,,Yes,Active,,
ACC-00001216,Watercare,WWN-00389,Land-use consent,,LQ2136956,2048-06-02 00:00:00,,Yes,Active,,
ACC-00001216,Watercare,WWN-00389,Coastal permit,,R/REG/2017/1007 / CST60082290,2052-04-04 00:00:00,,Yes,Active,,
ACC-00001216,Watercare,WWN-00390,Coastal permit,,40409 / CST60262535,2047-07-16 00:00:00,,Yes,Active,,
ACC-00001216,Watercare,WWN-00390,Coastal permit,,COA-67056 / CST60050137,2051-03-05 00:00:00,,Yes,Active,,
ACC-00001216,Watercare,WWN-00390,Discharge to air,,DIS60331113,2054-12-19 00:00:00,,Yes,Active,,
ACC-00001216,Watercare,WWN-00390,Discharge to water,,DIS60331146,2054-12-19 00:00:00,,Yes,Active,,
ACC-00001216,Watercare,WWN-00390,Discharge to land,,R/REG/2013/3763 / DIS60083293,2049-05-06 00:00:00,,Yes,Active,,
ACC-00001216,Watercare,WWN-00390,Coastal permit,,R/REG/2013/3764  /  CST60083186,2049-05-06 00:00:00,,Yes,Active,,
ACC-00001216,Watercare,WWN-00390,Discharge to water,,REG-67901 / DIS60050020,2052-03-30 00:00:00,,Yes,Active,,
ACC-00001216,Watercare,WWN-00390,Discharge to air,,REG-67908 / DIS60050273,2042-03-21 00:00:00,,Yes,Active,,
ACC-00001216,Watercare,WWN-00390,Discharge to water,,REG-67909 / DIS60069253-B / DIS60069253-C,2025-12-31 00:00:00,,Yes,Active,,
ACC-00001216,Watercare,WWN-00390,Coastal permit,,REG-67911,2052-03-21 00:00:00,,Yes,Active,,
ACC-00001216,Watercare,WWN-00390,Coastal permit,,REG-67916,2056-01-07 00:00:00,,Yes,Active,,
ACC-00001216,Watercare,WWN-00390,Other (Please identify in the comments section),Vegetation,TRE60318741,2039-01-08 00:00:00,,Yes,Active,,
ACC-00001216,Watercare,WWN-00391,Coastal permit,,DIS60334129,2027-06-15 00:00:00,,Yes,Active,,
ACC-00001216,Watercare,WWN-00391,Discharge to land,,R/REG/2013/3763 / DIS60083293,2049-05-06 00:00:00,,Yes,Active,,
ACC-00001216,Watercare,WWN-00391,Coastal permit,,R/REG/2013/3764  /  CST60083186,2049-05-06 00:00:00,,Yes,Active,,
ACC-00001216,Watercare,WWN-00391,Other (Please identify in the comments section),Vegetation,TRE60318741,2039-01-08 00:00:00,,Yes,Active,,
ACC-00001216,Watercare,WWN-00392,Discharge to water,,907537a / CST60263133,2099-12-31 00:00:00,,Yes,Active,,
ACC-00001216,Watercare,WWN-00392,Coastal permit,,COA-63609 / CST60047515 / DIS60047572,2049-06-17 00:00:00,,Yes,Active,,
ACC-00001216,Watercare,WWN-00392,Discharge to air,,DIS60348418,2054-12-31 00:00:00,,Yes,Active,,
ACC-00001216,Watercare,WWN-00392,Discharge to land,,R/REG/2013/3763 / DIS60083293,2049-05-06 00:00:00,,Yes,Active,,
ACC-00001216,Watercare,WWN-00392,Coastal permit,,R/REG/2013/3764  /  CST60083186,2049-05-06 00:00:00,,Yes,Active,,
ACC-00001216,Watercare,WWN-00392,Other (Please identify in the comments section),Vegetation,TRE60318741,2039-01-08 00:00:00,,Yes,Active,,
ACC-00001216,Watercare,WWN-00393,Discharge to water,,DIS60050164 / DIS603386349 / DIS60439793,2025-12-31 00:00:00,,Yes,Active,,
ACC-00001216,Watercare,WWN-00393,Discharge to land,,R/REG/2013/3763 / DIS60083293,2049-05-06 00:00:00,,Yes,Active,,
ACC-00001216,Watercare,WWN-00393,Coastal permit,,R/REG/2013/3764  /  CST60083186,2049-05-06 00:00:00,,Yes,Active,,
ACC-00001216,Watercare,WWN-00393,Discharge to air,,REG-67903 / DIS60386547 / DIS60439899,2025-12-31 00:00:00,,Yes,Active,,
ACC-00001216,Watercare,WWN-00393,Other (Please identify in the comments section),Vegetation,TRE60318741,2039-01-08 00:00:00,,Yes,Active,,
ACC-00001216,Watercare,WWN-00394,Discharge to water,,DIS60068492,2052-11-27 00:00:00,,Yes,Active,,
ACC-00001216,Watercare,WWN-00394,Discharge to air,,DIS60068494,2052-11-27 00:00:00,,Yes,Active,,
ACC-00001216,Watercare,WWN-00394,Other (Please identify in the comments section),Dam,R/LUC/2016/5031 / WAT60065830,2049-05-31 00:00:00,,Yes,Active,,
ACC-00001216,Watercare,WWN-00394,Discharge to land,,R/REG/2013/3763 / DIS60083293,2049-05-06 00:00:00,,Yes,Active,,
ACC-00001216,Watercare,WWN-00394,Coastal permit,,R/REG/2013/3764  /  CST60083186,2049-05-06 00:00:00,,Yes,Active,,
ACC-00001216,Watercare,WWN-00394,Other (Please identify in the comments section),Vegetation,TRE60318741,2039-01-08 00:00:00,,Yes,Active,,
ACC-00008546,Wellington Water Ltd.,WGN020236/22098,Coastal permit,,WGN020236/22098,2037-07-01 00:00:00,,Yes,Active,,5 - Highly Reliable
ACC-00008546,Wellington Water Ltd.,WGN050359/24539,Coastal permit,,WGN050359/24539,2031-08-25 00:00:00,,Yes,Active,,5 - Highly Reliable
ACC-00008546,Wellington Water Ltd.,WGN060283/25227,Coastal permit,,WGN060283/25227,2035-07-28 00:00:00,,Yes,Active,,5 - Highly Reliable
ACC-00008546,Wellington Water Ltd.,WGN060283/25230,Discharge to air,,WGN060283/25230,2035-07-28 00:00:00,,Yes,Active,,5 - Highly Reliable
ACC-00008546,Wellington Water Ltd.,WGN060283/35255,Coastal permit,,WGN060283/35255,2035-07-28 00:00:00,,Yes,Active,,5 - Highly Reliable
ACC-00008546,Wellington Water Ltd.,WGN060283/35674,Discharge to water,,WGN060283/35674,2023-12-31 00:00:00,,Yes,Active,,5 - Highly Reliable
ACC-00008546,Wellington Water Ltd.,WGN060283/35675,Discharge to water,,WGN060283/35675,2023-12-31 00:00:00,,Yes,Active,,5 - Highly Reliable
ACC-00008546,Wellington Water Ltd.,WGN070230/26015,Discharge to air,,WGN070230/26015,2026-06-14 00:00:00,,Yes,Active,,5 - Highly Reliable
ACC-00008546,Wellington Water Ltd.,WGN070230/34284,Discharge to air,,WGN070230/34284,2026-06-14 00:00:00,,Yes,Active,,5 - Highly Reliable
ACC-00008546,Wellington Water Ltd.,WGN070230/35862,Discharge to land,,WGN070230/35862,2026-06-14 00:00:00,,Yes,Active,,5 - Highly Reliable
ACC-00008546,Wellington Water Ltd.,WGN080003/1471,Discharge to air,,WGN080003/1471,2033-01-08 00:00:00,,Yes,Active,,5 - Highly Reliable
ACC-00008546,Wellington Water Ltd.,WGN080003/26182,Coastal permit,,WGN080003/26182,2034-05-11 00:00:00,,Yes,Active,,5 - Highly Reliable
ACC-00008546,Wellington Water Ltd.,WGN080003/26183,Discharge to air,,WGN080003/26183,2034-05-11 00:00:00,,Yes,Active,,5 - Highly Reliable
ACC-00008546,Wellington Water Ltd.,WGN080003/35047,Coastal permit,,WGN080003/35047,2034-05-11 00:00:00,,Yes,Active,,5 - Highly Reliable
ACC-00008546,Wellington Water Ltd.,WGN120142/31740,Coastal permit,,WGN120142/31740,2031-08-25 00:00:00,,Yes,Active,,5 - Highly Reliable
ACC-00008546,Wellington Water Ltd.,WGN120142/33406,Discharge to water,,WGN120142/33406,2018-02-01 00:00:00,,Yes,Active,,5 - Highly Reliable
ACC-00008546,Wellington Water Ltd.,WGN120142/33407,Coastal permit,,WGN120142/33407,2031-08-25 00:00:00,,Yes,Active,,5 - Highly Reliable
ACC-00008546,Wellington Water Ltd.,WGN120142/33408,Discharge to water,,WGN120142/33408,2018-02-01 00:00:00,,Yes,Active,,5 - Highly Reliable
ACC-00008546,Wellington Water Ltd.,WGN160340/34178&34179,Coastal permit,,WGN160340/34178&34179,2023-12-31 00:00:00,,Yes,Expired,Granted post June 2025,5 - Highly Reliable
ACC-00008546,Wellington Water Ltd.,WGN200229/36727,Discharge to air,,WGN200229/36727,2041-07-12 00:00:00,,Yes,Active,,5 - Highly Reliable
ACC-00008546,Wellington Water Ltd.,WGN200229/36816,Coastal permit,,WGN200229/36816,2041-07-12 00:00:00,,Yes,Active,,5 - Highly Reliable
ACC-00008546,Wellington Water Ltd.,WGN930193 (1),Discharge to air,,WGN930193 (1),2029-01-17 00:00:00,,Yes,Active,,5 - Highly Reliable
ACC-00008546,Wellington Water Ltd.,WGN930193 (2),Discharge to air,,WGN930193 (2),2029-01-17 00:00:00,,Yes,Active,,5 - Highly Reliable
ACC-00008546,Wellington Water Ltd.,WGN930194,Coastal permit,,WGN930194,2029-01-13 00:00:00,,Yes,Active,,5 - Highly Reliable
ACC-00008546,Wellington Water Ltd.,WGN950162 (01),Discharge to air,,WGN950162 (01),2031-12-05 00:00:00,,Yes,Active,,5 - Highly Reliable
ACC-00008546,Wellington Water Ltd.,WGN980083 (03),Coastal permit,,WGN980083 (03),2034-06-28 00:00:00,,Yes,Active,,5 - Highly Reliable
ACC-00008546,Wellington Water Ltd.,WWN-00395,Coastal permit,,WGN080003/31505,2034-05-11 00:00:00,,Yes,Active,,5 - Highly Reliable
ACC-00001161,Western Bay of Plenty District Council,WWN-00399,Coastal permit,Katikati,66950,2047-05-31 00:00:00,,Yes,Active,,5 - Highly Reliable
ACC-00001161,Western Bay of Plenty District Council,WWN-00400,Discharge to land,Maketu,65977,2045-08-11 00:00:00,,Yes,Active,,5 - Highly Reliable
ACC-00001161,Western Bay of Plenty District Council,WWN-00400,Discharge to land,Maketu Vermicomposting,RM21-0712,2045-08-11 00:00:00,,No,Active,,5 - Highly Reliable
ACC-00001161,Western Bay of Plenty District Council,WWN-00401,Discharge to land,Ongare Point,RM17-0362,2053-03-31 00:00:00,,Yes,Active,,5 - Highly Reliable
ACC-00001161,Western Bay of Plenty District Council,WWN-00402,Discharge to land,Te Puke,RM16-0204,2054-04-30 00:00:00,,Yes,Active,,5 - Highly Reliable
ACC-00001161,Western Bay of Plenty District Council,WWN-00403,Discharge to land,Waihi Beach Biosolids,66279,2025-06-30 00:00:00,,Yes,Operating under s124 RMA,,5 - Highly Reliable
ACC-00001161,Western Bay of Plenty District Council,WWN-00403,Discharge to water,Waihi Beach,66950,2047-05-31 00:00:00,,Yes,Active,,5 - Highly Reliable
ACC-00008497,Westland District Council,WWN-00404,Discharge to land,,RC-00388-01,2036-09-21 00:00:00,,Yes,Active,,5 - Highly Reliable
ACC-00008497,Westland District Council,WWN-00404,Discharge to water,,RC-00388-02,2036-09-21 00:00:00,,Yes,Active,,5 - Highly Reliable
ACC-00008497,Westland District Council,WWN-00404,Discharge to air,,RC-00388-03,2036-09-21 00:00:00,,Yes,Active,,5 - Highly Reliable
ACC-00008497,Westland District Council,WWN-00405,Land-use consent,,RC-2018-0068-01,2034-01-21 00:00:00,,Yes,Active,,5 - Highly Reliable
ACC-00008497,Westland District Council,WWN-00405,Discharge to land,,RC-2018-0068-02,2034-01-21 00:00:00,,Yes,Active,,5 - Highly Reliable
ACC-00008497,Westland District Council,WWN-00405,Discharge to air,,RC-2018-0068-03,2034-01-21 00:00:00,,Yes,Active,,5 - Highly Reliable
ACC-00008497,Westland District Council,WWN-00406,Discharge to land,,RC-00389-01,2036-09-21 00:00:00,,Yes,Active,,5 - Highly Reliable
ACC-00008497,Westland District Council,WWN-00406,Discharge to water,,RC-00389-02,2036-09-21 00:00:00,,Yes,Active,,5 - Highly Reliable
ACC-00008497,Westland District Council,WWN-00406,Discharge to air,,RC-00389-03,2036-09-21 00:00:00,,Yes,Active,,5 - Highly Reliable
ACC-00008497,Westland District Council,WWN-00406,Land-use consent,,RC-2015-0146-01,2037-03-01 00:00:00,,Yes,Active,,5 - Highly Reliable
ACC-00008497,Westland District Council,WWN-00406,Other (Please identify in the comments section),"Water permit - To divert water, Haast River",RC-2015-0146-02,2037-03-01 00:00:00,,Yes,Active,,5 - Highly Reliable
ACC-00008497,Westland District Council,WWN-00407,Coastal permit,Work is underway to design and build a new WWTP along with a new consent.,RC-2015-0141-01,2026-08-01 00:00:00,,Yes,Active,,5 - Highly Reliable
ACC-00008497,Westland District Council,WWN-00407,Discharge to air,Work is underway to design and build a new WWTP along with a new consent.,RC-2015-0141-02,2026-08-07 00:00:00,,Yes,Active,,5 - Highly Reliable
ACC-00008495,Whakatane District Council,WWN-00408,Discharge to water,Discharge effluent from Edgecumbe oxidation ponds into the Omeheu Canal.,20702,2026-10-01 00:00:00,,Yes,Active,"Council has funded and established a reconsenting programme.  The budget will enable monitoring environmental impacts, establishing co-design groups, preparing specialist reports and applications for resource consent, and to have the applications notified, heard and decided.  All 2026 expiring Consents are included in this programme with application for new consents to be submitted within the regulatory timeframes.",5 - Highly Reliable
ACC-00008495,Whakatane District Council,WWN-00408,Discharge to air,Discharge odorous gases from Edgecumbe sewage treatment facility to the air.,62657,2026-09-30 00:00:00,,Yes,Active,"Council has funded and established a reconsenting programme.  The budget will enable monitoring environmental impacts, establishing co-design groups, preparing specialist reports and applications for resource consent, and to have the applications notified, heard and decided.  All 2026 expiring Consents are included in this programme with application for new consents to be submitted within the regulatory timeframes.",5 - Highly Reliable
ACC-00008495,Whakatane District Council,WWN-00409,Discharge to water,Discharge effluent from the Murupara Borough oxidation ponds into the Rangitaiki River.,20778,2026-10-01 00:00:00,,Yes,Active,"Council has funded and established a reconsenting programme.  The budget will enable monitoring environmental impacts, establishing co-design groups, preparing specialist reports and applications for resource consent, and to have the applications notified, heard and decided.  All 2026 expiring Consents are included in this programme with application for new consents to be submitted within the regulatory timeframes.",5 - Highly Reliable
ACC-00008495,Whakatane District Council,WWN-00409,Discharge to air,Discharge odorous gases from Murupara sewage treatment facility to the air.,62656,2026-09-30 00:00:00,,Yes,Active,"Council has funded and established a reconsenting programme.  The budget will enable monitoring environmental impacts, establishing co-design groups, preparing specialist reports and applications for resource consent, and to have the applications notified, heard and decided.  All 2026 expiring Consents are included in this programme with application for new consents to be submitted within the regulatory timeframes.",5 - Highly Reliable
ACC-00008495,Whakatane District Council,WWN-00410,Coastal permit,Occupy space in the common marine and coastal area for a discharge structure associated with the Ohope wastewater treatment plant.,65984-CC.01,2035-09-30 00:00:00,,Yes,Active,,5 - Highly Reliable
ACC-00008495,Whakatane District Council,WWN-00410,Discharge to water,Discharge of treated effluent from the Ohope waste water treatment plant to the Pacific Ocean.,65984.0.01-DC,2035-09-30 00:00:00,,Yes,Active,,5 - Highly Reliable
ACC-00008495,Whakatane District Council,WWN-00410,Discharge to air,Authorise and set conditions for the discharge of contaminants (gases and aerosols) to air from the Ōhope Wastewater Treatment Plant,RM21-058-AP,2035-09-30 00:00:00,,Yes,Active,,5 - Highly Reliable
ACC-00008495,Whakatane District Council,WWN-00411,Discharge to water,Discharge waste water from oxidation ponds to be constructed at Taneatua into the natural waters of the Whakatane River.,20049.0.01-DC,2026-10-01 00:00:00,,Yes,Active,"Council has funded and established a reconsenting programme.  The budget will enable monitoring environmental impacts, establishing co-design groups, preparing specialist reports and applications for resource consent, and to have the applications notified, heard and decided.  All 2026 expiring Consents are included in this programme with application for new consents to be submitted within the regulatory timeframes.",5 - Highly Reliable
ACC-00008495,Whakatane District Council,WWN-00411,Discharge to air,Discharge odorous gases from Taneatua sewage treatment facility to the air.,62658,2026-09-30 00:00:00,,Yes,Active,"Council has funded and established a reconsenting programme.  The budget will enable monitoring environmental impacts, establishing co-design groups, preparing specialist reports and applications for resource consent, and to have the applications notified, heard and decided.  All 2026 expiring Consents are included in this programme with application for new consents to be submitted within the regulatory timeframes.",5 - Highly Reliable
ACC-00008495,Whakatane District Council,WWN-00412,Discharge to land,Discharge treated wastewater to land in Te Mahoe.,RM16-0143-DC.01,2051-06-30 00:00:00,,Yes,Active,,5 - Highly Reliable
ACC-00008495,Whakatane District Council,WWN-00413,Discharge to water,Discharge treated effluent from Whakatāne oxidation ponds into the Bay of Plenty.,20368,2026-10-01 00:00:00,,Yes,Active,"Council has funded and established a reconsenting programme.  The budget will enable monitoring environmental impacts, establishing co-design groups, preparing specialist reports and applications for resource consent, and to have the applications notified, heard and decided.  All 2026 expiring Consents are included in this programme with application for new consents to be submitted within the regulatory timeframes.",5 - Highly Reliable
ACC-00008495,Whakatane District Council,WWN-00413,Discharge to air,Discharge odorous gases from Whakatane sewage treatment facility to the air.,62659,2026-10-30 00:00:00,,Yes,Active,"Council has funded and established a reconsenting programme.  The budget will enable monitoring environmental impacts, establishing co-design groups, preparing specialist reports and applications for resource consent, and to have the applications notified, heard and decided.  All 2026 expiring Consents are included in this programme with application for new consents to be submitted within the regulatory timeframes.",5 - Highly Reliable
ACC-00001151,Whanganui District Council,WWN-00234,Discharge to land,,100749,2021-12-01 00:00:00,,Yes,Operating under s124 RMA,Mowhanau - This scheme will be discontinued and WW from this scheme will be pumped to Whanganui,5 - Highly Reliable
ACC-00001151,Whanganui District Council,WWN-00418,Discharge to land,,104939,2026-06-30 00:00:00,,Yes,Active,,5 - Highly Reliable
ACC-00001151,Whanganui District Council,WWN-00418,Coastal permit,,ATH-2002009197.02 (101706/2),2026-07-01 00:00:00,,Yes,Active,,5 - Highly Reliable
ACC-00001151,Whanganui District Council,WWN-00418,Coastal,,ATH-2011013300.00 (105288),2026-07-01 00:00:00,,Yes,Active,,5 - Highly Reliable
ACC-00001181,Whangarei District Council,Tutukaka,Discharge to water,,AUT.009980.01.02,2054-10-31 00:00:00,,Yes,Active,,
ACC-00001181,Whangarei District Council,Tutukaka,Discharge to land,,AUT.009980.02.02,2054-10-31 00:00:00,,Yes,Active,,
ACC-00001181,Whangarei District Council,Tutukaka,Discharge to air,,AUT.009980.03.02,2054-10-31 00:00:00,,Yes,Active,,
ACC-00001181,Whangarei District Council,Tutukaka,Discharge to air,,AUT.009980.12.01,2054-10-31 00:00:00,,Yes,Active,,
ACC-00001181,Whangarei District Council,WWN-00417,,,AUT.007445.01.04,2025-06-30 00:00:00,,Yes,Operating under s124 RMA,"An application has been made to Northland Regional Council, the consent application is currently on hold under s92 of the RMA",
ACC-00001181,Whangarei District Council,WWN-00417,Discharge to land,,AUT.007445.02.03,2025-06-30 00:00:00,,Yes,Operating under s124 RMA,As above comment.,
ACC-00001181,Whangarei District Council,WWN-00417,Discharge to air,,AUT.007445.03.03,2025-06-30 00:00:00,,Yes,Operating under s124 RMA,As above comment.,
ACC-00001181,Whangarei District Council,WWN-00417,Discharge to land,,AUT.045757.01.01,2027-03-31 00:00:00,,Yes,Active,,
ACC-00001181,Whangarei District Council,WWN-00417,Discharge to land,,AUT.045757.02.01,2027-03-31 00:00:00,,Yes,Active,,
ACC-00001181,Whangarei District Council,WWN-00417,Discharge to air,,AUT.045757.03.01,2027-03-31 00:00:00,,Yes,Active,,
ACC-00001181,Whangarei District Council,WWN-00418,Discharge to water,,AUT.002576.01.03,2035-05-31 00:00:00,,Yes,Active,,
ACC-00001181,Whangarei District Council,WWN-00418,Discharge to land,,AUT.002576.02.02,2035-05-31 00:00:00,,Yes,Active,,
ACC-00001181,Whangarei District Council,WWN-00418,Discharge to air,,AUT.002576.03.02,2035-05-31 00:00:00,,Yes,Active,,
ACC-00001181,Whangarei District Council,WWN-00419,Discharge to land,,AUT.012838.01.02,2025-05-31 00:00:00,,Yes,Operating under s124 RMA,"An application has been made to Northland Regional Council, the consent application is currently on hold under s92 of the RMA",
ACC-00001181,Whangarei District Council,WWN-00419,Discharge to water,,AUT.012838.02.02,2025-05-31 00:00:00,,Yes,Operating under s124 RMA,As above comment.,
ACC-00001181,Whangarei District Council,WWN-00419,Discharge to air,,AUT.012838.03.01,2025-05-31 00:00:00,,Yes,Operating under s124 RMA,As above comment.,
ACC-00001181,Whangarei District Council,WWN-00420,Discharge to water,Coastal discharge,AUT.007403.01.03,2054-12-31 00:00:00,,Yes,Active,,
ACC-00001181,Whangarei District Council,WWN-00420,Discharge to land,,AUT.007403.02.03,2054-12-31 00:00:00,,Yes,Active,,
ACC-00001181,Whangarei District Council,WWN-00420,Discharge to air,,AUT.007403.03.04,2054-12-31 00:00:00,,Yes,Active,,
ACC-00001181,Whangarei District Council,WWN-00420,Discharge to land,,AUT.007403.05.02,2054-12-31 00:00:00,,Yes,Active,,
ACC-00001181,Whangarei District Council,WWN-00421,Discharge to land,,AUT.021532.01.02,2046-05-31 00:00:00,,Yes,Active,,
ACC-00001181,Whangarei District Council,WWN-00421,Discharge to land,,AUT.021532.02.02,2046-05-31 00:00:00,,Yes,Active,,
ACC-00001181,Whangarei District Council,WWN-00421,Discharge to air,,AUT.021532.03.01,2046-05-31 00:00:00,,Yes,Active,,
ACC-00001181,Whangarei District Council,WWN-00421,Discharge to land,,AUT.021532.04.01,2046-05-31 00:00:00,,Yes,Active,,
ACC-00001181,Whangarei District Council,WWN-00421,Discharge to land,,AUT.021532.05.02,2031-05-31 00:00:00,,Yes,Active,,
ACC-00001181,Whangarei District Council,WWN-00421,Discharge to air,,AUT.021532.06.01,2031-05-31 00:00:00,,Yes,Active,,
ACC-00001181,Whangarei District Council,WWN-00421,Discharge to water,Coastal discharge,AUT.021532.07.01,2046-05-31 00:00:00,,Yes,Active,,
ACC-00001181,Whangarei District Council,WWN-00421,Coastal permit,Structure in the CMA,AUT.021532.08.01,2046-05-31 00:00:00,,Yes,Active,,
ACC-00001181,Whangarei District Council,WWN-00421,Coastal permit,CMA occupation,AUT.021532.09.01,2046-05-31 00:00:00,,Yes,Active,,
ACC-00001181,Whangarei District Council,WWN-00421,Discharge to land,,AUT.043120.01.01,2056-09-30 00:00:00,,Yes,Active,,
ACC-00001181,Whangarei District Council,WWN-00421,Land-use consent,Earthworks to construct biosolid disposal area at Ruakaka WWTP,AUT.043120.02.01,2026-10-31 00:00:00,,Yes,Active,,
ACC-00001181,Whangarei District Council,WWN-00421,Other (Please identify in the comments section),Water Permit - Divert SW for construction of biosolid disposal area at Ruakaka WWTP.,AUT.043120.03.01,2026-10-31 00:00:00,,Yes,Active,,
ACC-00001181,Whangarei District Council,WWN-00421,Discharge to land,Discharge SW for construction of biosolid disposal area at Ruakaka WWTP,AUT.043120.04.01,2026-10-31 00:00:00,,Yes,Active,,
ACC-00001181,Whangarei District Council,WWN-00421,Discharge to land,,AUT.046610.01.01,2027-05-31 00:00:00,,Yes,Active,,
ACC-00001181,Whangarei District Council,WWN-00421,Discharge to land,,AUT.046610.02.01,2027-05-31 00:00:00,,Yes,Active,,
ACC-00001181,Whangarei District Council,WWN-00421,Discharge to air,,AUT.046610.03.01,2027-05-31 00:00:00,,Yes,Active,,
ACC-00001181,Whangarei District Council,WWN-00423,Discharge to water,,AUT.007358.01.03,2030-06-30 00:00:00,,Yes,Active,,
ACC-00001181,Whangarei District Council,WWN-00423,Discharge to land,,AUT.007358.02.02,2030-06-30 00:00:00,,Yes,Active,,
ACC-00001181,Whangarei District Council,WWN-00423,Discharge to air,,AUT.007358.03.01,2030-06-30 00:00:00,,Yes,Active,,
ACC-00001181,Whangarei District Council,WWN-00424,Discharge to land,,AUT.004509.01.05,2030-05-31 00:00:00,,Yes,Active,,
ACC-00001181,Whangarei District Council,WWN-00424,Discharge to air,,AUT.004509.02.03,2030-05-31 00:00:00,,Yes,Active,,
ACC-00001181,Whangarei District Council,WWN-00424,Discharge to land,,AUT.004509.11.01,2050-10-30 00:00:00,,Yes,Active,,
ACC-00001181,Whangarei District Council,WWN-00425,Discharge to water,Coastal discharge,AUT.004352.01.07,2045-03-31 00:00:00,,Yes,Active,,
ACC-00001181,Whangarei District Council,WWN-00425,Discharge to water,Coastal discharge,AUT.004352.02.04,2045-03-31 00:00:00,,Yes,Active,,
ACC-00001181,Whangarei District Council,WWN-00425,Discharge to land,,AUT.004352.03.02,2045-03-31 00:00:00,,Yes,Active,,
ACC-00001181,Whangarei District Council,WWN-00425,Discharge to air,,AUT.004352.04.02,2045-03-31 00:00:00,,Yes,Active,,
ACC-00001181,Whangarei District Council,WWN-00425,Coastal permit,Structure in the CMA,AUT.004352.05.02,2045-03-31 00:00:00,,Yes,Active,,
,,,,,,,,,,,
,,,,,,,,,,,
,,,,,,,,,,,
