Account ID,Org Name,Wastewater network ID,Wastewater network/plant name,W-A2 Total length of wastewater pipes (km),W-A2 Reason not available,W-A2 Data confidence,W-A7 Wastewater treatment processes - highest level,W-A8 Receiving environment for treated wastewater,W-A9 Volume of wastewater treated at treatment plant (m3/year),W-A9 Reason not available,W-A9.1 Average nominal flows (L/s),W-A9.1 Reason not available,W-A9.2 Average peak flows (L/s),W-A9.2 Reason not available,W-A9.3 Reason for peak flow,W-A10 Volume of trade waste treated (m3/year),W-A10 Reason not available,W-A11 Volume of septage imported for treatment (m3/year),W-A11 Reason not available,W-A12 Volume of treated wastewater applied to land (m3/year),W-A12 Reason not available,W-A7 to W-A12 Data confidence,W-EH1 Number of residential connections,W-EH1 Reason not available,W-EH1 Method of determining connections,W-EH2 Number of non-residential connections,W-EH2 Reason not available,W-EH2 Method of determining connections,W-EH3 Total population served by the wastewater network,W-EH3 Reason not available,W-EH1 to W-EH3 Data confidence,W-EH4 Number of resource consents held for WW network,W-EH4 Reason not available,W-EH9 WW overflow regulation approach under local regional plan,W-EH9 Comments,W-EH4 to W-EH9 Data confidence,W-EH20 WWTP peak flow to nominal flow ratio,W-EH20 Reason not available,W-EH21 Design standards for calculating WW overflow capacity,W-EH21 Comments,W-EH22 Levels of service for preventing WW overflows due to stormwater (%),W-EH22 Comments,W-EH21 to W-EH23 Data confidence,W-RE3 Wastewater treatment wetland emissions (tCO2e/year),W-RE3 Reason not available,W-RE4 Wastewater effluent disposal emissions (tCO2e/year),W-RE4 Reason not available,W-RE5 Wastewater sludge treatment emissions (tCO2e/year),W-RE5 Reason not available,W-RE6 Wastewater sludge disposal emissions (tCO2e/year),W-RE6 Reason not available,W-RE3 to W-RE6 Data confidence,W-RE7 Production of biosolids (m3),W-RE7 Reason not available,W-RE8 % of dry solids in biosolids,W-RE8 Reason not available,W-RE9 % disposal of biosolids to onsite stockpile,W-RE9 Reason not available,W-RE10 Disposal of biosolids to landfill (tonnes),W-RE10 Reason not available,W-RE11 Disposal of biosolids composting and reuse (tonnes),W-RE11 Reason not available,W-RE11 Biosolids reuse - how and where,W-RE12 Disposal of biosolids to other routes (tonnes),W-RE12 Reason not available,W-RE13 Last year plant or pond was desludged (yyyy),W-RE13 Reason not available,W-RE7 to W-RE13 Data confidence
ACC-00008580,Auckland Council,,,,Measure Not Applicable,,,,,,,,,,,,,,,,,,,,,,,,,,,,,,,,,,,,,,,,,,,,,,,,,,,,,,,,,,,,,,,
ACC-00008533,Christchurch City Council,,,,,,,,,,,,,,,,,,,,,,,,,,,,,,,,,,18,,,,,,,,,,,,,,,,,,,,,,,,,,,,,,,,,
ACC-00008586,Clutha District Council,,Owaka,17,,4 - Reliable,Tertiary,River,71053,,2.908999715,,35.63,,Significant Weather Events,,Data Not Available,0,Measure Not Applicable,0,Measure Not Applicable,4 - Reliable,186,,Number of connections known,20,,Estimation by non-residential buildings,315,,1 - Very Uncertain,1,,Data Not Available,Partially treated wastewater discharges over emergency outflow weir in the event of exceptionally high influent flows and when feed pump and buffering capacity is exceeded,4 - Reliable,12.24819646,,NZS4404,"CDC usually borrows standard from DCC, CCC Engineering Code of Practice or Code of Subdivision. CDC code of practice/design standard is in development.",10,ARI,2 - Uncertain,,Measure Not Applicable,,Data Not Available,,Data Not Available,,Data Not Available,,,Data Not Available,,Data Not Available,,Data Not Available,430,,0,Measure Not Applicable,,0,Measure Not Applicable,2014,,4 - Reliable
ACC-00006268,Department of Conservation,,,8,,4 - Reliable,Secondary,Land,80000,,,Data Not Available,,Data Not Available,Data Not Available,,Measure Not Applicable,55,,Data Not Available,"Not logged, flow meter currently installed but setting up scopious equipment for future online monitoring",2 - Uncertain,30,,Estimation by residential buildings,19,,Estimation by non-residential buildings,1160,,3 - Less Reliable,2,,Measure Not Applicable,,4 - Reliable,,Data Not Available,Data Not Available,Original design standards unknown,100,healthy homes work on village properties to prevent stormwater ingress from low drains,3 - Less Reliable,,Data Not Available,,Data Not Available,,Measure Not Applicable,,Measure Not Applicable,4 - Reliable,,Data Not Available,,Measure Not Applicable,,Measure Not Applicable,,Measure Not Applicable,,Measure Not Applicable,,,Measure Not Applicable,,Measure Not Applicable,4 - Reliable
ACC-00006268,Department of Conservation,,,15,,4 - Reliable,Tertiary,Land,46550,,,Data Not Available,,Data Not Available,Data Not Available,0,,0,,46550,,4 - Reliable,21,,Estimation by residential buildings,21,,Estimation by non-residential buildings,,Data Not Available,3 - Less Reliable,1,,Data Not Available,Not sure,2 - Uncertain,,Data Not Available,Data Not Available,Original design standards unknown,100,,2 - Uncertain,,Data Not Available,,Data Not Available,,Data Not Available,,Data Not Available,1 - Very Uncertain,300,,,Data Not Available,0,Measure Not Applicable,0,Measure Not Applicable,0,Measure Not Applicable,Not Used,,Data Not Available,2025,,2 - Uncertain
ACC-00006269,Department of Corrections,,,10,,1 - Very Uncertain,Secondary,Land,65820,,2,,4,,Significant Weather Events,,Measure Not Applicable,,Measure Not Applicable,65820,,4 - Reliable,,Measure Not Applicable,Measure Not Applicable,40,,Other (Please identify in the comments section),650,,3 - Less Reliable,1,,Data Not Available,The department does not have a provision in our consents for wastewater overflows. The department would rely on the emergency works provisions ofg theRMA should a matter arise,3 - Less Reliable,2,,Data Not Available,,0,,1 - Very Uncertain,,Data Not Available,,Data Not Available,,Data Not Available,,Data Not Available,1 - Very Uncertain,,Measure Not Applicable,,Measure Not Applicable,,Measure Not Applicable,,Measure Not Applicable,,Measure Not Applicable,,,Measure Not Applicable,2024,,3 - Less Reliable
ACC-00008510,Far North District Council,,Kaeo,10,,4 - Reliable,Tertiary,River,45297,,,Data Not Available,,Data Not Available,Data Not Available,81470,Data Not Available,,,,,,161,,Number of connections known,0,,,443,,4 - Reliable,3,,,,,,,,,,'N/A,2 - Uncertain,,Measure Not Applicable,0,,0,Data Not Available,0,,4 - Reliable,0,Data Not Available,0,Data Not Available,,,,,,,No,0,Measure Not Applicable,,,
ACC-00008510,Far North District Council,,Kohukohu,5,,,Tertiary,Marine,7000,,,Data Not Available,,Data Not Available,Data Not Available,0,Data Not Available,0,Data Not Available,0,Measure Not Applicable,,81,,Number of connections known,0,,,220,,4 - Reliable,3,,,,,,,,,,,2 - Uncertain,7,,0,,0,Data Not Available,0,Data Not Available,4 - Reliable,0,Data Not Available,0,Data Not Available,,,,,,,,,,,,
ACC-00001018,Greater Wellington Regional Council,,,,Measure Not Applicable,,,,,Measure Not Applicable,,,,,,,,,,,,,,,,,,,,,,,,,,,,,,,,,,,,,,,,,,,,,,,,,,,,,,,,,,
ACC-00008520,Marlborough District Council,,Blenheim,273,,4 - Reliable,Tertiary,Estuary,5538980,,133,,735,,Significant Weather Events,1334253,,0,Measure Not Applicable,279498,,4 - Reliable,9842,,Number of connections known,786,,Number of metered connections,22867,,4 - Reliable,2,,Prohibited activity under regional plan,,5 - Highly Reliable,5.526,,Other (Please identify in the comments section),AEP of 10% (pre climate change) ie 10yr ARI,ARI based on HIRD,,4 - Reliable,,Data Not Available,,Data Not Available,,Data Not Available,,Data Not Available,5 - Highly Reliable,,Measure Not Applicable,,Measure Not Applicable,,Measure Not Applicable,,Measure Not Applicable,,Measure Not Applicable,,,Measure Not Applicable,2023,,5 - Highly Reliable
ACC-00008520,Marlborough District Council,,Havelock,12,,4 - Reliable,Secondary,River,152967,,2,,17,,Significant Weather Events,,Data Not Available,0,Measure Not Applicable,,Measure Not Applicable,4 - Reliable,252,,Number of connections known,44,,Number of metered connections,600,,4 - Reliable,1,,Prohibited activity under regional plan,,5 - Highly Reliable,8.5,,Other (Please identify in the comments section),AEP of 10% (pre climate change) ie 10yr ARI,ARI based on HIRD,,4 - Reliable,,Measure Not Applicable,,Data Not Available,,Data Not Available,,Data Not Available,5 - Highly Reliable,,Measure Not Applicable,,Measure Not Applicable,,Measure Not Applicable,,Measure Not Applicable,,Measure Not Applicable,,,Measure Not Applicable,2002,,5 - Highly Reliable
ACC-00008520,Marlborough District Council,,Picton,71,,4 - Reliable,Tertiary,Marine,975876,,22,,99,,Significant Weather Events,,Data Not Available,0,Measure Not Applicable,,Measure Not Applicable,4 - Reliable,1679,,Number of connections known,167,,Number of metered connections,3967,,4 - Reliable,3,,Prohibited activity under regional plan,,5 - Highly Reliable,4.5,,Other (Please identify in the comments section),AEP of 10% (pre climate change) ie 10yr ARI,ARI based on HIRD,,4 - Reliable,,Measure Not Applicable,,Data Not Available,,Data Not Available,,Data Not Available,5 - Highly Reliable,,Measure Not Applicable,,Measure Not Applicable,,Measure Not Applicable,,Measure Not Applicable,,Measure Not Applicable,,,Measure Not Applicable,2024,,5 - Highly Reliable
ACC-00008520,Marlborough District Council,,Seddon,10,,4 - Reliable,Secondary,River,96469,,1,,10,,Significant Weather Events,,Data Not Available,0,Measure Not Applicable,,Measure Not Applicable,4 - Reliable,267,,Number of connections known,17,,Number of metered connections,588,,4 - Reliable,1,,Prohibited activity under regional plan,,5 - Highly Reliable,10,,Other (Please identify in the comments section),AEP of 10% (pre climate change) ie 10yr ARI,ARI based on HIRD,,4 - Reliable,,Measure Not Applicable,,Data Not Available,,Data Not Available,,Data Not Available,5 - Highly Reliable,,Measure Not Applicable,,Measure Not Applicable,,Measure Not Applicable,,Measure Not Applicable,,Measure Not Applicable,,,Measure Not Applicable,2019,,5 - Highly Reliable
ACC-00008520,Marlborough District Council,,Renwick- Via Blenheim WWTP,29,,4 - Reliable,Tertiary,Estuary,198610,,4,,49,,Significant Weather Events,,Data Not Available,0,Measure Not Applicable,,Measure Not Applicable,4 - Reliable,839,,Number of connections known,9,,Number of metered connections,2014,,4 - Reliable,,Measure Not Applicable,Prohibited activity under regional plan,,5 - Highly Reliable,12.25,,Other (Please identify in the comments section),AEP of 10% (pre climate change) ie 10yr ARI,ARI based on HIRD,,4 - Reliable,,Data Not Available,,Data Not Available,,Data Not Available,,Data Not Available,5 - Highly Reliable,,Measure Not Applicable,,Measure Not Applicable,,Measure Not Applicable,,Measure Not Applicable,,Measure Not Applicable,,,Measure Not Applicable,2023,,5 - Highly Reliable
ACC-00008520,Marlborough District Council,,Riverlands- Via Blenheim WWTP,22,,4 - Reliable,Tertiary,Estuary,536931,,10,,109,,Other (Please identify in the comments section),,Data Not Available,0,Measure Not Applicable,,Measure Not Applicable,4 - Reliable,8,,Number of connections known,109,,Number of metered connections,19,,4 - Reliable,,Measure Not Applicable,Prohibited activity under regional plan,,5 - Highly Reliable,10.9,,Other (Please identify in the comments section),AEP of 10% (pre climate change) ie 10yr ARI,ARI based on HIRD,,4 - Reliable,,Data Not Available,,Data Not Available,,Data Not Available,,Data Not Available,5 - Highly Reliable,,Measure Not Applicable,,Measure Not Applicable,,Measure Not Applicable,,Measure Not Applicable,,Measure Not Applicable,,,Measure Not Applicable,2023,,5 - Highly Reliable
ACC-00008520,Marlborough District Council,,Spring Creek - Via Blenheim WWTP,28,,4 - Reliable,Tertiary,Estuary,86678,,2,,35,,Significant Weather Events,,Data Not Available,0,Measure Not Applicable,,Measure Not Applicable,4 - Reliable,150,,Number of connections known,10,,Number of metered connections,353,,4 - Reliable,,Data Not Available,Prohibited activity under regional plan,,5 - Highly Reliable,17.5,,Other (Please identify in the comments section),AEP of 10% (pre climate change) ie 10yr ARI,ARI based on HIRD,,4 - Reliable,,Data Not Available,,Data Not Available,,Data Not Available,,Data Not Available,5 - Highly Reliable,,Measure Not Applicable,,Measure Not Applicable,,Measure Not Applicable,,Measure Not Applicable,,Measure Not Applicable,,,Measure Not Applicable,2023,,5 - Highly Reliable
ACC-00001026,Masterton District Council,,,,,,,,,,,,,,,,,,,,,,,,,,,,,,,,,,,,,,,,,,,,,,,,,,,,,,,,,,,,0,,,,,,,
ACC-00008588,Ministry of Education,,,,Measure Not Applicable,,,,,,,,,,,,,,,,,,,,,,,,,,,,,,,,,,,,,,,,,,,,,,,,,,,,,,,,,,,,,,,
ACC-00008541,Nelson City Council,,,204,,5 - Highly Reliable,,,3431000,,91,,927,,Significant Weather Events,,Data Not Available,,,,,5 - Highly Reliable,11530,,Estimation by residential buildings,816,,Estimation by non-residential buildings,,,4 - Reliable,,,,,,10,,,,,,,,,,,,,,,,,,,,,,,,,,,,,,,
ACC-00001000,New Zealand Defence Force,,,24.89,,4 - Reliable,Tertiary,River,251401,,7.971873415,,22.37,,Significant Weather Events,0,,0,,0,,2 - Uncertain,215,,Estimation by residential buildings,238,,Estimation by residential buildings,2800,,4 - Reliable,2,,,"Not specifically mentioned in regional plan.  Discharge of municipal sewage to land is permitted subject to conditions, discharge to water is prohibited.",4 - Reliable,2,,Other (Please identify in the comments section),NZDF Infrastructure Standards for Used Water 2023,,,,0,,44.02819385,,0,,1563.408,,3 - Less Reliable,800,,10,,0,,0,,960,,To a worm farm.,0,,,Data Not Available,
ACC-00001187,Papakura,,,398,,4 - Reliable,Measure Not Applicable,Measure Not Applicable,,Measure Not Applicable,,Measure Not Applicable,,Measure Not Applicable,Measure Not Applicable,,Measure Not Applicable,,Measure Not Applicable,,Measure Not Applicable,,23621,,Number of connections known,1339,,Other (Please identify in the comments section),74784,,4 - Reliable,3,,,"As per Network Discharge Consents, together with permitted activity rule compliance with the Auckland Unitary Plan.
Note: Drop-down selection under column AH only provides options for ""Data Not Available"" and ""Measure Not Applicable""",4 - Reliable,,Measure Not Applicable,Other (Please identify in the comments section),Watercare Engineering Standards Framework,86,1 in 6 month or less ARI,4 - Reliable,,Measure Not Applicable,,Measure Not Applicable,,Measure Not Applicable,,Measure Not Applicable,,,Measure Not Applicable,,Measure Not Applicable,,Measure Not Applicable,,Measure Not Applicable,,Measure Not Applicable,,,Measure Not Applicable,,Measure Not Applicable,
ACC-00001119,Southland District Council,,Monowai Village,1,,5 - Highly Reliable,Primary,Land,0,Data Not Available,0,Data Not Available,0,Data Not Available,Seasonal Changes,0,Measure Not Applicable,0,Measure Not Applicable,0,Data Not Available,5 - Highly Reliable,14,,Other (Please identify in the comments section),1,,Other (Please identify in the comments section),102,,5 - Highly Reliable,1,,Measure Not Applicable,All are prohibited activity under the regional plan.,5 - Highly Reliable,1,,NZS4404,,100,No overflows from the past 12 months.,3 - Less Reliable,63,,22,,112,,112,,5 - Highly Reliable,,Measure Not Applicable,,Measure Not Applicable,,Measure Not Applicable,,Measure Not Applicable,,Measure Not Applicable,Biosolids were not reused by SDC.,,Measure Not Applicable,,Measure Not Applicable,3 - Less Reliable
ACC-00001011,Taupo District Council,,Taupo,287.65651,,4 - Reliable,Secondary,Land,2438642,,77.3,,111.3,,Population Variance,31858,,0,,2438642,,4 - Reliable,10626,,Number of connections known,1050,,Other (Please identify in the comments section),25912,,3 - Less Reliable,4,,,No overflow is permitted (Waikato Regional Council,4 - Reliable,1.44,,Measure Not Applicable,,,No design level of service,4 - Reliable,,Measure Not Applicable,,Data Not Available,,Data Not Available,,Data Not Available,4 - Reliable,3000,,15,,0,,0,,3051.66,,All biosolids are dewatered to ~15% DS and sent for vermicomposting. Final product reused as fertiliser,0,,,Measure Not Applicable,4 - Reliable
ACC-00001125,Thames Coromandel District Council,,Pauanui,94,,5 - Highly Reliable,Tertiary,Land,372090.03,,11.79889745,,31.04166667,,Population Variance,,Measure Not Applicable,,Measure Not Applicable,372090.03,,4 - Reliable,3865,,Other (Please identify in the comments section),98,,Other (Please identify in the comments section),2960,,4 - Reliable,4,,,Prohibited activity under regional plan,4 - Reliable,2.630895539,,Data Not Available,,,Data not available,4 - Reliable,,Measure Not Applicable,161.6587026,,,Measure Not Applicable,,Measure Not Applicable,4 - Reliable,,Data Not Available,18.9,,,Data Not Available,735,,,Measure Not Applicable,,,Measure Not Applicable,,Data Not Available,4 - Reliable
ACC-00001016,Waikato District Council,,Te Kauwhata,46,,4 - Reliable,Tertiary,Lake,414118,,,Data Not Available,13,,Significant Weather Events,,Data Not Available,,Data Not Available,0,Measure Not Applicable,4 - Reliable,2135,,Number of connections known,14,,Number of metered connections,5765,,4 - Reliable,2,,Prohibited activity under regional plan,,5 - Highly Reliable,,Data Not Available,Other (Please identify in the comments section),Regional infrastructure technical specifications.,,"CCTV, undergoing I&I investigations targeting areas where I&I is problematic (2025/26)",4 - Reliable,,Measure Not Applicable,8,,,Measure Not Applicable,,Measure Not Applicable,2 - Uncertain,454,,10,,,Measure Not Applicable,,Measure Not Applicable,,Measure Not Applicable,,,Measure Not Applicable,,Data Not Available,3 - Less Reliable
ACC-00001216,Watercare,,Kingseat,0.68,,5 - Highly Reliable,Tertiary,River,7127,,0.23,,1.05,,Significant Weather Events,0,,0,,0,,4 - Reliable,48,,Number of connections known,0,,Number of metered connections,140,,4 - Reliable,5,,,Note: drop down selection option doesn't make sense. As per FY2024 report correct answer is: Restricted discretionary,4 - Reliable,4.6,,Internal code of practice,,50,6 month design storm,4 - Reliable,,Measure Not Applicable,1.3,,,Measure Not Applicable,,Measure Not Applicable,4 - Reliable,,Measure Not Applicable,,Measure Not Applicable,0,,0,,0,,,0,,,Measure Not Applicable,5 - Highly Reliable
ACC-00001181,Whangarei District Council,,Tutukaka,5,,5 - Highly Reliable,Tertiary,Wetland,18041,,0.520833333,,4.86,,Significant Weather Events,0,Data Not Available,0,Measure Not Applicable,0,Measure Not Applicable,5 - Highly Reliable,207,,Estimation by residential buildings,0,Data Not Available,Data Not Available,621,,3 - Less Reliable,1,,,,3 - Less Reliable,9.3312,,Internal code of practice,,,WDC tried out best but can't guarantee level of service,3 - Less Reliable,,Data Not Available,,Data Not Available,0,Measure Not Applicable,0,Measure Not Applicable,4 - Reliable,0,Measure Not Applicable,0,,0,,0,,0,Measure Not Applicable,,0,,,Measure Not Applicable,5 - Highly Reliable
ACC-00008585,Ashburton District Council,WWN-00100,Ashburton,235,,5 - Highly Reliable,Tertiary,Land,2929460,,72,,400,,Significant Weather Events,,Data Not Available,3623,,3760502,,4 - Reliable,8388,,Other (Please identify in the comments section),790,,Other (Please identify in the comments section),18750,,4 - Reliable,14,,As per Resource Consent,,5 - Highly Reliable,5,,NZS4404,,,Not determined. We use peak factors for design,3 - Less Reliable,494,,615,,,Measure Not Applicable,,Measure Not Applicable,4 - Reliable,,Data Not Available,,Data Not Available,,Data Not Available,0,,0,,,0,,,Data Not Available,4 - Reliable
ACC-00008585,Ashburton District Council,WWN-00101,Methven,26,,5 - Highly Reliable,Secondary,Land,165023,,5,,15,,Significant Weather Events,,Data Not Available,,Measure Not Applicable,,Data Not Available,3 - Less Reliable,914,,Other (Please identify in the comments section),190,,Other (Please identify in the comments section),1700,,4 - Reliable,1,,Measure Not Applicable,,5 - Highly Reliable,1.33,,NZS4404,,,Not determined. We use peak factors for design,3 - Less Reliable,,Measure Not Applicable,265,,,Measure Not Applicable,,Measure Not Applicable,3 - Less Reliable,,Data Not Available,,Data Not Available,,Data Not Available,0,,0,,,0,,,Data Not Available,4 - Reliable
ACC-00008585,Ashburton District Council,WWN-00102,Rakaia,21,,5 - Highly Reliable,Tertiary,Land,124913,,3,,5,,Significant Weather Events,,Data Not Available,,Measure Not Applicable,,Data Not Available,3 - Less Reliable,540,,Other (Please identify in the comments section),66,,Other (Please identify in the comments section),1100,,4 - Reliable,5,,Measure Not Applicable,,5 - Highly Reliable,3.5,,NZS4404,,,Not determined. We use peak factors for design,3 - Less Reliable,,Measure Not Applicable,43,,,Data Not Available,,Data Not Available,3 - Less Reliable,,Data Not Available,,Data Not Available,,Data Not Available,0,,0,,,0,,,Measure Not Applicable,4 - Reliable
ACC-00008498,Buller District Council,WWN-00103,Little Wanganui,2,,5 - Highly Reliable,Secondary,River,,Data Not Available,,Data Not Available,,,Data Not Available,,Data Not Available,0,,0,,4 - Reliable,82,,Number of connections known,0,,Other (Please identify in the comments section),950,,4 - Reliable,1,,Measure Not Applicable,Not mentioned in the Local Regional Plan,4 - Reliable,,,Internal code of practice,"Subdivision sizes typically chosen based on NZ4404 tables. Capacity of entire network is normally based on stormwater cross-connections, hence hard to quantify",,No AEP calculation completed,4 - Reliable,,Data Not Available,,Data Not Available,,Data Not Available,,Data Not Available,1 - Very Uncertain,0,,,Measure Not Applicable,0,,0,,0,,,,,,,4 - Reliable
ACC-00008498,Buller District Council,WWN-00104,Reefton,16,,5 - Highly Reliable,Secondary,River,1048323,,5,,80,,Significant Weather Events,,Data Not Available,0,,0,,4 - Reliable,531,,Number of connections known,65,,Other (Please identify in the comments section),50,,4 - Reliable,1,,Measure Not Applicable,Not mentioned in the Local Regional Plan,4 - Reliable,,,Internal code of practice,"Subdivision sizes typically chosen based on NZ4404 tables. Capacity of entire network is normally based on stormwater cross-connections, hence hard to quantify",,No AEP calculation completed,4 - Reliable,,Data Not Available,,Data Not Available,,Data Not Available,,Data Not Available,1 - Very Uncertain,0,,,Measure Not Applicable,0,,0,,0,,,,,,,4 - Reliable
ACC-00008498,Buller District Council,WWN-00105,Westport,99,,5 - Highly Reliable,Tertiary,River,1344271,,25,,100,,Significant Weather Events,,Data Not Available,,Data Not Available,,Data Not Available,1 - Very Uncertain,2165,,Number of connections known,237,,Other (Please identify in the comments section),4500,,4 - Reliable,1,,Measure Not Applicable,Not mentioned in the Local Regional Plan,4 - Reliable,,,Internal code of practice,"Subdivision sizes typically chosen based on NZ4404 tables. Capacity of entire network is normally based on stormwater cross-connections, hence hard to quantify",,No AEP calculation completed,4 - Reliable,,Data Not Available,,Data Not Available,,Data Not Available,,Data Not Available,1 - Very Uncertain,500,,16,,100,,0,,500,,Compost,0,,,,4 - Reliable
ACC-00001075,Carterton District Council,WWN-00106,Carterton,76,,4 - Reliable,Tertiary,River,2445493,,24,,60,,Seasonal Changes,33053,,,Data Not Available,141700,,3 - Less Reliable,3126,,Number of connections known,194,,Estimation by non-residential buildings,5856,,4 - Reliable,1,,Data Not Available,,4 - Reliable,6,,NZS4404,,0,Hydraulic Modelling in progress,3 - Less Reliable,,Data Not Available,,Data Not Available,,Measure Not Applicable,,Measure Not Applicable,4 - Reliable,,Measure Not Applicable,,Measure Not Applicable,,Measure Not Applicable,,Measure Not Applicable,,Measure Not Applicable,,,Measure Not Applicable,,Measure Not Applicable,4 - Reliable
ACC-00001635,Central Hawke's Bay District Council,WWN-00107,Otane,23,,4 - Reliable,Secondary,River,,Measure Not Applicable,,Measure Not Applicable,,Measure Not Applicable,Significant Weather Events,0,,0,,0,,5 - Highly Reliable,364,,Number of connections known,56,,Number of metered connections,398,,4 - Reliable,1,,,Restricted Discretionary,3 - Less Reliable,8,,Other (Please identify in the comments section),External Code of Practice (Hastings),,Not designed for I&I capacity,1 - Very Uncertain,0,,0,,0,,0,,3 - Less Reliable,0,,,Measure Not Applicable,0,,0,,0,,,0,,,Data Not Available,3 - Less Reliable
ACC-00001635,Central Hawke's Bay District Council,WWN-00108,Porangahau,4,,4 - Reliable,Secondary,River,31066,,1,,10,,Significant Weather Events,0,,0,,0,,5 - Highly Reliable,148,,Number of connections known,15,,Number of metered connections,138,,4 - Reliable,2,,,Restricted Discretionary,3 - Less Reliable,9,,Other (Please identify in the comments section),External Code of Practice (Hastings),,Not designed for I&I capacity,1 - Very Uncertain,0,,0,,0,,0,,3 - Less Reliable,0,,,Measure Not Applicable,0,,0,,0,,,0,,,Data Not Available,3 - Less Reliable
ACC-00001635,Central Hawke's Bay District Council,WWN-00109,Takapau,9,,4 - Reliable,Secondary,Wetland,55981,,2,,2,,Significant Weather Events,0,,0,,0,,5 - Highly Reliable,205,,Number of connections known,16,,Number of metered connections,432,,4 - Reliable,4,,,Restricted Discretionary,3 - Less Reliable,9,,Other (Please identify in the comments section),External Code of Practice (Hastings),,Not designed for I&I capacity,1 - Very Uncertain,0,,0,,0,,0,,3 - Less Reliable,0,,,Measure Not Applicable,0,,0,,0,,,0,,,Data Not Available,3 - Less Reliable
ACC-00001635,Central Hawke's Bay District Council,WWN-00110,Te Paerahi,6,,4 - Reliable,Secondary,Wetland,28637,,1,,31,,Significant Weather Events,0,,0,,0,,5 - Highly Reliable,70,,Number of connections known,3,,Number of metered connections,159,,4 - Reliable,2,,,Restricted Discretionary,3 - Less Reliable,3,,Other (Please identify in the comments section),External Code of Practice (Hastings),,Not designed for I&I capacity,1 - Very Uncertain,0,,0,,0,,0,,3 - Less Reliable,0,,,Measure Not Applicable,0,,0,,0,,,0,,,Data Not Available,3 - Less Reliable
ACC-00001635,Central Hawke's Bay District Council,WWN-00111,Waipawa,31,,4 - Reliable,Tertiary,River,440453,,14,,56,,Significant Weather Events,19419,,429,,0,,5 - Highly Reliable,839,,Number of connections known,100,,Number of metered connections,1439,,4 - Reliable,2,,,Restricted Discretionary,3 - Less Reliable,8,,Other (Please identify in the comments section),External Code of Practice (Hastings),,Not designed for I&I capacity,1 - Very Uncertain,0,,0,,0,,0,,3 - Less Reliable,0,,,Measure Not Applicable,0,,0,,0,,,0,,2022,,5 - Highly Reliable
ACC-00001635,Central Hawke's Bay District Council,WWN-00112,Waipukurau,62,,4 - Reliable,Tertiary,River,752639,,22,,198,,Significant Weather Events,63905,,579,,0,,5 - Highly Reliable,1822,,Number of connections known,265,,Number of metered connections,3275,,4 - Reliable,1,,,Restricted Discretionary,3 - Less Reliable,2,,Other (Please identify in the comments section),External Code of Practice (Hastings),,Not designed for I&I capacity,1 - Very Uncertain,0,,0,,0,,0,,3 - Less Reliable,0,,,Measure Not Applicable,0,,0,,0,,,0,,2022,,5 - Highly Reliable
ACC-00008538,Central Otago District Council,WWN-00113,Alexandra,86,,4 - Reliable,Tertiary,River,486528,,15,,52,,Significant Weather Events,0,Data Not Available,0,,0,,4 - Reliable,2822,,Number of connections known,272,,,6108,,4 - Reliable,3,,Measure Not Applicable,No overflows occurred in the last financial year.,5 - Highly Reliable,6.6,,Other (Please identify in the comments section),Flow meter data from wastewater pump stations,10,,4 - Reliable,,Measure Not Applicable,344,,0,,263,,4 - Reliable,,,19.5,,99,,,Measure Not Applicable,,Measure Not Applicable,,,Measure Not Applicable,,Measure Not Applicable,4 - Reliable
ACC-00008538,Central Otago District Council,WWN-00114,Cromwell,147,,4 - Reliable,Tertiary,Lake,797126,,25,,64,,Significant Weather Events,0,Data Not Available,2673,,0,,4 - Reliable,3813,,Number of connections known,413,,,8969,,4 - Reliable,3,,Measure Not Applicable,No overflows occurred in the last financial year.,5 - Highly Reliable,5,,Other (Please identify in the comments section),Flow meter data from wastewater pump stations,10,,4 - Reliable,,Measure Not Applicable,1289,,0,,0,,4 - Reliable,0,Measure Not Applicable,,Measure Not Applicable,,Measure Not Applicable,,Measure Not Applicable,,Measure Not Applicable,,,Measure Not Applicable,2016,,4 - Reliable
ACC-00008538,Central Otago District Council,WWN-00115,Lake Roxburgh Village,12,,4 - Reliable,Secondary,Land,7646,,1,,4,,Significant Weather Events,0,Data Not Available,0,,0,,3 - Less Reliable,43,,Number of connections known,1,,,77,,4 - Reliable,1,,Measure Not Applicable,No overflows occurred in the last financial year.,5 - Highly Reliable,1,,NZS4404,,10,,4 - Reliable,,Measure Not Applicable,4,,0,,0,,4 - Reliable,10,Measure Not Applicable,,Measure Not Applicable,,Measure Not Applicable,,Measure Not Applicable,,Measure Not Applicable,,,Measure Not Applicable,,Measure Not Applicable,4 - Reliable
ACC-00008538,Central Otago District Council,WWN-00116,Naseby,12,,4 - Reliable,Secondary,Land,52610,,2,,9,,Significant Weather Events,0,Data Not Available,0,,52610,,4 - Reliable,326,,Number of connections known,15,,,134,,4 - Reliable,2,,Measure Not Applicable,No overflows occurred in the last financial year.,5 - Highly Reliable,9.7,,NZS4404,,10,,4 - Reliable,,Measure Not Applicable,100,,0,,0,,4 - Reliable,0,Measure Not Applicable,,Measure Not Applicable,,Measure Not Applicable,,Measure Not Applicable,,Measure Not Applicable,,,Measure Not Applicable,,Data Not Available,4 - Reliable
ACC-00008538,Central Otago District Council,WWN-00117,Omakau,7,,4 - Reliable,Secondary,River,30274,,4,,9,,Significant Weather Events,0,Data Not Available,0,,0,,3 - Less Reliable,124,,Number of connections known,27,,,272,,4 - Reliable,1,,Measure Not Applicable,No overflows occurred in the last financial year.,5 - Highly Reliable,2,,NZS4404,,10,,4 - Reliable,,Measure Not Applicable,50,,0,,0,,4 - Reliable,0,Measure Not Applicable,,Measure Not Applicable,,Measure Not Applicable,,Measure Not Applicable,,Measure Not Applicable,,,Measure Not Applicable,2018,,4 - Reliable
ACC-00008538,Central Otago District Council,WWN-00118,Ranfurly,15,,4 - Reliable,Tertiary,River,206038,,6,,15,,Significant Weather Events,0,Data Not Available,0,,0,,4 - Reliable,401,,Number of connections known,71,,,790,,4 - Reliable,2,,Measure Not Applicable,No overflows occurred in the last financial year.,5 - Highly Reliable,7.2,,NZS4404,,10,,4 - Reliable,,Measure Not Applicable,58,,0,,0,,4 - Reliable,0,Measure Not Applicable,,Measure Not Applicable,,Measure Not Applicable,,Measure Not Applicable,,Measure Not Applicable,,,Measure Not Applicable,,Data Not Available,4 - Reliable
ACC-00008538,Central Otago District Council,WWN-00119,Roxburgh,20,,4 - Reliable,Secondary,Land,46037,,6,,12,,Significant Weather Events,0,Data Not Available,0,,46037,,4 - Reliable,350,,Number of connections known,50,,,608,,4 - Reliable,2,,Measure Not Applicable,No overflows occurred in the last financial year.,5 - Highly Reliable,119,,Other (Please identify in the comments section),Flow meter data from wastewater pump stations,10,,4 - Reliable,,Measure Not Applicable,117,,0,,0,,4 - Reliable,0,Measure Not Applicable,,Measure Not Applicable,,Measure Not Applicable,,Measure Not Applicable,,Measure Not Applicable,,,Measure Not Applicable,2024,,4 - Reliable
ACC-00008533,Christchurch City Council,WWN-00120,Akaroa,20,,4 - Reliable,Tertiary,Marine,200697,,6,,38,,Significant Weather Events,0,,0,,0,,5 - Highly Reliable,993,,Other (Please identify in the comments section),60,,Other (Please identify in the comments section),750,,4 - Reliable,4,,Measure Not Applicable,,4 - Reliable,6.3,,Internal code of practice,CCC Infrastructure Design Standards,,No Level of Service / No Consent,4 - Reliable,0,Measure Not Applicable,12,,0,Measure Not Applicable,0,Data Not Available,3 - Less Reliable,0,,0,,0,,0,,0,,,0,,,Measure Not Applicable,5 - Highly Reliable
ACC-00008533,Christchurch City Council,WWN-00121,Christchurch,2026,,4 - Reliable,Tertiary,Marine,61730579,,1874,,3547,,Significant Weather Events,3713384,,15174,,0,,5 - Highly Reliable,159220,,Other (Please identify in the comments section),13504,,Other (Please identify in the comments section),384597,,4 - Reliable,23,,Measure Not Applicable,Permitted activity under our resource consent.,4 - Reliable,1.9,,Internal code of practice,CCC Infrastructure Design Standards,39,As per the CCC consent,4 - Reliable,0,Measure Not Applicable,7936,,1504,,1680,,3 - Less Reliable,6462,,97.8,,0,,171,,3050,,"92 tonne went to a mine remediation site.
2899 tonne went to landscaping reuse.",0,,,Measure Not Applicable,4 - Reliable
ACC-00008533,Christchurch City Council,WWN-00123,Duvauchelle,10,,4 - Reliable,Tertiary,Marine,25289,,1,,13,,Significant Weather Events,0,,0,,0,,5 - Highly Reliable,261,,Other (Please identify in the comments section),9,,Other (Please identify in the comments section),288,,4 - Reliable,3,,Measure Not Applicable,,4 - Reliable,12.4,,Internal code of practice,CCC Infrastructure Design Standards,,No Level of Service / No Consent,4 - Reliable,0,Measure Not Applicable,4,,0,Measure Not Applicable,0,Data Not Available,3 - Less Reliable,0,,0,,0,,0,,0,,,0,,,Measure Not Applicable,5 - Highly Reliable
ACC-00008533,Christchurch City Council,WWN-00126,Tikao Bay,7,,4 - Reliable,Tertiary,Land,2807,,1,,2,,Significant Weather Events,0,,0,,2807,,5 - Highly Reliable,37,,Other (Please identify in the comments section),0,,Other (Please identify in the comments section),36,,4 - Reliable,1,,Measure Not Applicable,,4 - Reliable,1.4,,Internal code of practice,CCC Infrastructure Design Standards,,No Level of Service / No Consent,4 - Reliable,0,Measure Not Applicable,0,Data Not Available,0,Measure Not Applicable,0,Data Not Available,3 - Less Reliable,0,,0,,0,,0,,0,,,0,,,Measure Not Applicable,5 - Highly Reliable
ACC-00008533,Christchurch City Council,WWN-00127,Wainui,1,,4 - Reliable,Tertiary,Land,1788,,1,,2,,Significant Weather Events,0,,0,,1788,,5 - Highly Reliable,38,,Other (Please identify in the comments section),0,,Other (Please identify in the comments section),21,,4 - Reliable,1,,Measure Not Applicable,,4 - Reliable,1.9,,Internal code of practice,CCC Infrastructure Design Standards,,No Level of Service / No Consent,4 - Reliable,0,Measure Not Applicable,0,Data Not Available,0,Measure Not Applicable,0,Data Not Available,3 - Less Reliable,0,,0,,0,,0,,0,,,0,,,Measure Not Applicable,5 - Highly Reliable
ACC-00008586,Clutha District Council,WWN-00128,Balclutha,86,,4 - Reliable,Secondary,River,793932,,23.40261701,,32.1,,Seasonal Changes,,Data Not Available,,Data Not Available,0,Measure Not Applicable,4 - Reliable,1377,,Number of connections known,,,,4002,Data Not Available,1 - Very Uncertain,1,,Measure Not Applicable,No overflow at this site,4 - Reliable,1.37164147,,NZS4404,"CDC usually borrows standard from DCC, CCC Engineering Code of Practice or Code of Subdivision. CDC code of practice/design standard is in development.",10,ARI,2 - Uncertain,,Measure Not Applicable,,Data Not Available,,Data Not Available,,Data Not Available,,,Data Not Available,,Data Not Available,,Data Not Available,,,0,Measure Not Applicable,,0,Measure Not Applicable,2020,,4 - Reliable
ACC-00008586,Clutha District Council,WWN-00129,Clinton,11,,4 - Reliable,Tertiary,River,81034,,2.731416952,,9.4,,Seasonal Changes,,Data Not Available,0,Measure Not Applicable,0,Measure Not Applicable,4 - Reliable,191,,Number of connections known,13,,Estimation by non-residential buildings,300,,1 - Very Uncertain,1,,Measure Not Applicable,No overflow at this site,4 - Reliable,3.441437234,,NZS4404,"CDC usually borrows standard from DCC, CCC Engineering Code of Practice or Code of Subdivision. CDC code of practice/design standard is in development.",10,ARI - Marshalls/ORC consent procurement document,2 - Uncertain,46.12869,,,Data Not Available,,Data Not Available,,Data Not Available,1 - Very Uncertain,,Data Not Available,,Data Not Available,,Data Not Available,,,0,Measure Not Applicable,,0,Measure Not Applicable,2014,,4 - Reliable
ACC-00008586,Clutha District Council,WWN-00130,Heriot,6,,4 - Reliable,Tertiary,River,14642,,0.333384703,,5.9,,Seasonal Changes,,Data Not Available,0,Measure Not Applicable,0,Measure Not Applicable,4 - Reliable,46,,Number of connections known,12,,Estimation by non-residential buildings,111,,1 - Very Uncertain,1,,Data Not Available,Partially treated wastewater discharges over emergency outflow weir in the event of exceptionally high influent flows and when feed pump and buffering capacity is exceeded,4 - Reliable,17.69727268,,NZS4404,"CDC usually borrows standard from DCC, CCC Engineering Code of Practice or Code of Subdivision. CDC code of practice/design standard is in development.",10,ARI,2 - Uncertain,,Measure Not Applicable,,Data Not Available,,Data Not Available,,Data Not Available,,,Data Not Available,,Data Not Available,,Data Not Available,,,0,Measure Not Applicable,,0,Measure Not Applicable,2014,,4 - Reliable
ACC-00008586,Clutha District Council,WWN-00131,Kaitangata,18,,4 - Reliable,Tertiary,River,134371,,3.299942066,,89.5,,Significant Weather Events,,Data Not Available,0,Measure Not Applicable,0,Measure Not Applicable,4 - Reliable,216,,Number of connections known,15,,Estimation by non-residential buildings,830,,1 - Very Uncertain,1,,Data Not Available,Partially treated wastewater discharges over emergency outflow weir in the event of exceptionally high influent flows and when feed pump and buffering capacity is exceeded,4 - Reliable,27.12168826,,NZS4404,"CDC usually borrows standard from DCC, CCC Engineering Code of Practice or Code of Subdivision. CDC code of practice/design standard is in development.",10,ARI,2 - Uncertain,,Measure Not Applicable,,Data Not Available,,Data Not Available,,Data Not Available,,,Data Not Available,,Data Not Available,,Data Not Available,,,0,Measure Not Applicable,,0,Measure Not Applicable,2014,,4 - Reliable
ACC-00008586,Clutha District Council,WWN-00132,Kaka Point,11,,4 - Reliable,Tertiary,Marine,14870,,5.491725171,,65.5,,Significant Weather Events,,Data Not Available,0,Measure Not Applicable,0,Measure Not Applicable,3 - Less Reliable,264,,Number of connections known,4,,Estimation by non-residential buildings,235,,2 - Uncertain,2,,Data Not Available,Partially treated wastewater discharges over emergency outflow weir in the event of exceptionally high influent flows and when feed pump and buffering capacity is exceeded,4 - Reliable,11.9270353,,NZS4404,"CDC usually borrows standard from DCC, CCC Engineering Code of Practice or Code of Subdivision. CDC code of practice/design standard is in development.",10,ARI,2 - Uncertain,,Measure Not Applicable,,Data Not Available,,Data Not Available,,Data Not Available,,,Data Not Available,,Data Not Available,,Data Not Available,430,,0,Measure Not Applicable,,0,Measure Not Applicable,2014,,4 - Reliable
ACC-00008586,Clutha District Council,WWN-00133,Lawrence,18,,4 - Reliable,Tertiary,River,57115,,1.858016267,,4.95,,Seasonal Changes,,Data Not Available,0,Measure Not Applicable,0,Measure Not Applicable,4 - Reliable,229,,Number of connections known,,,,430,Data Not Available,2 - Uncertain,2,,Data Not Available,Partially treated wastewater discharges over emergency outflow weir in the event of exceptionally high influent flows and when feed pump and buffering capacity is exceeded,4 - Reliable,2.66413168,,NZS4404,"CDC usually borrows standard from DCC, CCC Engineering Code of Practice or Code of Subdivision. CDC code of practice/design standard is in development.",10,ARI,2 - Uncertain,,Measure Not Applicable,,Data Not Available,,Data Not Available,,Data Not Available,,,Data Not Available,,Data Not Available,,Data Not Available,430,,0,Measure Not Applicable,,0,Measure Not Applicable,2014,,4 - Reliable
ACC-00008586,Clutha District Council,WWN-00134,Milton,48,,4 - Reliable,Tertiary,River,503722,,15.17012746,,140.4,,Significant Weather Events,,Data Not Available,0,Measure Not Applicable,0,Measure Not Applicable,4 - Reliable,969,,Number of connections known,,,,2529,Data Not Available,3 - Less Reliable,3,,Data Not Available,Overflow/bypass of a mix of screened wastewater and stormwater by permit in instances of heavy rainfall event,4 - Reliable,9.254811277,,NZS4404,"CDC usually borrows standard from DCC, CCC Engineering Code of Practice or Code of Subdivision. CDC code of practice/design standard is in development.",10,ARI,2 - Uncertain,595.8117,,,Data Not Available,,Data Not Available,,Data Not Available,1 - Very Uncertain,40,,30,Data Not Available,,Data Not Available,20,,0,Measure Not Applicable,,0,Measure Not Applicable,2024,,4 - Reliable
ACC-00008586,Clutha District Council,WWN-00136,Stirling,10,,4 - Reliable,Tertiary,River,15567,,7.347945776,,35.7,,Significant Weather Events,,Data Not Available,0,Measure Not Applicable,0,Measure Not Applicable,3 - Less Reliable,100,,Number of connections known,7,,Estimation by non-residential buildings,743,,1 - Very Uncertain,1,,Data Not Available,Partially treated wastewater discharges over emergency outflow weir in the event of exceptionally high influent flows and when feed pump and buffering capacity is exceeded,4 - Reliable,4.858500741,,NZS4404,"CDC usually borrows standard from DCC, CCC Engineering Code of Practice or Code of Subdivision. CDC code of practice/design standard is in development.",10,ARI,2 - Uncertain,,Measure Not Applicable,,Data Not Available,,Data Not Available,,Data Not Available,,,Data Not Available,,Data Not Available,,Data Not Available,430,,0,Measure Not Applicable,,0,Measure Not Applicable,2015,,4 - Reliable
ACC-00008586,Clutha District Council,WWN-00137,Tapanui,23,,4 - Reliable,Tertiary,River,128253,,5.071734304,,65.5,,Significant Weather Events,,Data Not Available,0,Measure Not Applicable,0,Measure Not Applicable,4 - Reliable,411,,Number of connections known,,,,760,Data Not Available,1 - Very Uncertain,1,,Data Not Available,Partially treated wastewater discharges over emergency outflow weir in the event of exceptionally high influent flows and when feed pump and buffering capacity is exceeded,4 - Reliable,12.91471439,,NZS4404,"CDC usually borrows standard from DCC, CCC Engineering Code of Practice or Code of Subdivision. CDC code of practice/design standard is in development.",10,ARI,2 - Uncertain,,Measure Not Applicable,,Data Not Available,,Data Not Available,,Data Not Available,,,Data Not Available,,Data Not Available,,Data Not Available,430,,0,Measure Not Applicable,,0,Measure Not Applicable,2019,,4 - Reliable
ACC-00008586,Clutha District Council,WWN-00138,Waihola,18,,4 - Reliable,Tertiary,Lake,48331,,1.597865297,,10.9,,Seasonal Changes,,Data Not Available,0,Measure Not Applicable,0,Measure Not Applicable,4 - Reliable,243,,Number of connections known,9,,Estimation by non-residential buildings,430,,1 - Very Uncertain,1,,Measure Not Applicable,No overflow at this site,4 - Reliable,6.821601309,,NZS4404,"CDC usually borrows standard from DCC, CCC Engineering Code of Practice or Code of Subdivision. CDC code of practice/design standard is in development.",10,ARI,2 - Uncertain,173.03625,,,Data Not Available,,Data Not Available,,Data Not Available,1 - Very Uncertain,,Data Not Available,,Data Not Available,,Data Not Available,,,0,Measure Not Applicable,,0,Measure Not Applicable,2014,,4 - Reliable
ACC-00008513,Dunedin City Council,WWN-00139,Green Island,152,,4 - Reliable,Tertiary,Marine,4108528,,135,,682,,Significant Weather Events,1220896,,3467,,,Measure Not Applicable,5 - Highly Reliable,5358,,Other (Please identify in the comments section),199,,Other (Please identify in the comments section),13881,,4 - Reliable,4,,,Resource consent is required but no consent held - Discharge of wastewater network overflow to water is a discretionary activity under the current Regional Plan: Water for Otago. Discharge of wastewater network overflow to the coast is a discretionary activity under the current Regional Plan: Coast for Otago. No consents are held for wastewater network overflows in the Green Island catchment. Any wastewater network overflows that occur are not consented.,5 - Highly Reliable,5.1,,Internal code of practice,"Dunedin Code of Subdivision and Development 2010, Section 5.3.5.1",10,"Technical level of service only, not a customer level of service. Based on 24-hour rainfall event. Not currently met for whole catchment. Currently under review.",5 - Highly Reliable,,Measure Not Applicable,499,,964,,751,,5 - Highly Reliable,,Measure Not Applicable,,Measure Not Applicable,,Measure Not Applicable,,Measure Not Applicable,,Measure Not Applicable,,,Measure Not Applicable,,Measure Not Applicable,5 - Highly Reliable
ACC-00008513,Dunedin City Council,WWN-00140,Middlemarch,6,,4 - Reliable,Secondary,Wetland,52577,,2,,8,,Significant Weather Events,,Measure Not Applicable,,Measure Not Applicable,,Measure Not Applicable,5 - Highly Reliable,103,,Other (Please identify in the comments section),23,,Other (Please identify in the comments section),198,,4 - Reliable,1,,,Resource consent is required but no consent held - Discharge of wastewater network overflow to water is a discretionary activity under the current Regional Plan: Water for Otago. No consents are held for wastewater network overflows in the Middlemarch catchment. Any wastewater network overflows that occur are not consented.,5 - Highly Reliable,5,,Internal code of practice,"Dunedin Code of Subdivision and Development 2010, Section 5.3.5.1",10,"Technical level of service only, not a customer level of service. Based on 24-hour rainfall event. Not currently met for whole catchment. Currently under review.",4 - Reliable,,Data Not Available,,Data Not Available,,Data Not Available,,Data Not Available,1 - Very Uncertain,,Measure Not Applicable,,Measure Not Applicable,,Measure Not Applicable,,Measure Not Applicable,,Measure Not Applicable,,,Measure Not Applicable,,Data Not Available,4 - Reliable
ACC-00008513,Dunedin City Council,WWN-00141,Mosgiel,112,,4 - Reliable,Tertiary,Measure Not Applicable,1987111,,63,,308,,Significant Weather Events,93510,,,Measure Not Applicable,,Measure Not Applicable,4 - Reliable,5971,,Other (Please identify in the comments section),291,,Other (Please identify in the comments section),14031,,4 - Reliable,0,,,Resource consent is required but no consent held - Discharge of wastewater network overflow to water is a discretionary activity under the current Regional Plan: Water for Otago. No consents are held for wastewater network overflows in the Mosgiel catchment. Any wastewater network overflows that occur are not consented.,5 - Highly Reliable,4.9,,Internal code of practice,"Dunedin Code of Subdivision and Development 2010, Section 5.3.5.1",10,"Technical level of service only, not a customer level of service. Based on 24-hour rainfall event. Not currently met for whole catchment. Currently under review.",4 - Reliable,,Measure Not Applicable,74,,378,,132,,5 - Highly Reliable,,Measure Not Applicable,,Measure Not Applicable,,Measure Not Applicable,,Measure Not Applicable,,Measure Not Applicable,,,Measure Not Applicable,,Measure Not Applicable,5 - Highly Reliable
ACC-00008513,Dunedin City Council,WWN-00142,Seacliff,1,,4 - Reliable,Secondary,Land,2638,,0,,2,,Significant Weather Events,,Measure Not Applicable,,Measure Not Applicable,2638,,4 - Reliable,29,,Other (Please identify in the comments section),0,,Other (Please identify in the comments section),60,,4 - Reliable,1,,,Resource consent is required but no consent held - Discharge of wastewater network overflow to water is a discretionary activity under the current Regional Plan: Water for Otago. Discharge of wastewater network overflow to the coast is a discretionary activity under the current Regional Plan: Coast for Otago. No consents are held for wastewater network overflows in the Seacliff catchment. Any wastewater network overflows that occur are not consented.,5 - Highly Reliable,23.5,,Internal code of practice,"Dunedin Code of Subdivision and Development 2010, Section 5.3.5.1",10,"Technical level of service only, not a customer level of service. Based on 24-hour rainfall event. Not currently met for whole catchment. Currently under review.",4 - Reliable,,Measure Not Applicable,,Data Not Available,,Data Not Available,,Data Not Available,2 - Uncertain,,Measure Not Applicable,,Measure Not Applicable,,Measure Not Applicable,,Measure Not Applicable,,Measure Not Applicable,,,Measure Not Applicable,,Measure Not Applicable,5 - Highly Reliable
ACC-00008513,Dunedin City Council,WWN-00143,Tahuna - Otepoti,625,,4 - Reliable,Tertiary,Marine,12919591,,393,,4401,,Significant Weather Events,1483223,,1232,,,Measure Not Applicable,5 - Highly Reliable,32789,,Other (Please identify in the comments section),2444,,Other (Please identify in the comments section),86848,,4 - Reliable,13,,,Restriced Discretionary - Discharge of wastewater network overflow to water is a discretionary activity under the current Regional Plan: Water for Otago. Discharge of wastewater network overflow to the coast is a discretionary activity under the current Regional Plan: Coast for Otago. Five consents are held that relate to wastewater network overflows in the Tahuna catchment. Any additional wastewater network overflows that occur are not consented.,5 - Highly Reliable,11.2,,Internal code of practice,"Dunedin Code of Subdivision and Development 2010, Section 5.3.5.1",10,"Technical level of service only, not a customer level of service. Based on 24-hour rainfall event. Not currently met for whole catchment. Currently under review.",5 - Highly Reliable,,Measure Not Applicable,903,,454,,530,,5 - Highly Reliable,,Measure Not Applicable,,Measure Not Applicable,,Measure Not Applicable,,Measure Not Applicable,,Measure Not Applicable,,,Measure Not Applicable,,Measure Not Applicable,5 - Highly Reliable
ACC-00008513,Dunedin City Council,WWN-00144,Waikouaiti,29,,4 - Reliable,Secondary,Land,159849,,5,,48,,Significant Weather Events,369,,,Measure Not Applicable,159849,,4 - Reliable,960,,Other (Please identify in the comments section),44,,Other (Please identify in the comments section),2048,,4 - Reliable,2,,,Resource consent is required but no consent held - Discharge of wastewater network overflow to water is a discretionary activity under the current Regional Plan: Water for Otago. Discharge of wastewater network overflow to the coast is a discretionary activity under the current Regional Plan: Coast for Otago. No consents are held for wastewater network overflows in the Waikouaiti catchment. Any wastewater network overflows that occur are not consented.,5 - Highly Reliable,9.5,,Internal code of practice,"Dunedin Code of Subdivision and Development 2010, Section 5.3.5.1",10,"Technical level of service only, not a customer level of service. Based on 24-hour rainfall event. Not currently met for whole catchment. Currently under review.",4 - Reliable,,Measure Not Applicable,,Data Not Available,,Data Not Available,,Data Not Available,2 - Uncertain,,Measure Not Applicable,,Measure Not Applicable,,Measure Not Applicable,,Measure Not Applicable,,Measure Not Applicable,,,Measure Not Applicable,2007,,5 - Highly Reliable
ACC-00008513,Dunedin City Council,WWN-00145,Warrington,7,,4 - Reliable,Secondary,Land,38079,,1,,4,,Significant Weather Events,,Measure Not Applicable,,Measure Not Applicable,38079,,4 - Reliable,237,,Other (Please identify in the comments section),5,,Other (Please identify in the comments section),516,,4 - Reliable,2,,,Resource consent is required but no consent held - Discharge of wastewater network overflow to water is a discretionary activity under the current Regional Plan: Water for Otago. Discharge of wastewater network overflow to the coast is a discretionary activity under the current Regional Plan: Coast for Otago. No consents are held for wastewater network overflows in the Warrington catchment. Any wastewater network overflows that occur are not consented.,5 - Highly Reliable,3.6,,Internal code of practice,"Dunedin Code of Subdivision and Development 2010, Section 5.3.5.1",10,"Technical level of service only, not a customer level of service. Based on 24-hour rainfall event. Not currently met for whole catchment. Currently under review.",4 - Reliable,,Measure Not Applicable,,Data Not Available,,Data Not Available,,Data Not Available,2 - Uncertain,,Measure Not Applicable,,Measure Not Applicable,,Measure Not Applicable,,Measure Not Applicable,,Measure Not Applicable,,,Measure Not Applicable,,Data Not Available,4 - Reliable
ACC-00008510,Far North District Council,WWN-00146,Ahipara,12,,4 - Reliable,Secondary,Wetland,58000,,,Data Not Available,,Data Not Available,,0,Data Not Available,0,Data Not Available,0,Measure Not Applicable,,452,,Number of connections known,0,Data Not Available,Other (Please identify in the comments section),1243,,4 - Reliable,3,,,,,,,NZS4404,,,,2 - Uncertain,33,,0,,0,Data Not Available,0,Data Not Available,4 - Reliable,0,Data Not Available,0,Data Not Available,,,,,,,No,0,Measure Not Applicable,2025,,
ACC-00008510,Far North District Council,WWN-00147,Taipa,52,,4 - Reliable,Primary,Marine,210973,,,Data Not Available,,Data Not Available,Data Not Available,0,Data Not Available,0,Data Not Available,0,Measure Not Applicable,,1233,,Number of connections known,0,Data Not Available,Estimation by non-residential buildings,3391,,4 - Reliable,3,,,,,,,,,,,2 - Uncertain,128,,0,,0,Data Not Available,0,Data Not Available,5 - Highly Reliable,0,Data Not Available,0,Data Not Available,,,,,,,,,,,,
ACC-00008510,Far North District Council,WWN-00148,Hihi,4.3,,4 - Reliable,Tertiary,Wetland,18563,,,Data Not Available,,Data Not Available,Data Not Available,0,Data Not Available,0,Data Not Available,0,Measure Not Applicable,,159,,Number of connections known,0,Data Not Available,Other (Please identify in the comments section),426,,4 - Reliable,3,,,,,,,,,,,2 - Uncertain,11,,0,,0,Data Not Available,0,Data Not Available,4 - Reliable,0,Data Not Available,0,Data Not Available,,,,,,,No,0,Measure Not Applicable,,,
ACC-00008510,Far North District Council,WWN-00150,Kaikohe,38.4,,4 - Reliable,Tertiary,River,337934,,,Data Not Available,,Data Not Available,Data Not Available,,Data Not Available,,,,,,1435,,Number of connections known,0,,,3850,,4 - Reliable,3,,,,,,,,,,'N/A,2 - Uncertain,183,,0,,0,Data Not Available,0,,4 - Reliable,0,Data Not Available,0,Data Not Available,,,,,,,No,0,Measure Not Applicable,,,
ACC-00008510,Far North District Council,WWN-00151,Kaitaia,55,,4 - Reliable,Tertiary,River,895563,,,Data Not Available,,Data Not Available,Data Not Available,,Data Not Available,,,,,,2081,,Number of connections known,0,,,5723,,4 - Reliable,3,,,,,,,,,,'N/A,2 - Uncertain,601,,0,,0,Data Not Available,0,,4 - Reliable,0,Data Not Available,0,Data Not Available,,,,,,,No,0,Measure Not Applicable,,,
ACC-00008510,Far North District Council,WWN-00152,Kawakawa,13,,4 - Reliable,Tertiary,River,178988,,,Data Not Available,,Data Not Available,Data Not Available,,Data Not Available,,,,,,523,,Number of connections known,0,,,1439,,4 - Reliable,,,,,,,,,,,'N/A,2 - Uncertain,189,,0,,0,Data Not Available,0,Data Not Available,4 - Reliable,0,Data Not Available,0,Data Not Available,,,,,,,No,0,Measure Not Applicable,,,
ACC-00008510,Far North District Council,WWN-00153,Kerikeri,24,,4 - Reliable,Tertiary,Wetland,267811,,,Data Not Available,,Data Not Available,Data Not Available,0,Data Not Available,0,Data Not Available,0,Measure Not Applicable,,849,,Number of connections known,0,,,2335,,4 - Reliable,4,,,,,,,,,,'N/A,2 - Uncertain,788,,425,,0,Data Not Available,0,Data Not Available,4 - Reliable,0,Data Not Available,0,Data Not Available,,,,,,,No,0,Measure Not Applicable,,,
ACC-00008510,Far North District Council,WWN-00155,Opononi,13,,4 - Reliable,Secondary,Marine,57187,,,Data Not Available,,Data Not Available,Data Not Available,0,Data Not Available,0,Data Not Available,0,Measure Not Applicable,,333,,Number of connections known,0,,,916,,4 - Reliable,3,,,,,,,,,,,2 - Uncertain,134,,0,,0,Data Not Available,0,Data Not Available,4 - Reliable,0,Data Not Available,0,Data Not Available,,,,,,,,,,,,
ACC-00008510,Far North District Council,WWN-00156,Paihia,51,,4 - Reliable,Secondary,River,307434,,,Data Not Available,,Data Not Available,Data Not Available,0,Data Not Available,0,Data Not Available,0,Measure Not Applicable,,1609,,Number of connections known,0,Data Not Available,Estimation by non-residential buildings,4422,,4 - Reliable,3,,,,,,,,,,,2 - Uncertain,2341,,0,,0,Data Not Available,0,Data Not Available,5 - Highly Reliable,0,Data Not Available,0,Data Not Available,,,,,,,,,,,,
ACC-00008510,Far North District Council,WWN-00157,Rangiputa,3,,4 - Reliable,Secondary,Land,12572,,,Data Not Available,,Data Not Available,Data Not Available,0,Data Not Available,0,Data Not Available,0,Measure Not Applicable,,90,,Number of connections known,0,Data Not Available,Estimation by non-residential buildings,248,,4 - Reliable,3,,,,,,,,,,,2 - Uncertain,27,,0,,0,Data Not Available,0,Data Not Available,5 - Highly Reliable,0,Data Not Available,0,Data Not Available,,,,,,,,,,,,
ACC-00008510,Far North District Council,WWN-00158,Rawene,10,,4 - Reliable,Secondary,Marine,102641,,,Data Not Available,,Data Not Available,Data Not Available,0,Data Not Available,0,Data Not Available,0,Measure Not Applicable,,218,,Number of connections known,0,Data Not Available,Estimation by non-residential buildings,600,,4 - Reliable,3,,,,,,,,,,,2 - Uncertain,380,,0,,0,Data Not Available,0,Data Not Available,5 - Highly Reliable,0,Data Not Available,0,Data Not Available,,,,,,,,,,,,
ACC-00008510,Far North District Council,WWN-00159,Russell,20,,4 - Reliable,Tertiary,Land,41103,,,Data Not Available,,Data Not Available,Data Not Available,0,Data Not Available,0,Data Not Available,42103,,,462,,Number of connections known,0,Data Not Available,Estimation by non-residential buildings,1270,,4 - Reliable,3,,,,,,,,,,,2 - Uncertain,88,,0,,0,Data Not Available,0,Data Not Available,5 - Highly Reliable,0,Data Not Available,0,Data Not Available,,,,,,,,,,,,
ACC-00008510,Far North District Council,WWN-00160,Whatuwhiwhi,26,,4 - Reliable,Secondary,Land,106146,,,Data Not Available,,Data Not Available,Data Not Available,0,Data Not Available,0,Data Not Available,0,Measure Not Applicable,,592,,Number of connections known,0,Data Not Available,Estimation by non-residential buildings,1628,,4 - Reliable,2,,,,,,,,,,,2 - Uncertain,29,,0,,0,Data Not Available,0,Data Not Available,4 - Reliable,0,Data Not Available,0,Data Not Available,,,,,,,,,,,,
ACC-00001008,Gisborne District Council,WWN-00161,Gisborne,336,,4 - Reliable,Tertiary,Marine,778638,,163,,718,,,778638,,3664646,,,Measure Not Applicable,2 - Uncertain,11087,,,931,,,34637,,4 - Reliable,7,,,Permitted under Dry/Wet weather overflows consent.,5 - Highly Reliable,4.17,,NZS4404,,20,,4 - Reliable,,Measure Not Applicable,,Data Not Available,,Measure Not Applicable,,Measure Not Applicable,5 - Highly Reliable,,Data Not Available,20,,,Measure Not Applicable,,Measure Not Applicable,2652,,"All are composted, not re-used.",,Measure Not Applicable,,Measure Not Applicable,3 - Less Reliable
ACC-00001008,Gisborne District Council,WWN-00162,Te Karaka,6,,4 - Reliable,Primary,River,1460,,2,,,Data Not Available,,1460,,388800,,,Measure Not Applicable,2 - Uncertain,151,,,13,,,496,,4 - Reliable,2,,,,3 - Less Reliable,,Data Not Available,NZS4404,,20,,3 - Less Reliable,,Measure Not Applicable,,Data Not Available,,Measure Not Applicable,,Measure Not Applicable,5 - Highly Reliable,,Measure Not Applicable,,Measure Not Applicable,,Measure Not Applicable,,Measure Not Applicable,,Measure Not Applicable,,,Measure Not Applicable,2021,,3 - Less Reliable
ACC-00008531,Gore District Council,WWN-00163,Gore,99,,4 - Reliable,Tertiary,River,2552590,,81,,347,,Significant Weather Events,504029,,1471,,0,,4 - Reliable,3585,,Other (Please identify in the comments section),1156,,Other (Please identify in the comments section),7911,,4 - Reliable,3,,,Resource Consent required,5 - Highly Reliable,9.36,,Other (Please identify in the comments section),"We used a average dry weather flow of 180 to 250 litres/person/ day or 0.7 litre/second/hectare for residential area’s and 0.4 l/s/ha for light industrial, 0.7 l/s/ha for medium industrial and 1.3 l/s/ha for heavy industrial and a dilution/ infiltration factor of 2",18,ARI = 5,4 - Reliable,18,,4,,,Measure Not Applicable,,Measure Not Applicable,3 - Less Reliable,,Measure Not Applicable,,Measure Not Applicable,,Measure Not Applicable,,Measure Not Applicable,,Measure Not Applicable,,,Measure Not Applicable,2023,,5 - Highly Reliable
ACC-00008531,Gore District Council,WWN-00164,Mataura,24,,4 - Reliable,Secondary,River,616497,,19,,105,,Significant Weather Events,2522,,0,,0,,4 - Reliable,725,,Other (Please identify in the comments section),195,,Other (Please identify in the comments section),1629,,4 - Reliable,1,,,Resource Consent required,5 - Highly Reliable,8.3,,Other (Please identify in the comments section),"We used a average dry weather flow of 180 to 250 litres/person/ day or 0.7 litre/second/hectare for residential area’s and 0.4 l/s/ha for light industrial, 0.7 l/s/ha for medium industrial and 1.3 l/s/ha for heavy industrial and a dilution/ infiltration factor of 2",18,ARI = 5,4 - Reliable,7,,1,,,Measure Not Applicable,,Measure Not Applicable,3 - Less Reliable,,Measure Not Applicable,,Measure Not Applicable,,Measure Not Applicable,,Measure Not Applicable,,Measure Not Applicable,,,Measure Not Applicable,,Measure Not Applicable,5 - Highly Reliable
ACC-00008531,Gore District Council,WWN-00165,Waikaka,3,,4 - Reliable,Secondary,Land,9665,,1,,2,,Significant Weather Events,0,,0,,9665,,3 - Less Reliable,47,,Other (Please identify in the comments section),0,,Other (Please identify in the comments section),132,,4 - Reliable,1,,,Resource Consent required,5 - Highly Reliable,9.5,,Other (Please identify in the comments section),"We used a average dry weather flow of 180 to 250 litres/person/ day or 0.7 litre/second/hectare for residential area’s and 0.4 l/s/ha for light industrial, 0.7 l/s/ha for medium industrial and 1.3 l/s/ha for heavy industrial and a dilution/ infiltration factor of 2",18,ARI = 5,4 - Reliable,1,,0,,,Measure Not Applicable,,Measure Not Applicable,3 - Less Reliable,,Measure Not Applicable,,Measure Not Applicable,,Measure Not Applicable,,Measure Not Applicable,,Measure Not Applicable,,,Measure Not Applicable,,Measure Not Applicable,5 - Highly Reliable
ACC-00001015,Grey District Council,WWN-00166,Blackball,10,,5 - Highly Reliable,Secondary,River,,Data Not Available,,Data Not Available,,Data Not Available,Population Variance,,Data Not Available,0,,0,,4 - Reliable,176,,Other (Please identify in the comments section),20,,Other (Please identify in the comments section),280,,4 - Reliable,1,,,Controlled - Council has consent for locations where overflows may occur.,4 - Reliable,,Data Not Available,NZS4404,CCC and HamiltonCC. Peaking factor of 6.,,"Waste Water only, no stormwater ingress in system.",5 - Highly Reliable,,Measure Not Applicable,,Data Not Available,,Measure Not Applicable,,Measure Not Applicable,4 - Reliable,,Data Not Available,,Data Not Available,,Measure Not Applicable,,Data Not Available,,Measure Not Applicable,,,Measure Not Applicable,,Data Not Available,4 - Reliable
ACC-00001015,Grey District Council,WWN-00167,Cobden,26,,5 - Highly Reliable,Tertiary,River,,Data Not Available,,Data Not Available,,Data Not Available,Significant Weather Events,,Data Not Available,0,,0,,4 - Reliable,720,,Other (Please identify in the comments section),80,,Other (Please identify in the comments section),1576,,4 - Reliable,1,,,Controlled - Council has consent for locations where overflows may occur.,4 - Reliable,,Data Not Available,NZS4404,CCC and HamiltonCC. Peaking factor of 6.,,"This system ia a mix of older combined sewer/stormwater reticulation and new sewer only reticulation. Council is in progress of  requiring residents to complete onsite sewer/stormwater seperation and connection to the new sewer only system. It is expected that the remaining properties will be connected within the next 7 - 9 years, following an enforcement process.",4 - Reliable,,Measure Not Applicable,,Data Not Available,,Measure Not Applicable,,Measure Not Applicable,4 - Reliable,,Data Not Available,,Data Not Available,,Measure Not Applicable,,Data Not Available,,Measure Not Applicable,,,Measure Not Applicable,,Measure Not Applicable,4 - Reliable
ACC-00001015,Grey District Council,WWN-00168,Greymouth -Preston Rd,94,,5 - Highly Reliable,Tertiary,River,1640000,,52,,100,,Significant Weather Events,,Data Not Available,0,,0,,4 - Reliable,2408,,Other (Please identify in the comments section),268,,Other (Please identify in the comments section),5484,,4 - Reliable,2,,,Controlled - Council has consent for locations where overflows may occur.,4 - Reliable,1.9,,NZS4404,CCC and HamiltonCC. Peaking factor of 6.,,"This system ia a mix of older combined sewer/stormwater reticulation and new sewer only reticulation. Council is in progress of  requiring residents to complete onsite sewer/stormwater seperation and connection to the new sewer only system. It is expected that the remaining properties will be connected within the next 7 - 9 years, following an enforcement process.",4 - Reliable,,Measure Not Applicable,,Data Not Available,,Measure Not Applicable,,Measure Not Applicable,4 - Reliable,,Data Not Available,,Data Not Available,,Measure Not Applicable,,Data Not Available,,Measure Not Applicable,,,Measure Not Applicable,,Measure Not Applicable,4 - Reliable
ACC-00001015,Grey District Council,WWN-00169,Te Kinga,4,,5 - Highly Reliable,Secondary,Land,,Data Not Available,,Data Not Available,,Data Not Available,Population Variance,,Data Not Available,0,,,Data Not Available,4 - Reliable,37,,Other (Please identify in the comments section),4,,Other (Please identify in the comments section),108,,4 - Reliable,1,,,Controlled - Council has consent for locations where overflows may occur.,4 - Reliable,,Data Not Available,NZS4404,CCC and HamiltonCC. Peaking factor of 6.,,"Waste Water only, no stormwater ingress in system.",5 - Highly Reliable,,Measure Not Applicable,,Data Not Available,,Measure Not Applicable,,Measure Not Applicable,4 - Reliable,,Data Not Available,,Data Not Available,,Measure Not Applicable,,Data Not Available,,Measure Not Applicable,,,Measure Not Applicable,,Measure Not Applicable,4 - Reliable
ACC-00001015,Grey District Council,WWN-00170,Karoro/Paroa,26,,5 - Highly Reliable,Secondary,Marine,,Data Not Available,,Data Not Available,,Data Not Available,Significant Weather Events,,Data Not Available,0,,0,,4 - Reliable,654,,Other (Please identify in the comments section),73,,Other (Please identify in the comments section),1086,,4 - Reliable,1,,,Controlled - Council has consent for locations where overflows may occur.,4 - Reliable,,Data Not Available,NZS4404,CCC and HamiltonCC. Peaking factor of 6.,,"One consented overflow location, monitored by SCADA and alarm monitoring system.",4 - Reliable,,Data Not Available,,Data Not Available,,Measure Not Applicable,,Measure Not Applicable,4 - Reliable,,Data Not Available,,Data Not Available,,Measure Not Applicable,,Data Not Available,,Measure Not Applicable,,,Measure Not Applicable,,Data Not Available,4 - Reliable
ACC-00001015,Grey District Council,WWN-00171,Moana,9,,5 - Highly Reliable,Secondary,River,,Data Not Available,,Data Not Available,,Data Not Available,Population Variance,,Data Not Available,0,,0,,4 - Reliable,268,,Other (Please identify in the comments section),30,,Other (Please identify in the comments section),198,,4 - Reliable,1,,,Controlled - Council has consent for locations where overflows may occur.,4 - Reliable,,Data Not Available,NZS4404,CCC and HamiltonCC. Peaking factor of 6.,,"Waste Water only, no stormwater ingress in system.",5 - Highly Reliable,,Data Not Available,,Data Not Available,,Measure Not Applicable,,Measure Not Applicable,4 - Reliable,,Data Not Available,,Data Not Available,,Measure Not Applicable,,Data Not Available,,Measure Not Applicable,,,Measure Not Applicable,,Data Not Available,4 - Reliable
ACC-00001015,Grey District Council,WWN-00172,Runanga,19,,5 - Highly Reliable,Secondary,River,290000,,9,,20,,Significant Weather Events,,Data Not Available,,Data Not Available,0,,4 - Reliable,481,,Other (Please identify in the comments section),53,,Other (Please identify in the comments section),1010,,4 - Reliable,1,,,Controlled - Council has consent for locations where overflows may occur.,4 - Reliable,2.2,,NZS4404,CCC and HamiltonCC. Peaking factor of 6.,,"One consented overflow location, monitored by SCADA and alarm monitoring system.",4 - Reliable,,Measure Not Applicable,,Data Not Available,,Measure Not Applicable,,Measure Not Applicable,4 - Reliable,,Data Not Available,,Data Not Available,,Measure Not Applicable,,Data Not Available,,Measure Not Applicable,,,Measure Not Applicable,,Data Not Available,4 - Reliable
ACC-00001003,Hamilton City Council,WWN-00173,Pukete,1277,,4 - Reliable,Tertiary,River,20341633,,643,,893,,Significant Weather Events,1667561,,4148,,,Measure Not Applicable,4 - Reliable,55282,,Number of connections known,5129,,,185300,,4 - Reliable,6,,,Overflows to the enviorment are unconsented,,2.77,,NZS4404,Regional Inferstructure Technical Specification,,1 in 2 ARI,,,Data Not Available,,Data Not Available,,Data Not Available,,Data Not Available,,10309,,20.23,,0,,0,,100,,Vermicasting operation. Tokoroa,0,,,Measure Not Applicable,
ACC-00008532,Hastings District Council,WWN-00174,East Clive,613.7,,5 - Highly Reliable,Secondary,Marine,15619002,,400,,1200,Data Not Available,Significant Weather Events,26188031,,,Data Not Available,0,Measure Not Applicable,4 - Reliable,20688,,Other (Please identify in the comments section),1536,,Other (Please identify in the comments section),62386,,3 - Less Reliable,9,,,Wastewater overflows are not a permitted activity. Drop down selection not working,5 - Highly Reliable,3,,Internal code of practice,NZS4404 is referenced throughout internal engineering code of practice,18,LOS statement is that all flows should be contained in a min 5 year event,5 - Highly Reliable,0,Measure Not Applicable,1209,,0,Measure Not Applicable,0,Measure Not Applicable,3 - Less Reliable,0,Measure Not Applicable,0,Measure Not Applicable,0,Measure Not Applicable,0,Measure Not Applicable,0,Measure Not Applicable,,0,Measure Not Applicable,0,Measure Not Applicable,5 - Highly Reliable
ACC-00008532,Hastings District Council,WWN-00175,Waipatiki,4.6,,5 - Highly Reliable,Secondary,Land,1286,,1,,1,,Significant Weather Events,0,,0,,1286,,2 - Uncertain,68,,Other (Please identify in the comments section),0,,Other (Please identify in the comments section),228,,3 - Less Reliable,1,,,Wastewater overflows are not a permitted activity. Drop down selection not working,5 - Highly Reliable,1,,Internal code of practice,NZS4404 is referenced throughout internal engineering code of practice,18,LOS statement is that all flows should be contained in a min 5 year event,5 - Highly Reliable,0,Measure Not Applicable,0,,0,Measure Not Applicable,0,Measure Not Applicable,3 - Less Reliable,0,Measure Not Applicable,0,Measure Not Applicable,0,Measure Not Applicable,0,Measure Not Applicable,0,Measure Not Applicable,,0,Measure Not Applicable,0,Measure Not Applicable,5 - Highly Reliable
ACC-00008587,Hauraki District Council,WWN-00176,Kerepehi,11,,4 - Reliable,Secondary,River,54670.3855,,1,,2,,Other (Please identify in the comments section),27472,,0,,,Measure Not Applicable,4 - Reliable,199,,Number of connections known,15,,Number of metered connections,340.34,,3 - Less Reliable,2,,Measure Not Applicable,Prohibited activity under regional plan,5 - Highly Reliable,2,,Other (Please identify in the comments section),HDC Eng manual & RITS (Regional Infrastructure Technical Specifications),0,Annual Exceedance Probability,4 - Reliable,,Data Not Available,,Data Not Available,,Measure Not Applicable,,Measure Not Applicable,4 - Reliable,,Measure Not Applicable,,Measure Not Applicable,,Measure Not Applicable,,Measure Not Applicable,,Measure Not Applicable,,,Measure Not Applicable,2022,,5 - Highly Reliable
ACC-00008587,Hauraki District Council,WWN-00177,Ngatea,22,,4 - Reliable,Secondary,River,131157.9351,,6,,12,,Other (Please identify in the comments section),0,,0,,,Measure Not Applicable,4 - Reliable,597,,Number of connections known,47,,Number of metered connections,473.62,,3 - Less Reliable,3,,Measure Not Applicable,Prohibited activity under regional plan,5 - Highly Reliable,2,,Other (Please identify in the comments section),HDC Eng manual & RITS (Regional Infrastructure Technical Specifications),0,Annual Exceedance Probability,4 - Reliable,,Measure Not Applicable,,Data Not Available,,Measure Not Applicable,,Measure Not Applicable,4 - Reliable,,Measure Not Applicable,,Measure Not Applicable,,Measure Not Applicable,,Measure Not Applicable,,Measure Not Applicable,,,Measure Not Applicable,2021,,5 - Highly Reliable
ACC-00008587,Hauraki District Council,WWN-00178,Paeroa,54,,4 - Reliable,Tertiary,River,796039,,29,,82,,Other (Please identify in the comments section),,Data Not Available,,Data Not Available,,Measure Not Applicable,4 - Reliable,1781,,Number of connections known,180,,Number of metered connections,4238.78,,3 - Less Reliable,2,,Measure Not Applicable,Prohibited activity under regional plan,5 - Highly Reliable,2.827586207,,Other (Please identify in the comments section),HDC Eng manual & RITS (Regional Infrastructure Technical Specifications),0,Annual Exceedance Probability,4 - Reliable,,Measure Not Applicable,,Data Not Available,,Measure Not Applicable,,Measure Not Applicable,4 - Reliable,,Measure Not Applicable,,Measure Not Applicable,,Measure Not Applicable,,Measure Not Applicable,,Measure Not Applicable,,,Measure Not Applicable,2022,,5 - Highly Reliable
ACC-00008587,Hauraki District Council,WWN-00179,Turua,5,,4 - Reliable,Secondary,River,31631.42027,,1,,3,,Other (Please identify in the comments section),0,,0,,,Measure Not Applicable,4 - Reliable,143,,Number of connections known,11,,Number of metered connections,1420.86,,3 - Less Reliable,3,,Measure Not Applicable,Prohibited activity under regional plan,5 - Highly Reliable,3,,Other (Please identify in the comments section),HDC Eng manual & RITS (Regional Infrastructure Technical Specifications),0,Annual Exceedance Probability,4 - Reliable,,Measure Not Applicable,,Data Not Available,,Measure Not Applicable,,Measure Not Applicable,4 - Reliable,,Measure Not Applicable,,Measure Not Applicable,,Measure Not Applicable,,Measure Not Applicable,,Measure Not Applicable,,,Measure Not Applicable,2022,,5 - Highly Reliable
ACC-00008587,Hauraki District Council,WWN-00180,Waihi,69,,4 - Reliable,Tertiary,River,771741.347,,25,,31,,Other (Please identify in the comments section),0,,0,,,Measure Not Applicable,4 - Reliable,2280,,Number of connections known,147,,Number of metered connections,5426.4,,3 - Less Reliable,4,,Measure Not Applicable,Prohibited activity under regional plan,5 - Highly Reliable,1.24,,Other (Please identify in the comments section),HDC Eng manual & RITS (Regional Infrastructure Technical Specifications),0,Annual Exceedance Probability,4 - Reliable,,Measure Not Applicable,,Data Not Available,,Data Not Available,,Data Not Available,4 - Reliable,,Data Not Available,,Data Not Available,,Measure Not Applicable,,Measure Not Applicable,,Measure Not Applicable,,,Measure Not Applicable,2022,,5 - Highly Reliable
ACC-00008587,Hauraki District Council,WWN-00181,Waitakaruru,6,,4 - Reliable,Tertiary,Marine,6946.162672,,,Data Not Available,,Data Not Available,Other (Please identify in the comments section),0,,0,,,Measure Not Applicable,4 - Reliable,40,,Number of connections known,6,,Number of metered connections,95.2,,3 - Less Reliable,1,,Measure Not Applicable,Prohibited activity under regional plan,5 - Highly Reliable,,Data Not Available,Other (Please identify in the comments section),HDC Eng manual & RITS (Regional Infrastructure Technical Specifications),0,Annual Exceedance Probability,4 - Reliable,,Measure Not Applicable,,Data Not Available,,Measure Not Applicable,,Measure Not Applicable,4 - Reliable,,Measure Not Applicable,,Measure Not Applicable,,Measure Not Applicable,,Measure Not Applicable,,Measure Not Applicable,,,Measure Not Applicable,,Measure Not Applicable,5 - Highly Reliable
ACC-00008587,Hauraki District Council,WWN-00182,Whiritoa,11,,4 - Reliable,Tertiary,Land,444444,,2,,2,,Other (Please identify in the comments section),0,,0,,44444,,4 - Reliable,538,,Number of connections known,1,,Number of metered connections,1280.44,,3 - Less Reliable,1,,Measure Not Applicable,Prohibited activity under regional plan,5 - Highly Reliable,1,,Other (Please identify in the comments section),HDC Eng manual & RITS (Regional Infrastructure Technical Specifications),0,Annual Exceedance Probability,4 - Reliable,,Measure Not Applicable,,Data Not Available,,Measure Not Applicable,,Measure Not Applicable,4 - Reliable,,Measure Not Applicable,,Measure Not Applicable,,Measure Not Applicable,,Measure Not Applicable,,Measure Not Applicable,,,Measure Not Applicable,,Data Not Available,4 - Reliable
ACC-00001034,Horowhenua District Council,WWN-00183,Foxton Beach,38,,4 - Reliable,Secondary,Land,253018,,8,,21,,Significant Weather Events,0,Data Not Available,0,Data Not Available,245669,,5 - Highly Reliable,1706,,Number of connections known,21,,Number of metered connections,3753,,4 - Reliable,2,,Data Not Available,stormwater consent discharge application underway - Levin and Foxton Beach,4 - Reliable,2.65,,Internal code of practice,"Engineer master planning with calculated growth estimates to allow adquate capacity and treatment, meets standards and is cost appropriate for rates.",,"Yet to be determined, program to lower I and I in place targeting old ww pipes for replacement, smoke testing cctv",4 - Reliable,,Measure Not Applicable,,Data Not Available,,Data Not Available,,Data Not Available,4 - Reliable,,Data Not Available,,Data Not Available,,Data Not Available,,Data Not Available,0,Data Not Available,all are stock piled and landfilled by the truckload - no mass,,Measure Not Applicable,,Data Not Available,4 - Reliable
ACC-00001034,Horowhenua District Council,WWN-00184,Foxton,41,,4 - Reliable,Secondary,Land,550456,,17,,42,,Significant Weather Events,206183,,0,Data Not Available,457346,,5 - Highly Reliable,1365,,Number of connections known,107,,Number of metered connections,3097,,4 - Reliable,5,,Data Not Available,stormwater consent discharge application underway - Levin and Foxton Beach,4 - Reliable,2.47,,Internal code of practice,"Engineer master planning with calculated growth estimates to allow adquate capacity and treatment, meets standards and is cost appropriate for rates.",,"Yet to be determined, program to lower I and I in place targeting old ww pipes for replacement, smoke testing cctv",4 - Reliable,,Measure Not Applicable,,Data Not Available,,Data Not Available,,Data Not Available,4 - Reliable,,Data Not Available,,Data Not Available,,Data Not Available,,Data Not Available,0,Data Not Available,all are stock piled and landfilled by the truckload - no mass,,Measure Not Applicable,,Data Not Available,4 - Reliable
ACC-00001034,Horowhenua District Council,WWN-00185,Levin,215,,4 - Reliable,Secondary,Land,2611648,,83,,247,,Significant Weather Events,350503,,2123,,2167983,,5 - Highly Reliable,7986,,Number of connections known,518,,Number of metered connections,17569,,4 - Reliable,6,,Data Not Available,stormwater consent discharge application underway - Levin and Foxton Beach,4 - Reliable,2.97,,Internal code of practice,"Engineer master planning with calculated growth estimates to allow adquate capacity and treatment, meets standards and is cost appropriate for rates.",,"Yet to be determined, program to lower I and I in place targeting old ww pipes for replacement, smoke testing cctv",4 - Reliable,,Measure Not Applicable,,Data Not Available,,Data Not Available,,Data Not Available,4 - Reliable,,Data Not Available,,Data Not Available,,Data Not Available,,Data Not Available,0,Data Not Available,all are stock piled and landfilled by the truckload - no mass,,Measure Not Applicable,,Data Not Available,4 - Reliable
ACC-00001034,Horowhenua District Council,WWN-00186,Shannon,35,,4 - Reliable,Secondary,Land,80847,,3,,23,,Significant Weather Events,0,Data Not Available,0,Data Not Available,193450,,5 - Highly Reliable,822,,Number of connections known,56,,Number of metered connections,1808,,4 - Reliable,5,,Data Not Available,,4 - Reliable,7.6,,Internal code of practice,"Engineer master planning with calculated growth estimates to allow adquate capacity and treatment, meets standards and is cost appropriate for rates.",,"Yet to be determined, program to lower I and I in place targeting old ww pipes for replacement, smoke testing cctv",4 - Reliable,,Measure Not Applicable,,Data Not Available,,Data Not Available,,Data Not Available,4 - Reliable,,Data Not Available,,Data Not Available,,Data Not Available,,Data Not Available,0,Data Not Available,all are stock piled and landfilled by the truckload - no mass,,Measure Not Applicable,,Data Not Available,4 - Reliable
ACC-00001034,Horowhenua District Council,WWN-00187,Tokomaru,7,,4 - Reliable,Secondary,Wetland,37412,,1,,8,,Significant Weather Events,0,Data Not Available,0,Data Not Available,16692,,5 - Highly Reliable,165,,Number of connections known,8,,Number of metered connections,363,,4 - Reliable,3,,Data Not Available,,4 - Reliable,8,,Internal code of practice,"Engineer master planning with calculated growth estimates to allow adquate capacity and treatment, meets standards and is cost appropriate for rates.",,"Yet to be determined, program to lower I and I in place targeting old ww pipes for replacement, smoke testing cctv",4 - Reliable,,Measure Not Applicable,,Data Not Available,,Data Not Available,,Data Not Available,4 - Reliable,,Data Not Available,,Data Not Available,,Data Not Available,,Data Not Available,0,Data Not Available,all are stock piled and landfilled by the truckload - no mass,,Measure Not Applicable,,Data Not Available,4 - Reliable
ACC-00001034,Horowhenua District Council,WWN-00188,Waitarere Beach,36,,4 - Reliable,Secondary,Land,70445,,2,,6,,Significant Weather Events,0,Data Not Available,0,Data Not Available,29016,,5 - Highly Reliable,1093,,Number of connections known,11,,Number of metered connections,2404,,4 - Reliable,2,,Data Not Available,,4 - Reliable,3,,Internal code of practice,"Engineer master planning with calculated growth estimates to allow adquate capacity and treatment, meets standards and is cost appropriate for rates.",,"Yet to be determined, program to lower I and I in place targeting old ww pipes for replacement, smoke testing cctv",4 - Reliable,,Measure Not Applicable,,Data Not Available,,Data Not Available,,Data Not Available,4 - Reliable,,Data Not Available,,Data Not Available,,Data Not Available,,Data Not Available,0,Data Not Available,all are stock piled and landfilled by the truckload - no mass,,Measure Not Applicable,,Data Not Available,4 - Reliable
ACC-00001012,Hurunui District Council,WWN-00189,Amberley,72,,5 - Highly Reliable,Secondary,Land,372815,,17,,35,,Significant Weather Events,0,Data Not Available,0,,372815,,4 - Reliable,,Data Not Available,,,Data Not Available,,2880,,2 - Uncertain,2,,Measure Not Applicable,No selection available in template,4 - Reliable,2.058823529,,Internal code of practice,,,,,,Data Not Available,,Data Not Available,,Data Not Available,,Data Not Available,5 - Highly Reliable,,Data Not Available,,Data Not Available,0,,0,,0,,,0,,2020,,
ACC-00001012,Hurunui District Council,WWN-00190,Cheviot,8,,5 - Highly Reliable,Secondary,Land,59578,,9,,17,,Significant Weather Events,0,Data Not Available,0,,59578,,4 - Reliable,,Data Not Available,,,Data Not Available,,390,,2 - Uncertain,1,,Measure Not Applicable,No selection available in template,4 - Reliable,1.888888889,,Internal code of practice,,,,,,Data Not Available,,Data Not Available,,Data Not Available,,Data Not Available,5 - Highly Reliable,,Data Not Available,,Data Not Available,0,,0,,0,,,0,,1980,,
ACC-00001012,Hurunui District Council,WWN-00191,Greta Valley,3,,5 - Highly Reliable,Primary,Land,7167,,1,,2,,Significant Weather Events,0,Data Not Available,0,,7167,,4 - Reliable,,Data Not Available,,,Data Not Available,,75,,2 - Uncertain,2,,Measure Not Applicable,No selection available in template,4 - Reliable,2,,Internal code of practice,,,,,,Data Not Available,,Data Not Available,,Data Not Available,,Data Not Available,5 - Highly Reliable,,Data Not Available,,Data Not Available,0,,0,,0,,,0,,1975,,
ACC-00001012,Hurunui District Council,WWN-00192,Hanmer Springs,50,,5 - Highly Reliable,Tertiary,Land,481465,,20,,55,,Significant Weather Events,0,Data Not Available,0,,481465,,4 - Reliable,,Data Not Available,,,Data Not Available,,846,,2 - Uncertain,4,,Measure Not Applicable,No selection available in template,4 - Reliable,2.75,,Internal code of practice,,,,,,Data Not Available,,Data Not Available,,Data Not Available,,Data Not Available,5 - Highly Reliable,,Data Not Available,,Data Not Available,0,,0,,0,,,0,,2018,,
ACC-00001012,Hurunui District Council,WWN-00193,Hawarden,5,,5 - Highly Reliable,Secondary,River,33580,,1,,5,,Significant Weather Events,0,Data Not Available,0,,0,,3 - Less Reliable,,Data Not Available,,,Data Not Available,,219,,2 - Uncertain,1,,Measure Not Applicable,No selection available in template,4 - Reliable,5,,Internal code of practice,,,,,,Data Not Available,,Data Not Available,,Data Not Available,,Data Not Available,5 - Highly Reliable,,Data Not Available,,Data Not Available,0,,0,,0,,,0,,2016,,
ACC-00001012,Hurunui District Council,WWN-00194,Motunau Beach,5,,5 - Highly Reliable,Secondary,Land,7481,,1,,2,,Significant Weather Events,0,Data Not Available,0,,7481,,4 - Reliable,,Data Not Available,,,Data Not Available,,27,,2 - Uncertain,1,,Measure Not Applicable,No selection available in template,4 - Reliable,2,,Internal code of practice,,,,,,Data Not Available,,Data Not Available,,Data Not Available,,Data Not Available,5 - Highly Reliable,,Data Not Available,,Data Not Available,0,,0,,0,,,0,,2018,,
ACC-00001012,Hurunui District Council,WWN-00195,Waikari,11,,5 - Highly Reliable,Secondary,Land,36979,,5,,8,,Significant Weather Events,0,Data Not Available,0,,36979,,4 - Reliable,,Data Not Available,,,Data Not Available,,273,,2 - Uncertain,6,,Measure Not Applicable,No selection available in template,4 - Reliable,1.6,,Internal code of practice,,,,,,Data Not Available,,Data Not Available,,Data Not Available,,Data Not Available,5 - Highly Reliable,,Data Not Available,,Data Not Available,0,,0,,0,,,0,,2017,,
ACC-00008502,Invercargill City Council,WWN-00196,Bluff,26,,4 - Reliable,Secondary,Marine,354005,,11,,45,,Significant Weather Events,60000,,0,,0,,4 - Reliable,1049,,Number of connections known,67,,Other (Please identify in the comments section),1820,,4 - Reliable,2,,Measure Not Applicable,No consent or condition of discharge consent held,5 - Highly Reliable,4,,Internal code of practice,Based on 0.7litre/sec/ha. This value included for peaking flows. In our Code for Land Development.,100,No wastewater overflows as a result of stormwater ingress,5 - Highly Reliable,0,,79,,0,,0,,5 - Highly Reliable,0,,0,,100,,0,,0,,,0,,,Measure Not Applicable,5 - Highly Reliable
ACC-00008502,Invercargill City Council,WWN-00197,Clifton,350,,4 - Reliable,Tertiary,Estuary,11616989,,365,,1150,,Significant Weather Events,2000000,,43500,,0,,4 - Reliable,21323,,Other (Please identify in the comments section),1500,,Other (Please identify in the comments section),52034,,4 - Reliable,8,,Measure Not Applicable,Emergency discharge consent held,5 - Highly Reliable,3,,Internal code of practice,Based on 0.7litre/sec/ha. This value included for peaking flows. In our Code for Land Development.,100,No wastewater overflows as a result of stormwater ingress,5 - Highly Reliable,0,,3597,,4,,39,,4 - Reliable,24663,,2.6,,100,,0,,0,,No reuse of biosolids.  Biosolids are spread to reserve land with final intention of planting the land in natives.,0,,,Measure Not Applicable,4 - Reliable
ACC-00008502,Invercargill City Council,WWN-00198,Omaui,2,,4 - Reliable,Secondary,Land,1752,,1,,1,,Measure Not Applicable,0,,0,,1752,,4 - Reliable,32,,Number of connections known,0,,Other (Please identify in the comments section),50,,4 - Reliable,1,,Measure Not Applicable,No consent or condition of discharge consent held,5 - Highly Reliable,1,,Internal code of practice,Based on 0.7litre/sec/ha. This value included for peaking flows. In our Code for Land Development.,100,No known infiltration to this very small network,5 - Highly Reliable,0,,2,,0,,0,,5 - Highly Reliable,0,,0,,100,,0,,0,,,0,,,Measure Not Applicable,5 - Highly Reliable
ACC-00001004,Kaikoura District Council,WWN-00199,Kaikoura,63,,4 - Reliable,Secondary,Land,374847,,12,,40,,Significant Weather Events,0,Data Not Available,150,,318620,Data Not Available,4 - Reliable,1400,,Estimation by residential buildings,50,,Estimation by non-residential buildings,3750,,4 - Reliable,10,,,Restricted discretionary,5 - Highly Reliable,333,,NZS4404,,90,,4 - Reliable,,Data Not Available,,Data Not Available,,Data Not Available,,Data Not Available,5 - Highly Reliable,25,,40,,100,,0,,0,,,0,,2023,,3 - Less Reliable
ACC-00001094,Kaipara District Council,WWN-00200,Dargaville,53,,4 - Reliable,Secondary,Land,760962,,24,,65,,Significant Weather Events,0,Data Not Available,0,Measure Not Applicable,858855,,4 - Reliable,2018,,Number of connections known,281,,Other (Please identify in the comments section),4637,,3 - Less Reliable,1,,,Permitted,3 - Less Reliable,,,NZS4404,,0,SW and rain events are currently not specifically related back to WW - however it is a known issue which needs to be addressed. SW systems are required to cope with a 1:50 year event or 2 % AEP,3 - Less Reliable,,Data Not Available,,Data Not Available,,Data Not Available,,Data Not Available,2 - Uncertain,0,,0,,0,,0,,0,,,0,,2021,,4 - Reliable
ACC-00001094,Kaipara District Council,WWN-00201,Glinks Gully,5,Data Not Available,4 - Reliable,Pre-treatment,Land,2822,,1,,1,,Seasonal Changes,0,Data Not Available,0,Measure Not Applicable,2822,,4 - Reliable,24,,Number of connections known,1,,Other (Please identify in the comments section),50,,3 - Less Reliable,1,,,Restricted Discretionary,3 - Less Reliable,,,NZS4404,,,,3 - Less Reliable,,Data Not Available,,Data Not Available,,Data Not Available,,Data Not Available,2 - Uncertain,0,,0,,0,,0,,0,,,0,,,Measure Not Applicable,4 - Reliable
ACC-00001094,Kaipara District Council,WWN-00202,Kaiwaka,6,,4 - Reliable,Tertiary,Wetland,,Data Not Available,,Data Not Available,,Data Not Available,,0,Data Not Available,0,Measure Not Applicable,,Measure Not Applicable,4 - Reliable,155,,Number of connections known,31,,Other (Please identify in the comments section),590,,3 - Less Reliable,1,,,Resource Consent is required but no consent held,3 - Less Reliable,,,NZS4404,,,,3 - Less Reliable,,Data Not Available,,Data Not Available,,Data Not Available,,Data Not Available,2 - Uncertain,0,Data Not Available,0,,0,,0,,0,,,0,,2013,,3 - Less Reliable
ACC-00001094,Kaipara District Council,WWN-00203,Mangawhai,148,,4 - Reliable,Tertiary,Land,258750,,8,,21,,Significant Weather Events,0,Data Not Available,0,Measure Not Applicable,202486,,4 - Reliable,2696,,Number of connections known,68,,Other (Please identify in the comments section),3881,,3 - Less Reliable,1,,,Permitted,3 - Less Reliable,,,NZS4404,,,SW and rain events are currently not specifically related back to WW - however it is a known issue which needs to be addressed. SW systems are required to cope with a 1:50 year event or 2 % AEP,3 - Less Reliable,,Data Not Available,,Data Not Available,,Data Not Available,,Data Not Available,2 - Uncertain,0,,12,,0,,936,,0,,,0,,2017,,3 - Less Reliable
ACC-00001094,Kaipara District Council,WWN-00204,Maungaturoto,15,,4 - Reliable,Tertiary,Marine,127170,,4,,22,,Significant Weather Events,0,Data Not Available,0,Measure Not Applicable,,Measure Not Applicable,4 - Reliable,341,,Number of connections known,66,,Other (Please identify in the comments section),677,,3 - Less Reliable,1,,,Restricted Discretionary,3 - Less Reliable,,,NZS4404,,,,3 - Less Reliable,,Data Not Available,,Data Not Available,,Data Not Available,,Data Not Available,2 - Uncertain,0,,0,,0,,0,,0,,,0,,2014,,3 - Less Reliable
ACC-00001094,Kaipara District Council,WWN-00205,Maungaturoto Railway Village,2,Data Not Available,4 - Reliable,Pre-treatment,Wetland,,Data Not Available,,Data Not Available,,Data Not Available,,0,Data Not Available,0,Measure Not Applicable,695,,4 - Reliable,7,,Number of connections known,0,,Other (Please identify in the comments section),17,,3 - Less Reliable,1,,,Restricted Discretionary,3 - Less Reliable,,,NZS4404,,,,3 - Less Reliable,,Data Not Available,,Data Not Available,,Data Not Available,,Data Not Available,2 - Uncertain,0,Data Not Available,0,,0,,0,,0,,,0,,,Measure Not Applicable,4 - Reliable
ACC-00001094,Kaipara District Council,WWN-00206,Te Kopuru,8,,4 - Reliable,Secondary,River,,Data Not Available,,Data Not Available,,Data Not Available,Data Not Available,0,Data Not Available,0,Measure Not Applicable,,Measure Not Applicable,4 - Reliable,197,,Number of connections known,16,,Other (Please identify in the comments section),526,,3 - Less Reliable,1,,,Resource Consent is required but no consent held,3 - Less Reliable,,,NZS4404,,,,3 - Less Reliable,,Data Not Available,,Data Not Available,,Data Not Available,,Data Not Available,2 - Uncertain,0,,0,,0,,0,,0,,,0,,,Data Not Available,4 - Reliable
ACC-00008506,Kapiti Coast District Council,WWN-00207,Otaki,82.304148,,5 - Highly Reliable,Tertiary,Land,582240,,18.8,,157.9,,Otaki Peak flow was on the 1/09/24 and coincides with 21.5 mm of daily rainfall and 112.0 mm in the prior 7 days,1420,,0,,582570.5,,4 - Reliable,3383,,Estimation by residential buildings,335,,Estimation by non-residential buildings,7424,,4 - Reliable,3,,,"Notify Greater Wellington,affected mana Whenua and Fish and Game within 24 hours of overflow event. Keep each party informed on water sampling until the affected water body returns to ""normal"" water quality. Upon completion on event, Council updates the wastewater overflow register",5 - Highly Reliable,2.9,,Other (Please identify in the comments section),HAL Report from 2025 verficiation outlined needed upgrades  that exceed the 1:5 year containmnet standard,20,1:5 year Council budgets set to respond to 1:2 year improvements but containment standard is 1:5 year.,4 - Reliable,0,,126,,0,,0,,4 - Reliable,3500,,9,,0,,0,,0,,,0,,2023,,4 - Reliable
ACC-00008506,Kapiti Coast District Council,WWN-00208,Paraparaumu,407.459951,,5 - Highly Reliable,Tertiary,Stream,3629438.912,,115.2,,222.3,,Paraparaumu Peak flow was on the 1/09/24 and coincides with 17.0 mm of daily rainfall  and 130.6 mm in the prior 7 days,37695,,1043.7,,0,,4 - Reliable,17620,,Estimation by residential buildings,795,,Estimation by non-residential buildings,42756,,4 - Reliable,11,,,"Notify Greater Wellington,affected mana Whenua and Fish and Game within 24 hours of overflow event. Keep each party informed on water sampling until the affected water body returns to ""normal"" water quality. Upon completion on event, Council updates the wastewater overflow register",5 - Highly Reliable,2,,Other (Please identify in the comments section),HAL Report from 2025 verficiation outlined needed upgrades  that exceed the 1:5 year containmnet standard,20,1:5 year Council budgets set to respond to 1:2 year improvements but containment standard is 1:5 year.,4 - Reliable,0,,1194,,0,,0,,4 - Reliable,5244,,59,,0,,2094,,0,,,0,,2023,,4 - Reliable
ACC-00008542,Kawerau District Council,WWN-00209,Kawerau,55,,5 - Highly Reliable,Tertiary,Land,722186,,23,,30,,Data Not Available,120796,,0,,722186,,4 - Reliable,2740,Measure Not Applicable,Estimation by residential buildings,200,Measure Not Applicable,Estimation by non-residential buildings,7820,Measure Not Applicable,5 - Highly Reliable,1,,Data Not Available,BOPRC Regional Best PRactice Guide for thr Management of WW Overflows,5 - Highly Reliable,1.304347826,,NZS4404,,0,,4 - Reliable,,Data Not Available,,Data Not Available,,Data Not Available,,Data Not Available,5 - Highly Reliable,183.28,,,Data Not Available,,Data Not Available,183.28,Data Not Available,,Data Not Available,,,Measure Not Applicable,,Data Not Available,4 - Reliable
ACC-00008572,Mackenzie District Council,WWN-00210,Burkes Pass,2,,4 - Reliable,Secondary,Land,6135,,10,,,Data Not Available,,,Data Not Available,,,,,,,,,,,Other (Please identify in the comments section),,,,1,,,The LWRP does not allow uncontrolled overflows,,,,Other (Please identify in the comments section),Modelling,,Not measured,,Not measured,,Not measured,,Not measured,,Not measured,,,Not measured,,Not measured,,Not measured,,Not measured,,0,,,0,,,,
ACC-00008572,Mackenzie District Council,WWN-00211,Fairlie,17,,4 - Reliable,Secondary,Land,163196,,287,,,Data Not Available,,,Data Not Available,,,,,,,,,,,Other (Please identify in the comments section),,,,1,,,The LWRP does not allow uncontrolled overflows,,,,Other (Please identify in the comments section),Modelling,,Not measured,,Not measured,,Not measured,,Not measured,,Not measured,,,Not measured,,Not measured,,Not measured,,Not measured,,0,,,0,,2023,,5 - Highly Reliable
ACC-00008572,Mackenzie District Council,WWN-00212,Tekapo,31,,4 - Reliable,Secondary,Land,270153,,740,,,Data Not Available,,,Data Not Available,,,,,,,,,,,Other (Please identify in the comments section),,,,1,,,The LWRP does not allow uncontrolled overflows,,,,Other (Please identify in the comments section),Modelling,,Not measured,,Not measured,,Not measured,,Not measured,,Not measured,,,Not measured,,Not measured,,Not measured,,Not measured,,0,,,0,,2023,,5 - Highly Reliable
ACC-00001000,New Zealand Defence Force,WWN-00212,Tekapo,2.36,,4 - Reliable,Secondary,Land,2647.45,,0.083950089,,1.006944444,,Population Variance,0,,0,,0,,2 - Uncertain,2,,Estimation by residential buildings,18,,Estimation by residential buildings,200,,4 - Reliable,1,,,Overflows are non-complying or prohibited,4 - Reliable,11,,Other (Please identify in the comments section),NZDF Infrastructure Standards for Used Water 2023,,,,0,,0.342230211,,0,,0,,3 - Less Reliable,0,,,Measure Not Applicable,,Measure Not Applicable,,Measure Not Applicable,,Measure Not Applicable,,,Measure Not Applicable,,Data Not Available,
ACC-00008572,Mackenzie District Council,WWN-00213,Twizel,74,,4 - Reliable,Secondary,Land,247719,,619,,,Data Not Available,,,Data Not Available,,,,,,,,,,,Other (Please identify in the comments section),,,,1,,,The LWRP does not allow uncontrolled overflows,,,,Other (Please identify in the comments section),Modelling,,Not measured,,Not measured,,Not measured,,Not measured,,Not measured,,,Not measured,,Not measured,,Not measured,,Not measured,,0,,,0,,2023,,5 - Highly Reliable
ACC-00007492,Manawatu District Council,WWN-00214,Awahuri,1,,4 - Reliable,Secondary,River,2262,,0,,1,,Significant Weather Events,,Measure Not Applicable,,Measure Not Applicable,,Measure Not Applicable,5 - Highly Reliable,14,,Number of connections known,6,,Number of metered connections,40,,4 - Reliable,1,,,Prohibited activity under regional plan,4 - Reliable,1.8,,Other (Please identify in the comments section),Engineering Standards for Land Development adopted 2024,10,10 year ARI,4 - Reliable,,Measure Not Applicable,1,,,Measure Not Applicable,,Measure Not Applicable,5 - Highly Reliable,,Measure Not Applicable,,Measure Not Applicable,,Measure Not Applicable,,Measure Not Applicable,,Measure Not Applicable,,,Measure Not Applicable,,Measure Not Applicable,4 - Reliable
ACC-00007492,Manawatu District Council,WWN-00215,Cheltenham,3,,4 - Reliable,Secondary,River,7328,,0,,1,,Significant Weather Events,,Measure Not Applicable,,Measure Not Applicable,,Measure Not Applicable,5 - Highly Reliable,27,,Number of connections known,17,,Number of metered connections,76,,4 - Reliable,1,,,Prohibited activity under regional plan,4 - Reliable,10,,Other (Please identify in the comments section),Engineering Standards for Land Development adopted 2024,10,10 year ARI,4 - Reliable,,Measure Not Applicable,4,,,Measure Not Applicable,,Measure Not Applicable,5 - Highly Reliable,,Measure Not Applicable,,Measure Not Applicable,,Measure Not Applicable,,Measure Not Applicable,,Measure Not Applicable,,,Measure Not Applicable,,Measure Not Applicable,4 - Reliable
ACC-00007492,Manawatu District Council,WWN-00216,Feilding,208,,4 - Reliable,Tertiary,River,3045665.364,,97,,338,,Significant Weather Events,688428,,2613,,587541.18,,4 - Reliable,6560,,Number of connections known,1123,,Number of metered connections,18250,,4 - Reliable,6,,,Prohibited activity under regional plan,4 - Reliable,9,,Other (Please identify in the comments section),Engineering Standards for Land Development adopted 2024,10,10 year ARI,4 - Reliable,,Data Not Available,1571,,,Data Not Available,7840,,3 - Less Reliable,5000,,2,Data Not Available,100,,0,,0,,,0,,2025,,3 - Less Reliable
ACC-00007492,Manawatu District Council,WWN-00217,Halcombe,8,,4 - Reliable,Secondary,River,26289,,0,,3,,Significant Weather Events,,Measure Not Applicable,,Measure Not Applicable,16425,,4 - Reliable,117,,Number of connections known,48,,Number of metered connections,328,,4 - Reliable,2,,,Prohibited activity under regional plan,4 - Reliable,7,,Other (Please identify in the comments section),Engineering Standards for Land Development adopted 2024,10,10 year ARI,4 - Reliable,,Measure Not Applicable,14,,,Measure Not Applicable,,Measure Not Applicable,5 - Highly Reliable,,Measure Not Applicable,,Measure Not Applicable,,Measure Not Applicable,,Measure Not Applicable,,Measure Not Applicable,,,Measure Not Applicable,2023,,4 - Reliable
ACC-00007492,Manawatu District Council,WWN-00218,Himatangi Beach,17,,4 - Reliable,Secondary,Land,58455,,1,,9,,Significant Weather Events,,Measure Not Applicable,,Measure Not Applicable,58455,,4 - Reliable,337,,Number of connections known,19,,Number of metered connections,580,,4 - Reliable,1,,,Prohibited activity under regional plan,4 - Reliable,8,,Other (Please identify in the comments section),Engineering Standards for Land Development adopted 2024,10,10 year ARI,4 - Reliable,,Measure Not Applicable,30,,,Measure Not Applicable,,Measure Not Applicable,5 - Highly Reliable,,Measure Not Applicable,,Measure Not Applicable,,Measure Not Applicable,,Measure Not Applicable,,Measure Not Applicable,,,Measure Not Applicable,,Measure Not Applicable,4 - Reliable
ACC-00007492,Manawatu District Council,WWN-00219,Kimbolton,7,,4 - Reliable,Secondary,River,5475,,0,,1,,Significant Weather Events,,Measure Not Applicable,,Measure Not Applicable,,Measure Not Applicable,5 - Highly Reliable,70,,Number of connections known,34,,Number of metered connections,230,,4 - Reliable,2,,,Prohibited activity under regional plan,4 - Reliable,5,,Other (Please identify in the comments section),Engineering Standards for Land Development adopted 2024,10,10 year ARI,4 - Reliable,,Data Not Available,3,,,Measure Not Applicable,,Measure Not Applicable,5 - Highly Reliable,,Measure Not Applicable,,Measure Not Applicable,,Measure Not Applicable,,Measure Not Applicable,,Measure Not Applicable,,,Measure Not Applicable,,Measure Not Applicable,4 - Reliable
ACC-00007492,Manawatu District Council,WWN-00220,Rongotea,23,,4 - Reliable,Secondary,River,31354,,0,,3,,Significant Weather Events,,Measure Not Applicable,,Measure Not Applicable,,Measure Not Applicable,5 - Highly Reliable,274,,Number of connections known,53,,Number of metered connections,767,,4 - Reliable,2,,,Prohibited activity under regional plan,4 - Reliable,3,,Other (Please identify in the comments section),Engineering Standards for Land Development adopted 2024,10,10 year ARI,4 - Reliable,,Measure Not Applicable,16,,,Measure Not Applicable,,Measure Not Applicable,5 - Highly Reliable,,Measure Not Applicable,,Measure Not Applicable,,Measure Not Applicable,,Measure Not Applicable,,Measure Not Applicable,,,Measure Not Applicable,2016,,4 - Reliable
ACC-00001026,Masterton District Council,WWN-00226,Castlepoint,5,,5 - Highly Reliable,Primary,Wetland,5164,,1,,1,,Significant Weather Events,0,,0,,5164,,4 - Reliable,174,,Number of connections known,3,,,1300,,3 - Less Reliable,1,,,Treated as overflow.,4 - Reliable,13.2,,NZS4404,,,Not clear that this is included in the network design,4 - Reliable,,Data Not Available,,Data Not Available,,Measure Not Applicable,,Measure Not Applicable,5 - Highly Reliable,0,Measure Not Applicable,,Measure Not Applicable,0,Measure Not Applicable,0,Measure Not Applicable,0,Measure Not Applicable,,0,Measure Not Applicable,,Measure Not Applicable,4 - Reliable
ACC-00001026,Masterton District Council,WWN-00227,Homebush,209,,5 - Highly Reliable,Secondary,River,5000000,,158,,450,,Significant Weather Events,,Data Not Available,,Data Not Available,950000,,4 - Reliable,9436,,Number of connections known,,,,29000,,4 - Reliable,2,,,1 consent held for emergency discharge point. Other instances treated as overflows.,4 - Reliable,3.5,,NZS4404,,,Not clear that this is included in the network design,4 - Reliable,,Measure Not Applicable,4100,,,Measure Not Applicable,,Measure Not Applicable,3 - Less Reliable,0,Measure Not Applicable,,Measure Not Applicable,0,Measure Not Applicable,0,Measure Not Applicable,0,Measure Not Applicable,,0,Measure Not Applicable,,Measure Not Applicable,4 - Reliable
ACC-00001026,Masterton District Council,WWN-00228,Riversdale,19,,5 - Highly Reliable,Secondary,Land,43300,,1,,1,,Significant Weather Events,0,,0,,43300,,4 - Reliable,350,,Number of connections known,0,,,2200,,3 - Less Reliable,1,,,Treated as overflow.,4 - Reliable,10,,NZS4404,,,Not clear that this is included in the network design,4 - Reliable,,Measure Not Applicable,,Data Not Available,,Measure Not Applicable,,Measure Not Applicable,5 - Highly Reliable,0,Measure Not Applicable,,Measure Not Applicable,0,Measure Not Applicable,0,Measure Not Applicable,0,Measure Not Applicable,,0,Measure Not Applicable,,Measure Not Applicable,4 - Reliable
ACC-00001119,Southland District Council,WWN-00228,Riversdale,10,,5 - Highly Reliable,Secondary,Land,63620,,174,,582,,Seasonal Changes,0,Measure Not Applicable,0,Measure Not Applicable,63620,,5 - Highly Reliable,209,,Other (Please identify in the comments section),32,,Other (Please identify in the comments section),514,,5 - Highly Reliable,1,,Measure Not Applicable,All are prohibited activity under the regional plan.,5 - Highly Reliable,4,,NZS4404,,100,No overflows from the past 12 months.,3 - Less Reliable,320,,109,,564,,564,,5 - Highly Reliable,,Measure Not Applicable,,Measure Not Applicable,,Measure Not Applicable,,Measure Not Applicable,,Measure Not Applicable,Biosolids were not reused by SDC.,,Measure Not Applicable,2018,,3 - Less Reliable
ACC-00001026,Masterton District Council,WWN-00229,Tinui,2,,5 - Highly Reliable,Primary,Land,4721,,1,,1,,Significant Weather Events,0,,0,,4721,,4 - Reliable,15,,Number of connections known,0,,,314,,4 - Reliable,1,,,Treated as overflow.,4 - Reliable,8.8,,NZS4404,,,Not clear that this is included in the network design,4 - Reliable,,Data Not Available,,Data Not Available,,Measure Not Applicable,,Measure Not Applicable,5 - Highly Reliable,0,Measure Not Applicable,,Measure Not Applicable,0,Measure Not Applicable,0,Measure Not Applicable,0,Measure Not Applicable,,0,Measure Not Applicable,,Measure Not Applicable,4 - Reliable
ACC-00008512,Matamata Piako District Council,WWN-00230,Matamata,122,,5 - Highly Reliable,Tertiary,River,782541,,24,,70,,Significant Weather Events,,Measure Not Applicable,334,,,Measure Not Applicable,5 - Highly Reliable,3781,,Other (Please identify in the comments section),,Data Not Available,Data Not Available,9786,,3 - Less Reliable,3,,Prohibited activity under regional plan,,5 - Highly Reliable,3,,Internal code of practice,Regional Infrastucture Technical Specification,,We currently have no formal LOS (ARI or AEP) for sewer overflows.,5 - Highly Reliable,,Measure Not Applicable,,Data Not Available,,Measure Not Applicable,,Measure Not Applicable,5 - Highly Reliable,,Measure Not Applicable,,Measure Not Applicable,,Measure Not Applicable,,Measure Not Applicable,,Measure Not Applicable,,,Measure Not Applicable,,Data Not Available,5 - Highly Reliable
ACC-00008512,Matamata Piako District Council,WWN-00231,Morrinsville,108,,5 - Highly Reliable,Tertiary,River,1818396,,52,,127,,Significant Weather Events,557571,,13988,,,Measure Not Applicable,5 - Highly Reliable,3379,,Other (Please identify in the comments section),,Data Not Available,Data Not Available,9099,,4 - Reliable,8,,Prohibited activity under regional plan,,5 - Highly Reliable,2,,Internal code of practice,Regional Infrastucture Technical Specification,,We currently have no formal LOS (ARI or AEP) for sewer overflows.,5 - Highly Reliable,,Measure Not Applicable,,Data Not Available,,Data Not Available,,Measure Not Applicable,5 - Highly Reliable,,Measure Not Applicable,,Measure Not Applicable,,Measure Not Applicable,,Measure Not Applicable,,Measure Not Applicable,,,Measure Not Applicable,,Data Not Available,5 - Highly Reliable
ACC-00008512,Matamata Piako District Council,WWN-00232,Piako - Tahuna,3,,5 - Highly Reliable,Tertiary,River,25581,,1,,3,,Significant Weather Events,,Measure Not Applicable,,Measure Not Applicable,,Measure Not Applicable,5 - Highly Reliable,60,,Other (Please identify in the comments section),,Data Not Available,Data Not Available,130,,3 - Less Reliable,1,,Prohibited activity under regional plan,,5 - Highly Reliable,3,,Internal code of practice,Regional Infrastucture Technical Specification,,We currently have no formal LOS (ARI or AEP) for sewer overflows.,5 - Highly Reliable,,Measure Not Applicable,,Data Not Available,,Measure Not Applicable,,Measure Not Applicable,5 - Highly Reliable,,Measure Not Applicable,,Measure Not Applicable,,Measure Not Applicable,,Measure Not Applicable,,Measure Not Applicable,,,Measure Not Applicable,,Data Not Available,5 - Highly Reliable
ACC-00008512,Matamata Piako District Council,WWN-00233,Te Aroha,66,,5 - Highly Reliable,Tertiary,River,649514,,18,,44,,Significant Weather Events,,Measure Not Applicable,,Measure Not Applicable,,Measure Not Applicable,5 - Highly Reliable,1964,,Other (Please identify in the comments section),,Data Not Available,Data Not Available,4962,,3 - Less Reliable,4,,Prohibited activity under regional plan,,5 - Highly Reliable,2,,Internal code of practice,Regional Infrastucture Technical Specification,,We currently have no formal LOS (ARI or AEP) for sewer overflows.,5 - Highly Reliable,,Measure Not Applicable,,Data Not Available,,Measure Not Applicable,,Measure Not Applicable,5 - Highly Reliable,,Measure Not Applicable,,Measure Not Applicable,,Measure Not Applicable,,Measure Not Applicable,,Measure Not Applicable,,,Measure Not Applicable,,Data Not Available,5 - Highly Reliable
ACC-00001141,Napier City Council,WWN-00235,Napier,397,,4 - Reliable,Secondary,Marine,8934395,,283,,610,,Significant Weather Events,2000000,,,Data Not Available,,Measure Not Applicable,4 - Reliable,22965,,Number of connections known,1476,,Estimation by non-residential buildings,57413,,4 - Reliable,2,,Data Not Available,Resource consent is required but no consent held,4 - Reliable,3.55,,Other (Please identify in the comments section),nzs 4404 :2010 + NCC CoP,,Data not available,4 - Reliable,0,,3146,,0,,0,,4 - Reliable,,Measure Not Applicable,,Measure Not Applicable,,Measure Not Applicable,,Measure Not Applicable,,Measure Not Applicable,,,Measure Not Applicable,,Measure Not Applicable,5 - Highly Reliable
ACC-00008541,Nelson City Council,WWN-00236,Nelson Regional Sewerage Scheme - Bells Island,226,,5 - Highly Reliable,Secondary,Estuary,6855260,,160,,1229,,Significant Weather Events,5898180,,12666,,46319,,5 - Highly Reliable,,,Measure Not Applicable,7,,Number of metered connections,,Measure Not Applicable,5 - Highly Reliable,29,,,As per Resource Consent,4 - Reliable,7.7,,Measure Not Applicable,Capacity requirements are requested by contributing customers,,Capacity requirements are requested by contributing customers,5 - Highly Reliable,,Measure Not Applicable,3612,,,Measure Not Applicable,,Measure Not Applicable,5 - Highly Reliable,32843,,2.844,,,Measure Not Applicable,,Measure Not Applicable,,Measure Not Applicable,,32843,,2023,,5 - Highly Reliable
ACC-00008541,Nelson City Council,WWN-00237,Nelson,212,,5 - Highly Reliable,Secondary,Marine,3430000,,91,,910,,Significant Weather Events,,Data Not Available,,Measure Not Applicable,,Measure Not Applicable,5 - Highly Reliable,10502,,Estimation by residential buildings,1269,,Estimation by non-residential buildings,,,4 - Reliable,11,,,As per Resource Consent,4 - Reliable,10,,Internal code of practice,Nelson Tasman Land Developmentt Manual,39,2 year Return Period,5 - Highly Reliable,,Data Not Available,202,,,Data Not Available,,Data Not Available,4 - Reliable,,Measure Not Applicable,,Measure Not Applicable,,Measure Not Applicable,,Measure Not Applicable,,Measure Not Applicable,,,Measure Not Applicable,2014,,4 - Reliable
ACC-00008525,New Plymouth District Council,WWN-00238,New Plymouth,670.47,,4 - Reliable,Tertiary,Marine,9118281,,290,,1175,,Significant Weather Events,1041200,,0,,0,,5 - Highly Reliable,26453,,Other (Please identify in the comments section),1700,,Other (Please identify in the comments section),69750,,4 - Reliable,19,,,Prohibited (AQ to review),5 - Highly Reliable,4.1,,NZS4404,,,No adopted wet-weather level of service,5 - Highly Reliable,0,Measure Not Applicable,195,,0,,410,,4 - Reliable,2060,,91,,0,,150,,1499,,Sold as BioBoost ®,0,Measure Not Applicable,,Measure Not Applicable,4 - Reliable
ACC-00008500,Opotiki District Council,WWN-00239,Opotiki,46,,4 - Reliable,Secondary,Land,681536,,96,,115,,Significant Weather Events,0,,0,,300865,,5 - Highly Reliable,1582,,Estimation by population,244,,Estimation by non-residential buildings,5368,,4 - Reliable,3,,,Selection is not applicable,4 - Reliable,1.2,,,Unable to answer at this time. Will provide within 1month.,,Unable to calculate at this time. Will provide within 1month.,4 - Reliable,,Data Not Available,,Data Not Available,,Data Not Available,,Data Not Available,4 - Reliable,,Data Not Available,,Data Not Available,,Data Not Available,,Data Not Available,,Data Not Available,Kawerau worm farm,0,,2023,,4 - Reliable
ACC-00008500,Opotiki District Council,WWN-00240,Waihau Bay,1,,4 - Reliable,Primary,Land,,Data Not Available,,Data Not Available,,Data Not Available,Population Variance,0,,0,,,Data Not Available,5 - Highly Reliable,25,,Number of connections known,0,,,,Data Not Available,3 - Less Reliable,1,,,Selection is not applicable,4 - Reliable,,Data Not Available,,Unable to answer at this time. Will provide within 1month.,,Unable to calculate at this time. Will provide within 1month.,4 - Reliable,,Data Not Available,,Data Not Available,,Data Not Available,,Data Not Available,4 - Reliable,,Data Not Available,,Data Not Available,,Data Not Available,,Data Not Available,,Data Not Available,,0,,2021,,4 - Reliable
ACC-00008562,Otorohanga District Council,WWN-00241,Otorohanga,51,,4 - Reliable,Secondary,River,341250,,2,,21,,Significant Weather Events,0,Measure Not Applicable,0,Measure Not Applicable,0,Measure Not Applicable,4 - Reliable,1361,,Other (Please identify in the comments section),237,,Other (Please identify in the comments section),4503,,4 - Reliable,5,,Measure Not Applicable,W-EH1 and W-EH2 - Connections based on water connections minus 27 on Otewa Road,4 - Reliable,11,,Other (Please identify in the comments section),RITs,100,This is covered under consent conditions,4 - Reliable,0,Measure Not Applicable,0,Measure Not Applicable,0,Measure Not Applicable,0,Measure Not Applicable,4 - Reliable,100,,35,,0,,0,,0,,,0,,2025,,4 - Reliable
ACC-00008549,Palmerston North City Council,WWN-00242,Totara Road,698,,5 - Highly Reliable,Tertiary,River,10833263,,343,,2116,,Significant Weather Events,545360,,2302,,0,Measure Not Applicable,5 - Highly Reliable,31578,,Number of connections known,2181,,Other (Please identify in the comments section),84639,,5 - Highly Reliable,5,,,Prohibited activity under regional plan - Emergency conditions require specific application to regional council,5 - Highly Reliable,6,,Internal code of practice,ESLD,63,1 year ARI,5 - Highly Reliable,2383,,2135,,260,,50,,2 - Uncertain,2289,,15,,0,,0,,2461,,"Biosolids are composted and used for landfill capping, assume sludge density 1075 kg/m3",0,,2025,,4 - Reliable
ACC-00008584,Queenstown Lakes District Council,WWN-00244,Cardrona,11,,5 - Highly Reliable,Tertiary,Land,29502,,68,,500,,Data Not Available,,Data Not Available,0,Measure Not Applicable,29502,,4 - Reliable,44,,Other (Please identify in the comments section),6,,Other (Please identify in the comments section),1237,,4 - Reliable,1,,,Refer to ORC Regional Plan for water,,7.4,,Internal code of practice,,100,2 times wet weather flow,5 - Highly Reliable,,Measure Not Applicable,6,,,Data Not Available,7,,3 - Less Reliable,9,,,Data Not Available,,Data Not Available,9,,0,Measure Not Applicable,,0,,,Measure Not Applicable,4 - Reliable
ACC-00008584,Queenstown Lakes District Council,WWN-00246,Hawea,48,,5 - Highly Reliable,Secondary,Land,136724,,5,,,Data Not Available,Data Not Available,,Data Not Available,0,Measure Not Applicable,136724,,3 - Less Reliable,1175,,Other (Please identify in the comments section),5,,Other (Please identify in the comments section),2882,,4 - Reliable,2,,,Refer to ORC Regional Plan for water,,,Data Not Available,Internal code of practice,,100,2 times wet weather flow,5 - Highly Reliable,,Measure Not Applicable,45,,,Data Not Available,,Measure Not Applicable,3 - Less Reliable,,Measure Not Applicable,,Measure Not Applicable,,Data Not Available,,Measure Not Applicable,0,Measure Not Applicable,,0,,2012,,4 - Reliable
ACC-00008584,Queenstown Lakes District Council,WWN-00247,Queenstown,359,,5 - Highly Reliable,Tertiary,Land,4411738,,143,,490,,Significant Weather Events,,Data Not Available,2691,,3393756,,4 - Reliable,9196,,Other (Please identify in the comments section),578,,Other (Please identify in the comments section),47739,,4 - Reliable,2,,,Refer to ORC Regional Plan for water,,3.4,,Internal code of practice,,100,2 times wet weather flow,5 - Highly Reliable,,Measure Not Applicable,273,,,Data Not Available,1042,,3 - Less Reliable,3840,,,Data Not Available,,Data Not Available,3840,,0,Measure Not Applicable,,0,,2024,,4 - Reliable
ACC-00008584,Queenstown Lakes District Council,WWN-00248,Wanaka,279,,5 - Highly Reliable,Tertiary,Land,1503432,,49,,205,,Data Not Available,,Data Not Available,1542,,1503432,,3 - Less Reliable,6818,,Other (Please identify in the comments section),277,,Other (Please identify in the comments section),19419,,4 - Reliable,4,,,Refer to ORC Regional Plan for water,,4.8,,Internal code of practice,,100,2 times wet weather flow,5 - Highly Reliable,,Measure Not Applicable,106,,,Data Not Available,530,,3 - Less Reliable,2560,,,Data Not Available,,Data Not Available,2560,,0,Measure Not Applicable,,0,,,Measure Not Applicable,4 - Reliable
ACC-00007503,Rangitikei District Council,WWN-00249,Bulls,17,,3 - Less Reliable,Primary,River,189800,,6,,27,,Infrastructure/Equipment Failures,0,,0,,0,,3 - Less Reliable,1800,,Estimation by population,,Data Not Available,Data Not Available,1800,,3 - Less Reliable,1,,Measure Not Applicable,,2 - Uncertain,,Data Not Available,Measure Not Applicable,,,,2 - Uncertain,,Measure Not Applicable,190,,,Data Not Available,,Data Not Available,1 - Very Uncertain,,Measure Not Applicable,,Measure Not Applicable,,Measure Not Applicable,,Measure Not Applicable,,Measure Not Applicable,,,Measure Not Applicable,,Data Not Available,1 - Very Uncertain
ACC-00007503,Rangitikei District Council,WWN-00250,Hunterville,6,,3 - Less Reliable,Primary,River,69715,,2,,9,,Infrastructure/Equipment Failures,0,,0,,0,,3 - Less Reliable,444,,Estimation by population,,Data Not Available,Data Not Available,444,,3 - Less Reliable,3,,Measure Not Applicable,,2 - Uncertain,,Data Not Available,Measure Not Applicable,,,,2 - Uncertain,,Measure Not Applicable,20,,,Data Not Available,,Data Not Available,1 - Very Uncertain,,Measure Not Applicable,,Measure Not Applicable,,Measure Not Applicable,,Measure Not Applicable,,Measure Not Applicable,,,Measure Not Applicable,,Data Not Available,1 - Very Uncertain
ACC-00007503,Rangitikei District Council,WWN-00251,Koitiata,1,,3 - Less Reliable,Primary,Land,1132,,1,,1,,Measure Not Applicable,0,,0,,5913,,3 - Less Reliable,58,,Estimation by population,,Data Not Available,Data Not Available,58,,3 - Less Reliable,1,,Measure Not Applicable,,2 - Uncertain,,Data Not Available,Measure Not Applicable,,,,2 - Uncertain,,Measure Not Applicable,1,,,Data Not Available,,Data Not Available,1 - Very Uncertain,,Measure Not Applicable,,Measure Not Applicable,,Measure Not Applicable,,Measure Not Applicable,,Measure Not Applicable,,,Measure Not Applicable,,Data Not Available,1 - Very Uncertain
ACC-00007503,Rangitikei District Council,WWN-00252,Mangaweka,2,,3 - Less Reliable,Primary,River,,Data Not Available,,Data Not Available,,Data Not Available,Measure Not Applicable,0,,0,,0,,3 - Less Reliable,150,,Estimation by population,,Data Not Available,Data Not Available,150,,3 - Less Reliable,1,,Measure Not Applicable,,2 - Uncertain,,Data Not Available,Measure Not Applicable,,,,2 - Uncertain,,Measure Not Applicable,3,,,Data Not Available,,Data Not Available,1 - Very Uncertain,,Measure Not Applicable,,Measure Not Applicable,,Measure Not Applicable,,Measure Not Applicable,,Measure Not Applicable,,,Measure Not Applicable,,Data Not Available,1 - Very Uncertain
ACC-00007503,Rangitikei District Council,WWN-00253,Marton,49,,3 - Less Reliable,Primary,River,799715,,25,,61,,Infrastructure/Equipment Failures,,Data Not Available,0,,0,,3 - Less Reliable,2200,,Estimation by population,,Data Not Available,Data Not Available,2200,,3 - Less Reliable,1,,Measure Not Applicable,,2 - Uncertain,,Data Not Available,Measure Not Applicable,,,,2 - Uncertain,,Measure Not Applicable,735,,,Data Not Available,,Data Not Available,1 - Very Uncertain,,Measure Not Applicable,,Measure Not Applicable,,Measure Not Applicable,,Measure Not Applicable,,Measure Not Applicable,,,Measure Not Applicable,,Data Not Available,1 - Very Uncertain
ACC-00007503,Rangitikei District Council,WWN-00254,Ratana,4,,3 - Less Reliable,Primary,River,,Data Not Available,,Data Not Available,,Data Not Available,Measure Not Applicable,0,,0,,0,,3 - Less Reliable,366,,Estimation by population,,Data Not Available,Data Not Available,366,,3 - Less Reliable,1,,Measure Not Applicable,,2 - Uncertain,,Data Not Available,Measure Not Applicable,,,,2 - Uncertain,,Measure Not Applicable,45,,,Data Not Available,,Data Not Available,1 - Very Uncertain,,Measure Not Applicable,,Measure Not Applicable,,Measure Not Applicable,,Measure Not Applicable,,Measure Not Applicable,,,Measure Not Applicable,,Data Not Available,1 - Very Uncertain
ACC-00007503,Rangitikei District Council,WWN-00255,Taihape,22,,3 - Less Reliable,Primary,River,494575,,16,,35,,Infrastructure/Equipment Failures,0,,0,,0,,3 - Less Reliable,2200,,Estimation by population,,Data Not Available,Data Not Available,2200,,3 - Less Reliable,1,,Measure Not Applicable,,2 - Uncertain,,Data Not Available,Measure Not Applicable,,,,2 - Uncertain,,Measure Not Applicable,4,,,Data Not Available,,Data Not Available,1 - Very Uncertain,,Measure Not Applicable,,Measure Not Applicable,,Measure Not Applicable,,Measure Not Applicable,,Measure Not Applicable,,,Measure Not Applicable,,Data Not Available,1 - Very Uncertain
ACC-00008544,Rotorua Lakes Council,WWN-00256,Rotoiti East Rotoma,40,,4 - Reliable,Tertiary,Land,46975,,9,,30,,Significant Weather Events,,Measure Not Applicable,,Measure Not Applicable,48644,,5 - Highly Reliable,754,,Number of connections known,6,,Other (Please identify in the comments section),660,,5 - Highly Reliable,3,,,,5 - Highly Reliable,3.3,,NZS4404,,50,,2 - Uncertain,0,,9,,,Measure Not Applicable,2,,4 - Reliable,106,,15,,0,,,Measure Not Applicable,114,,Vermicomposting,,Measure Not Applicable,,Measure Not Applicable,5 - Highly Reliable
ACC-00008544,Rotorua Lakes Council,WWN-00257,Rotorua,771,,4 - Reliable,Secondary,Land,7422804,,235,,950,,Significant Weather Events,,Measure Not Applicable,,Measure Not Applicable,6676022,,5 - Highly Reliable,23147,,Number of connections known,490,,Other (Please identify in the comments section),66890,,5 - Highly Reliable,1,,,,5 - Highly Reliable,4,,NZS4404,,50,,2 - Uncertain,0,,446,,,Measure Not Applicable,186,,4 - Reliable,9500,,20,,0,,,Measure Not Applicable,9929,,Vermicomposting,,Measure Not Applicable,,Measure Not Applicable,5 - Highly Reliable
ACC-00008524,Ruapehu District Council,WWN-00258,Hikumutu,50,,3 - Less Reliable,Tertiary,River,568820,,,Data Not Available,,Data Not Available,Data Not Available,1600,,565,,0,Measure Not Applicable,5 - Highly Reliable,1895,,Other (Please identify in the comments section),288,,Other (Please identify in the comments section),4970,,4 - Reliable,3,,,Consent Lodged,,,Data Not Available,NZS4404,,,,,,Data Not Available,,Data Not Available,,Data Not Available,,Data Not Available,,,Data Not Available,,Data Not Available,,Data Not Available,,Data Not Available,,Data Not Available,,,Data Not Available,2022,,
ACC-00008524,Ruapehu District Council,WWN-00259,National Park,7,,3 - Less Reliable,Secondary,River,172922,,,Data Not Available,,Data Not Available,Data Not Available,0,Measure Not Applicable,0,Measure Not Applicable,0,Measure Not Applicable,5 - Highly Reliable,273,,Other (Please identify in the comments section),47,,Other (Please identify in the comments section),320,,3 - Less Reliable,2,,,Operating under s124 of RMA,,,Data Not Available,NZS4404,,,,,,Data Not Available,,Data Not Available,,Data Not Available,,Data Not Available,,,Data Not Available,,Data Not Available,,Data Not Available,,Data Not Available,,Data Not Available,,,Data Not Available,,Data Not Available,
ACC-00008524,Ruapehu District Council,WWN-00260,Ohakune,30,,3 - Less Reliable,Tertiary,River,167358,,,Data Not Available,,Data Not Available,Data Not Available,0,Measure Not Applicable,1101,,0,Measure Not Applicable,5 - Highly Reliable,1472,,Other (Please identify in the comments section),170,,Other (Please identify in the comments section),1360,,3 - Less Reliable,4,,,Operating under s124 of RMA,,,Data Not Available,NZS4404,,,,,,Data Not Available,,Data Not Available,,Data Not Available,,Data Not Available,,,Data Not Available,,Data Not Available,,Data Not Available,,Data Not Available,,Data Not Available,,,Data Not Available,,Data Not Available,
ACC-00008524,Ruapehu District Council,WWN-00261,Pipiriki,2,,3 - Less Reliable,Tertiary,Land,2352,,,Data Not Available,,Data Not Available,Data Not Available,0,Measure Not Applicable,0,Measure Not Applicable,2352,,4 - Reliable,18,,Other (Please identify in the comments section),4,,Other (Please identify in the comments section),22,,3 - Less Reliable,2,,,Active Consent - Discharge to land Permitted,,,Data Not Available,NZS4404,,,,,,Data Not Available,,Data Not Available,,Data Not Available,,Data Not Available,,,Data Not Available,,Data Not Available,,Data Not Available,,Data Not Available,,Data Not Available,,,Data Not Available,,Data Not Available,
ACC-00008524,Ruapehu District Council,WWN-00262,Raetihi,13,,3 - Less Reliable,Secondary,River,311439,,,Data Not Available,,Data Not Available,Data Not Available,0,Measure Not Applicable,0,Measure Not Applicable,0,Measure Not Applicable,5 - Highly Reliable,404,,Other (Please identify in the comments section),103,,Other (Please identify in the comments section),1160,,3 - Less Reliable,3,,,Operating under s124 of RMA,,,Data Not Available,NZS4404,,,,,,Data Not Available,,Data Not Available,,Data Not Available,,Data Not Available,,,Data Not Available,,Data Not Available,,Data Not Available,,Data Not Available,,Data Not Available,,,Data Not Available,,Data Not Available,
ACC-00008524,Ruapehu District Council,WWN-00263,Rangataua,4,,3 - Less Reliable,Secondary,River,22000,,,Data Not Available,,Data Not Available,Data Not Available,0,Measure Not Applicable,0,Measure Not Applicable,0,Measure Not Applicable,5 - Highly Reliable,199,,Other (Please identify in the comments section),6,,Other (Please identify in the comments section),190,,3 - Less Reliable,1,,,Operating under s124 of RMA,,,Data Not Available,NZS4404,,,,,,Data Not Available,,Data Not Available,,Data Not Available,,Data Not Available,,,Data Not Available,,Data Not Available,,Data Not Available,,Data Not Available,,Data Not Available,,,Data Not Available,,Data Not Available,
ACC-00001006,Selwyn District Council,WWN-00264,Arthurs Pass - Sunshine Tce,1,,5 - Highly Reliable,Tertiary,Land,865,,0,,8,,Data Not Available,,Measure Not Applicable,,Measure Not Applicable,990,,5 - Highly Reliable,8,,Number of connections known,0,,Estimation by non-residential buildings,25,,4 - Reliable,1,,Data Not Available,"If any overflows are recored in our system, we report to Ecan as a formal email.",4 - Reliable,4.4,,Internal code of practice,"Storm Peak Factor (1.6 deep ground water >4m and 2.4 shallow ground water)
Average flow (220L/person/day * 2.7 people/lot(units)*total lots(units))",20,ARI (5 years - 1 in 5 year event rain),5 - Highly Reliable,0,,2,,0,,0,,1 - Very Uncertain,,Measure Not Applicable,,Measure Not Applicable,,Measure Not Applicable,,Measure Not Applicable,,Measure Not Applicable,,0,Measure Not Applicable,2024,,5 - Highly Reliable
ACC-00001006,Selwyn District Council,WWN-00266,Castle Hill,9,,5 - Highly Reliable,Secondary,Land,24353,,0,,10,,Significant Weather Events,,Measure Not Applicable,,Measure Not Applicable,25358,,5 - Highly Reliable,310,,Number of connections known,0,,Estimation by non-residential buildings,500,,3 - Less Reliable,3,,Data Not Available,"If any overflows are recored in our system, we report to Ecan as a formal email.",4 - Reliable,4.6,,Internal code of practice,"Storm Peak Factor (1.6 deep ground water >4m and 2.4 shallow ground water)
Average flow (220L/person/day * 2.7 people/lot(units)*total lots(units))",20,ARI (5 years - 1 in 5 year event rain),5 - Highly Reliable,0,,24,,0,,0,,3 - Less Reliable,,Measure Not Applicable,,Measure Not Applicable,,Measure Not Applicable,,Measure Not Applicable,,Measure Not Applicable,,0,Measure Not Applicable,2021,,5 - Highly Reliable
ACC-00001006,Selwyn District Council,WWN-00267,Claremont,3,,5 - Highly Reliable,Tertiary,Land,12009,,0,,13,,Infrastructure/Equipment Failures,,Measure Not Applicable,,Measure Not Applicable,12939,,5 - Highly Reliable,58,,Number of connections known,1,,Estimation by non-residential buildings,170,,4 - Reliable,1,,Data Not Available,"If any overflows are recored in our system, we report to Ecan as a formal email.",4 - Reliable,1.8,,Internal code of practice,"Storm Peak Factor (1.6 deep ground water >4m and 2.4 shallow ground water)
Average flow (220L/person/day * 2.7 people/lot(units)*total lots(units))",20,ARI (5 years - 1 in 5 year event rain),5 - Highly Reliable,0,,10,,0,,0,,5 - Highly Reliable,,Measure Not Applicable,,Measure Not Applicable,,Measure Not Applicable,,Measure Not Applicable,,Measure Not Applicable,,0,Measure Not Applicable,2025,,5 - Highly Reliable
ACC-00001006,Selwyn District Council,WWN-00268,Ellesmere - Leeston,64,,5 - Highly Reliable,Tertiary,Land,396928,,13,,142,,Significant Weather Events,25550,,,Measure Not Applicable,433266,,5 - Highly Reliable,1560,,Number of connections known,110,,Estimation by non-residential buildings,4414,,4 - Reliable,9,,Data Not Available,"If any overflows are recored in our system, we report to Ecan as a formal email.",4 - Reliable,9.5,,Internal code of practice,"Storm Peak Factor (1.6 deep ground water >4m and 2.4 shallow ground water)
Average flow (220L/person/day * 2.7 people/lot(units)*total lots(units))",20,ARI (5 years - 1 in 5 year event rain),5 - Highly Reliable,0,,440,,0,,0,,3 - Less Reliable,,Measure Not Applicable,,Measure Not Applicable,,Measure Not Applicable,,Measure Not Applicable,,Measure Not Applicable,,0,Measure Not Applicable,,Data Not Available,5 - Highly Reliable
ACC-00001006,Selwyn District Council,WWN-00269,The Pines,624,,5 - Highly Reliable,Tertiary,Land,4114844,,138,,417,,Significant Weather Events,730000,,,Measure Not Applicable,4056939,,5 - Highly Reliable,19787,,Number of connections known,633,,Estimation by non-residential buildings,50645,,4 - Reliable,12,,Data Not Available,"If any overflows are recored in our system, we report to Ecan as a formal email.",4 - Reliable,3,,Internal code of practice,"Storm Peak Factor (1.6 deep ground water >4m and 2.4 shallow ground water)
Average flow (220L/person/day * 2.7 people/lot(units)*total lots(units))",20,ARI (5 years - 1 in 5 year event rain),5 - Highly Reliable,0,,1343,,175,,246,,4 - Reliable,4696,,18.43,,0,,0,,776,,Applied as a fertilizer on land at West Coast and at Pines Plant,0,Measure Not Applicable,2025,,5 - Highly Reliable
ACC-00001006,Selwyn District Council,WWN-00270,Lake Coleridge,3,,5 - Highly Reliable,Tertiary,Land,4669,,0,,9,,Significant Weather Events,,Measure Not Applicable,,Measure Not Applicable,6529,,5 - Highly Reliable,63,,Number of connections known,4,,Estimation by non-residential buildings,185,,4 - Reliable,3,,Data Not Available,"If any overflows are recored in our system, we report to Ecan as a formal email.",4 - Reliable,4.7,,Internal code of practice,"Storm Peak Factor (1.6 deep ground water >4m and 2.4 shallow ground water)
Average flow (220L/person/day * 2.7 people/lot(units)*total lots(units))",20,ARI (5 years - 1 in 5 year event rain),5 - Highly Reliable,2,,15,,0,,0,,3 - Less Reliable,,Measure Not Applicable,,Measure Not Applicable,,Measure Not Applicable,,Measure Not Applicable,,Measure Not Applicable,,0,Measure Not Applicable,2025,,5 - Highly Reliable
ACC-00001006,Selwyn District Council,WWN-00271,Upper Selwyn Huts,2,,5 - Highly Reliable,Secondary,Land,8302,,0,,6,,Seasonal Changes,,Measure Not Applicable,,Measure Not Applicable,5103,,5 - Highly Reliable,96,,Estimation by residential buildings,0,,Estimation by non-residential buildings,100,,3 - Less Reliable,2,,Data Not Available,"If any overflows are recored in our system, we report to Ecan as a formal email.",4 - Reliable,10,,Internal code of practice,"Storm Peak Factor (1.6 deep ground water >4m and 2.4 shallow ground water)
Average flow (220L/person/day * 2.7 people/lot(units)*total lots(units))",20,ARI (5 years - 1 in 5 year event rain),5 - Highly Reliable,0,,5,,0,,0,,2 - Uncertain,,Measure Not Applicable,,Measure Not Applicable,,Measure Not Applicable,,Measure Not Applicable,,Measure Not Applicable,,0,Measure Not Applicable,2025,,5 - Highly Reliable
ACC-00008521,South Taranaki District Council,WWN-00272,Eltham,32,,5 - Highly Reliable,Secondary,Marine,502763.5721,,15.9,,41.66,,Significant Weather Events,,Data Not Available,,Measure Not Applicable,,Measure Not Applicable,5 - Highly Reliable,715,,Number of connections known,94,,Estimation by non-residential buildings,2020,,4 - Reliable,2,,Measure Not Applicable,,5 - Highly Reliable,4.3,,NZS4404,,10,Based on known assumptions and past flow statistics,3 - Less Reliable,,Measure Not Applicable,67,,,Measure Not Applicable,,Measure Not Applicable,4 - Reliable,,Measure Not Applicable,,Measure Not Applicable,,Measure Not Applicable,,Measure Not Applicable,,Measure Not Applicable,,,Measure Not Applicable,2025,,5 - Highly Reliable
ACC-00008521,South Taranaki District Council,WWN-00273,Hawera,85,,5 - Highly Reliable,Secondary,Marine,2325744.383,,73.55,,165.65,,Significant Weather Events,483054.4565,,,Data Not Available,,Measure Not Applicable,5 - Highly Reliable,3395,,Number of connections known,417,,Estimation by non-residential buildings,9790,,4 - Reliable,3,,Measure Not Applicable,,5 - Highly Reliable,4.4,,NZS4404,,10,Based on known assumptions and past flow statistics,3 - Less Reliable,,Measure Not Applicable,461,,,Measure Not Applicable,,Measure Not Applicable,4 - Reliable,,Measure Not Applicable,,Measure Not Applicable,,Measure Not Applicable,,Measure Not Applicable,,Measure Not Applicable,,,Measure Not Applicable,2025,,5 - Highly Reliable
ACC-00008521,South Taranaki District Council,WWN-00274,Kaponga,4,,5 - Highly Reliable,Secondary,River,110965.55,,3.51,,16.85,,Significant Weather Events,,Measure Not Applicable,,Measure Not Applicable,,Measure Not Applicable,5 - Highly Reliable,134,,Number of connections known,31,,Estimation by non-residential buildings,321,,4 - Reliable,1,,Measure Not Applicable,,5 - Highly Reliable,6.5,,NZS4404,,10,Based on known assumptions and past flow statistics,3 - Less Reliable,,Measure Not Applicable,11,,,Measure Not Applicable,,Measure Not Applicable,4 - Reliable,,Measure Not Applicable,,Measure Not Applicable,,Measure Not Applicable,,Measure Not Applicable,,Measure Not Applicable,,,Measure Not Applicable,2023,,5 - Highly Reliable
ACC-00008521,South Taranaki District Council,WWN-00275,Manaia,14,,5 - Highly Reliable,Secondary,River,192184.437,,6.08,,27.48,,Significant Weather Events,,Data Not Available,,Measure Not Applicable,,Measure Not Applicable,5 - Highly Reliable,405,,Number of connections known,38,,Estimation by non-residential buildings,972,,4 - Reliable,1,,Measure Not Applicable,,5 - Highly Reliable,5.3,,NZS4404,,10,Based on known assumptions and past flow statistics,3 - Less Reliable,4,,32,,,Measure Not Applicable,,Measure Not Applicable,4 - Reliable,,Measure Not Applicable,,Measure Not Applicable,,Measure Not Applicable,,Measure Not Applicable,,Measure Not Applicable,,,Measure Not Applicable,2021,,5 - Highly Reliable
ACC-00008521,South Taranaki District Council,WWN-00276,Opunake,20,,5 - Highly Reliable,Secondary,Land,214796.1132,,6.79,,24.48,,Significant Weather Events,,Measure Not Applicable,,Measure Not Applicable,189631.5842,,5 - Highly Reliable,680,,Number of connections known,73,,Estimation by non-residential buildings,1320,,4 - Reliable,2,,Measure Not Applicable,,5 - Highly Reliable,7,,NZS4404,,10,Based on known assumptions and past flow statistics,3 - Less Reliable,5,,19,,,Measure Not Applicable,,Measure Not Applicable,4 - Reliable,,Measure Not Applicable,,Measure Not Applicable,,Measure Not Applicable,,Measure Not Applicable,,Measure Not Applicable,,,Measure Not Applicable,,,5 - Highly Reliable
ACC-00008521,South Taranaki District Council,WWN-00277,Patea,14,,5 - Highly Reliable,Secondary,River,60962.00075,,1.93,,4.99,,Significant Weather Events,,Measure Not Applicable,,Measure Not Applicable,,Measure Not Applicable,5 - Highly Reliable,477,,Number of connections known,61,,Estimation by non-residential buildings,1307,,4 - Reliable,3,,Measure Not Applicable,,5 - Highly Reliable,11.8,,NZS4404,,10,Based on known assumptions and past flow statistics,3 - Less Reliable,,Measure Not Applicable,43,,,Measure Not Applicable,,Measure Not Applicable,4 - Reliable,,Measure Not Applicable,,Measure Not Applicable,,Measure Not Applicable,,Measure Not Applicable,,Measure Not Applicable,,,Measure Not Applicable,2021,,5 - Highly Reliable
ACC-00008521,South Taranaki District Council,WWN-00278,Wai-inu,2,,5 - Highly Reliable,Tertiary,Land,9047.191565,,0.29,,4.01,,Significant Weather Events,,Measure Not Applicable,,Measure Not Applicable,9047.191565,,4 - Reliable,68,,Number of connections known,1,,Estimation by non-residential buildings,72,,4 - Reliable,1,,Measure Not Applicable,,5 - Highly Reliable,10.5,,NZS4404,,10,Based on known assumptions and past flow statistics,3 - Less Reliable,,Measure Not Applicable,9,,,Data Not Available,,Data Not Available,4 - Reliable,,Data Not Available,,Measure Not Applicable,,Measure Not Applicable,,Measure Not Applicable,,Measure Not Applicable,,,Measure Not Applicable,2024,,5 - Highly Reliable
ACC-00008521,South Taranaki District Council,WWN-00279,Waverley,11,,5 - Highly Reliable,Secondary,River,57108.19586,,1.81,,13,,Infrastructure/Equipment Failures,,Measure Not Applicable,,Measure Not Applicable,,Measure Not Applicable,5 - Highly Reliable,384,,Number of connections known,46,,Estimation by non-residential buildings,718,,4 - Reliable,1,,Measure Not Applicable,,5 - Highly Reliable,15.7,,NZS4404,,10,Based on known assumptions and past flow statistics,3 - Less Reliable,,Measure Not Applicable,79,,,Measure Not Applicable,,Measure Not Applicable,4 - Reliable,,Measure Not Applicable,,Measure Not Applicable,,Measure Not Applicable,,Measure Not Applicable,,Measure Not Applicable,,,Measure Not Applicable,,,5 - Highly Reliable
ACC-00008568,South Waikato District Council,WWN-00280,Arapuni,5,,5 - Highly Reliable,Tertiary,Land,17197.241,,,Data Not Available,,Data Not Available,Data Not Available,,Measure Not Applicable,,Measure Not Applicable,17197.241,,4 - Reliable,124,,Estimation by residential buildings,,Data Not Available,Data Not Available,300,,4 - Reliable,1,,Measure Not Applicable,WRC does not have an overflow regulation,1 - Very Uncertain,,Data Not Available,Other (Please identify in the comments section),Waikato Regional Infrastructure Standards is the principal document,20,"This is obtained via cctv works, maintenance and upgrading assets to prevent stormwater ingress",2 - Uncertain,,Measure Not Applicable,,Data Not Available,,Data Not Available,,Data Not Available,1 - Very Uncertain,0,,0,,0,,0,,0,,,0,Measure Not Applicable,0,,5 - Highly Reliable
ACC-00008568,South Waikato District Council,WWN-00281,Putaruru,37,,5 - Highly Reliable,Tertiary,River,436256.6397,,,Data Not Available,,Data Not Available,Data Not Available,,Measure Not Applicable,,Measure Not Applicable,0,,4 - Reliable,1840,,Estimation by residential buildings,,Data Not Available,Data Not Available,6687,,4 - Reliable,1,,Measure Not Applicable,WRC does not have an overflow regulation,1 - Very Uncertain,,Data Not Available,Other (Please identify in the comments section),Waikato Regional Infrastructure Standards is the principal document,20,"This is obtained via cctv works, maintenance and upgrading assets to prevent stormwater ingress",2 - Uncertain,,Measure Not Applicable,,Data Not Available,,Data Not Available,,Data Not Available,1 - Very Uncertain,0,,0,,0,,0,,0,,,0,Measure Not Applicable,0,,5 - Highly Reliable
ACC-00008568,South Waikato District Council,WWN-00282,Tirau,10,,5 - Highly Reliable,Tertiary,River,93841,,,Data Not Available,,Data Not Available,Data Not Available,,Measure Not Applicable,,Measure Not Applicable,0,,4 - Reliable,430,,Estimation by residential buildings,,Data Not Available,Data Not Available,700,,4 - Reliable,1,,Measure Not Applicable,WRC does not have an overflow regulation,1 - Very Uncertain,,Data Not Available,Other (Please identify in the comments section),Waikato Regional Infrastructure Standards is the principal document,20,"This is obtained via cctv works, maintenance and upgrading assets to prevent stormwater ingress",2 - Uncertain,,Data Not Available,,Data Not Available,,Data Not Available,,Data Not Available,1 - Very Uncertain,0,,0,,0,,0,,0,,,0,Measure Not Applicable,0,,5 - Highly Reliable
ACC-00008568,South Waikato District Council,WWN-00283,Tokoroa,119,,5 - Highly Reliable,Tertiary,River,1455977,,63,,80,,Significant Weather Events,130000,,460,,0,,4 - Reliable,5414,,Estimation by residential buildings,,Data Not Available,Data Not Available,14498,,4 - Reliable,1,,Measure Not Applicable,WRC does not have an overflow regulation,1 - Very Uncertain,,Data Not Available,Other (Please identify in the comments section),Waikato Regional Infrastructure Standards is the principal document,20,"This is obtained via cctv works, maintenance and upgrading assets to prevent stormwater ingress",2 - Uncertain,,Measure Not Applicable,,Data Not Available,,Data Not Available,,Data Not Available,1 - Very Uncertain,522,,20,,0,,0,,522,,"Mynoke, Tokoroa (worm farm)",0,Measure Not Applicable,2024,,5 - Highly Reliable
ACC-00001109,South Wairarapa District Council,WWN-00284,Featherston,,Data Not Available,2 - Uncertain,Tertiary,River,638625.2,,20,,150,,Significant Weather Events,,Data Not Available,0,,0,,,1235,,Estimation by residential buildings,109,,,2600,,2 - Uncertain,3,,Measure Not Applicable,,2 - Uncertain,7.4,,Internal code of practice,,0,,2 - Uncertain,,Measure Not Applicable,50,,,Data Not Available,,Data Not Available,3 - Less Reliable,232,,3,,,Data Not Available,0,Measure Not Applicable,0,Measure Not Applicable,,0,Measure Not Applicable,,Measure Not Applicable,4 - Reliable
ACC-00001109,South Wairarapa District Council,WWN-00285,Greytown,,Data Not Available,2 - Uncertain,Tertiary,River,266282,,8,,33,,Significant Weather Events,,Data Not Available,0,,69203,,,1594,,,156,,,2600,,2 - Uncertain,4,,Measure Not Applicable,,2 - Uncertain,3.9,,Internal code of practice,,0,,2 - Uncertain,,Measure Not Applicable,39,,,Data Not Available,,Data Not Available,3 - Less Reliable,170,,3,,,Data Not Available,0,Measure Not Applicable,0,Measure Not Applicable,,0,Measure Not Applicable,,Measure Not Applicable,4 - Reliable
ACC-00001109,South Wairarapa District Council,WWN-00286,Lake Ferry,,Data Not Available,2 - Uncertain,Secondary,Wetland,5150.56,,1,,1,,Significant Weather Events,,Data Not Available,0,,7766,,,,Data Not Available,,,Data Not Available,,250,,2 - Uncertain,3,,Measure Not Applicable,,2 - Uncertain,6.3,,Internal code of practice,,0,,2 - Uncertain,,Data Not Available,2,,,Data Not Available,,Data Not Available,3 - Less Reliable,13,,0,Data Not Available,,Data Not Available,0,Measure Not Applicable,0,Measure Not Applicable,,0,Measure Not Applicable,,Measure Not Applicable,4 - Reliable
ACC-00001109,South Wairarapa District Council,WWN-00287,Martinborough,,Data Not Available,2 - Uncertain,Tertiary,River,130854,,4,,35,,Significant Weather Events,,Data Not Available,0,,18786,,,1282,,,208,,,1600,,2 - Uncertain,4,,Measure Not Applicable,,2 - Uncertain,8.6,,Internal code of practice,,0,,2 - Uncertain,,Measure Not Applicable,43,,,Data Not Available,,Data Not Available,3 - Less Reliable,166,,3,,100,,0,Measure Not Applicable,0,Measure Not Applicable,,0,Measure Not Applicable,,Measure Not Applicable,4 - Reliable
ACC-00001119,Southland District Council,WWN-00288,Balfour,3,,5 - Highly Reliable,Secondary,River,75945,,208,,596,,Seasonal Changes,0,Measure Not Applicable,0,Measure Not Applicable,75945,,5 - Highly Reliable,61,,Other (Please identify in the comments section),14,,Other (Please identify in the comments section),142,,5 - Highly Reliable,1,,Measure Not Applicable,All are prohibited activity under the regional plan.,5 - Highly Reliable,3,,NZS4404,,100,No overflows from the past 12 months.,3 - Less Reliable,88,,30,,156,,156,,5 - Highly Reliable,5,,1.93,,100,,265,,0,,Biosolids were not reused by SDC.,0,,,Measure Not Applicable,3 - Less Reliable
ACC-00001119,Southland District Council,WWN-00289,Browns,2,,5 - Highly Reliable,Secondary,River,2686,,7,,38,,Seasonal Changes,0,Measure Not Applicable,0,Measure Not Applicable,2686,,5 - Highly Reliable,10,,Other (Please identify in the comments section),1,,Other (Please identify in the comments section),149,,5 - Highly Reliable,1,,Measure Not Applicable,All are prohibited activity under the regional plan.,5 - Highly Reliable,7,,NZS4404,,100,No overflows from the past 12 months.,3 - Less Reliable,93,,32,,164,,164,,5 - Highly Reliable,,Measure Not Applicable,,Measure Not Applicable,,Measure Not Applicable,,Measure Not Applicable,,Measure Not Applicable,Biosolids were not reused by SDC.,,Measure Not Applicable,,Measure Not Applicable,3 - Less Reliable
ACC-00001119,Southland District Council,WWN-00290,Edendale Wyndham,30,,5 - Highly Reliable,Tertiary,River,150698,,413,,536,,Seasonal Changes,0,Measure Not Applicable,0,Measure Not Applicable,150698,,5 - Highly Reliable,504,,Other (Please identify in the comments section),80,,Other (Please identify in the comments section),1099,,5 - Highly Reliable,1,,Measure Not Applicable,All are prohibited activity under the regional plan.,5 - Highly Reliable,2,,NZS4404,,100,No overflows from the past 12 months.,3 - Less Reliable,683,,233,,1206,,1206,,5 - Highly Reliable,,Measure Not Applicable,,Measure Not Applicable,,Measure Not Applicable,,Measure Not Applicable,,Measure Not Applicable,Biosolids were not reused by SDC.,,Measure Not Applicable,,Measure Not Applicable,3 - Less Reliable
ACC-00001119,Southland District Council,WWN-00291,Gorge Road,3,,5 - Highly Reliable,Primary,River,4210,,12,,44,,Seasonal Changes,0,Measure Not Applicable,0,Measure Not Applicable,4210,,5 - Highly Reliable,15,,Other (Please identify in the comments section),4,,Other (Please identify in the comments section),224,,5 - Highly Reliable,1,,Measure Not Applicable,All are prohibited activity under the regional plan.,5 - Highly Reliable,3,,NZS4404,,100,No overflows from the past 12 months.,3 - Less Reliable,139,,47,,246,,246,,5 - Highly Reliable,,Measure Not Applicable,,Measure Not Applicable,,Measure Not Applicable,,Measure Not Applicable,,Measure Not Applicable,Biosolids were not reused by SDC.,,Measure Not Applicable,,Measure Not Applicable,3 - Less Reliable
ACC-00001119,Southland District Council,WWN-00292,Lumsden,13,,5 - Highly Reliable,Primary,Land,50717,,139,,313,,Seasonal Changes,0,Measure Not Applicable,0,Measure Not Applicable,50717,,5 - Highly Reliable,248,,Other (Please identify in the comments section),48,,Other (Please identify in the comments section),463,,5 - Highly Reliable,1,,Measure Not Applicable,All are prohibited activity under the regional plan.,5 - Highly Reliable,4,,NZS4404,,100,No overflows from the past 12 months.,3 - Less Reliable,288,,98,,508,,508,,5 - Highly Reliable,,Measure Not Applicable,,Measure Not Applicable,,Measure Not Applicable,,Measure Not Applicable,,Measure Not Applicable,Biosolids were not reused by SDC.,,Measure Not Applicable,,Measure Not Applicable,3 - Less Reliable
ACC-00001119,Southland District Council,WWN-00293,Manapouri,14,,5 - Highly Reliable,Primary,River,39009,,107,,367,,Seasonal Changes,0,Measure Not Applicable,0,Measure Not Applicable,39009,,5 - Highly Reliable,264,,Other (Please identify in the comments section),17,,Other (Please identify in the comments section),295,,5 - Highly Reliable,1,,Measure Not Applicable,All are prohibited activity under the regional plan.,5 - Highly Reliable,4,,NZS4404,,100,No overflows from the past 12 months.,3 - Less Reliable,183,,63,,324,,324,,5 - Highly Reliable,,Measure Not Applicable,,Measure Not Applicable,,Measure Not Applicable,,Measure Not Applicable,,Measure Not Applicable,Biosolids were not reused by SDC.,,Measure Not Applicable,,Measure Not Applicable,3 - Less Reliable
ACC-00001119,Southland District Council,WWN-00294,Nightcaps,9,,5 - Highly Reliable,Primary,River,51953,,142,,721,,Seasonal Changes,0,Measure Not Applicable,0,Measure Not Applicable,51953,,5 - Highly Reliable,162,,Other (Please identify in the comments section),170,,Other (Please identify in the comments section),287,,5 - Highly Reliable,1,,Measure Not Applicable,All are prohibited activity under the regional plan.,5 - Highly Reliable,2,,NZS4404,,100,No overflows from the past 12 months.,3 - Less Reliable,178,,61,,315,,315,,5 - Highly Reliable,,Measure Not Applicable,,Measure Not Applicable,,Measure Not Applicable,,Measure Not Applicable,,Measure Not Applicable,Biosolids were not reused by SDC.,,Measure Not Applicable,,Measure Not Applicable,3 - Less Reliable
ACC-00001119,Southland District Council,WWN-00295,Oban,33,,5 - Highly Reliable,Secondary,Land,33221,,98,,177,,Seasonal Changes,0,Measure Not Applicable,0,Measure Not Applicable,33221,,5 - Highly Reliable,346,,Other (Please identify in the comments section),46,,Other (Please identify in the comments section),418,,5 - Highly Reliable,1,,Measure Not Applicable,All are prohibited activity under the regional plan.,5 - Highly Reliable,2,,NZS4404,,100,No overflows from the past 12 months.,3 - Less Reliable,260,,89,,459,,459,,5 - Highly Reliable,,Measure Not Applicable,,Measure Not Applicable,,Measure Not Applicable,,Measure Not Applicable,,Measure Not Applicable,Biosolids were not reused by SDC.,,Measure Not Applicable,,Measure Not Applicable,3 - Less Reliable
ACC-00001119,Southland District Council,WWN-00296,Ohai,11,,5 - Highly Reliable,Secondary,River,84330,,231,,750,,Seasonal Changes,0,Measure Not Applicable,0,Measure Not Applicable,84330,,5 - Highly Reliable,159,,Other (Please identify in the comments section),10,,Other (Please identify in the comments section),280,,5 - Highly Reliable,1,,Measure Not Applicable,All are prohibited activity under the regional plan.,5 - Highly Reliable,4,,NZS4404,,100,No overflows from the past 12 months.,3 - Less Reliable,174,,59,,307,,307,,5 - Highly Reliable,5,,3.36,,100,,266,,0,,Biosolids were not reused by SDC.,0,,,Measure Not Applicable,3 - Less Reliable
ACC-00001119,Southland District Council,WWN-00297,Otautau,18,,5 - Highly Reliable,Primary,Land,92092,,253,,427,,Seasonal Changes,0,Measure Not Applicable,0,Measure Not Applicable,92092,,5 - Highly Reliable,355,,Other (Please identify in the comments section),59,,Other (Please identify in the comments section),245,,5 - Highly Reliable,1,,Measure Not Applicable,All are prohibited activity under the regional plan.,5 - Highly Reliable,2,,NZS4404,,100,No overflows from the past 12 months.,3 - Less Reliable,152,,52,,269,,269,,5 - Highly Reliable,,Measure Not Applicable,,Measure Not Applicable,,Measure Not Applicable,,Measure Not Applicable,,Measure Not Applicable,Biosolids were not reused by SDC.,,Measure Not Applicable,,Measure Not Applicable,3 - Less Reliable
ACC-00001119,Southland District Council,WWN-00299,Riverton Rocks,38,,5 - Highly Reliable,Primary,Marine,95168,,261,,500,,Seasonal Changes,0,Measure Not Applicable,0,Measure Not Applicable,95168,,5 - Highly Reliable,73,,Other (Please identify in the comments section),2,,Other (Please identify in the comments section),558,,5 - Highly Reliable,1,,Measure Not Applicable,All are prohibited activity under the regional plan.,5 - Highly Reliable,2,,NZS4404,,100,No overflows from the past 12 months.,3 - Less Reliable,347,,118,,612,,612,,5 - Highly Reliable,,Measure Not Applicable,,Measure Not Applicable,,Measure Not Applicable,,Measure Not Applicable,,Measure Not Applicable,Biosolids were not reused by SDC.,,Measure Not Applicable,2018,,3 - Less Reliable
ACC-00001119,Southland District Council,WWN-00300,Riverton Townside,16,,5 - Highly Reliable,Primary,Land,72174,,198,,689,,Seasonal Changes,0,Measure Not Applicable,0,Measure Not Applicable,72174,,5 - Highly Reliable,1026,,Other (Please identify in the comments section),84,,Other (Please identify in the comments section),1102,,5 - Highly Reliable,1,,Measure Not Applicable,All are prohibited activity under the regional plan.,5 - Highly Reliable,2,,NZS4404,,100,No overflows from the past 12 months.,3 - Less Reliable,685,,234,,1210,,1210,,5 - Highly Reliable,,Measure Not Applicable,,Measure Not Applicable,,Measure Not Applicable,,Measure Not Applicable,,Measure Not Applicable,Biosolids were not reused by SDC.,,Measure Not Applicable,,Measure Not Applicable,3 - Less Reliable
ACC-00001119,Southland District Council,WWN-00301,Te Anau,96,,5 - Highly Reliable,Tertiary,Land,462903,,1268,,3136,,Seasonal Changes,0,Measure Not Applicable,0,Measure Not Applicable,462903,,5 - Highly Reliable,1834,,Other (Please identify in the comments section),176,,Other (Please identify in the comments section),3128,,5 - Highly Reliable,2,,Measure Not Applicable,All are prohibited activity under the regional plan.,5 - Highly Reliable,5,,NZS4404,,100,No overflows from the past 12 months.,3 - Less Reliable,1944,,663,,3433,,3433,,5 - Highly Reliable,,Measure Not Applicable,,Measure Not Applicable,,Measure Not Applicable,,Measure Not Applicable,,Measure Not Applicable,Biosolids were not reused by SDC.,,Measure Not Applicable,2015,,3 - Less Reliable
ACC-00001119,Southland District Council,WWN-00302,Tokanui,3,,5 - Highly Reliable,Secondary,Land,5287,,14,,119,,Seasonal Changes,0,Measure Not Applicable,0,Measure Not Applicable,5287,,5 - Highly Reliable,32,,Other (Please identify in the comments section),14,,Other (Please identify in the comments section),144,,5 - Highly Reliable,1,,Measure Not Applicable,All are prohibited activity under the regional plan.,5 - Highly Reliable,2,,NZS4404,,100,No overflows from the past 12 months.,3 - Less Reliable,90,,31,,158,,158,,5 - Highly Reliable,,Measure Not Applicable,,Measure Not Applicable,,Measure Not Applicable,,Measure Not Applicable,,Measure Not Applicable,Biosolids were not reused by SDC.,,Measure Not Applicable,,Measure Not Applicable,3 - Less Reliable
ACC-00001119,Southland District Council,WWN-00303,Tuatapere,16,,5 - Highly Reliable,Secondary,River,34564,,95,,283,,Seasonal Changes,0,Measure Not Applicable,0,Measure Not Applicable,34564,,5 - Highly Reliable,262,,Other (Please identify in the comments section),52,,Other (Please identify in the comments section),561,,5 - Highly Reliable,1,,Measure Not Applicable,All are prohibited activity under the regional plan.,5 - Highly Reliable,2,,NZS4404,,100,No overflows from the past 12 months.,3 - Less Reliable,349,,119,,616,,616,,5 - Highly Reliable,,Measure Not Applicable,,Measure Not Applicable,,Measure Not Applicable,,Measure Not Applicable,,Measure Not Applicable,Biosolids were not reused by SDC.,,Measure Not Applicable,,Measure Not Applicable,3 - Less Reliable
ACC-00001119,Southland District Council,WWN-00304,Wallacetown,13,,5 - Highly Reliable,Secondary,River,38865,,0,Data Not Available,0,Data Not Available,Data Not Available,0,Measure Not Applicable,0,Measure Not Applicable,0,Data Not Available,5 - Highly Reliable,287,,Other (Please identify in the comments section),10,,Other (Please identify in the comments section),203,,5 - Highly Reliable,1,,Measure Not Applicable,All are prohibited activity under the regional plan.,5 - Highly Reliable,2,,NZS4404,,100,No overflows from the past 12 months.,3 - Less Reliable,126,,43,,223,,223,,5 - Highly Reliable,,Measure Not Applicable,,Measure Not Applicable,,Measure Not Applicable,,Measure Not Applicable,,Measure Not Applicable,Biosolids were not reused by SDC.,,Measure Not Applicable,,Measure Not Applicable,3 - Less Reliable
ACC-00001119,Southland District Council,WWN-00305,Winton,38,,5 - Highly Reliable,Primary,River,462370,,1263,,5341,,Seasonal Changes,0,Measure Not Applicable,0,Measure Not Applicable,462370,,5 - Highly Reliable,1161,,Other (Please identify in the comments section),129,,Other (Please identify in the comments section),2554,,5 - Highly Reliable,1,,Measure Not Applicable,All are prohibited activity under the regional plan.,5 - Highly Reliable,5,,NZS4404,,100,No overflows from the past 12 months.,3 - Less Reliable,1588,,542,,2803,,2803,,5 - Highly Reliable,,Measure Not Applicable,,Measure Not Applicable,,Measure Not Applicable,,Measure Not Applicable,,Measure Not Applicable,Biosolids were not reused by SDC.,,Measure Not Applicable,2015,,3 - Less Reliable
ACC-00008528,Stratford District Council,WWN-00306,Stratford,63,,4 - Reliable,Tertiary,River,860749,,27,,128,,Significant Weather Events,,Data Not Available,375,,0,,4 - Reliable,2427,,Number of connections known,286,,Number of metered connections,6300,,4 - Reliable,1,,,Error on dropdown list.,4 - Reliable,5,,Other (Please identify in the comments section),Consultant modelling,,Not undertaken to my knowledge,4 - Reliable,0,Measure Not Applicable,,Measure Not Applicable,,Measure Not Applicable,,Measure Not Applicable,4 - Reliable,,Measure Not Applicable,,Measure Not Applicable,,Measure Not Applicable,,Measure Not Applicable,,Measure Not Applicable,,,Measure Not Applicable,2004,,4 - Reliable
ACC-00008574,Tararua District Council,WWN-00307,Dannevirke,48,,4 - Reliable,Tertiary,River,805144,,29,,71,,Significant Weather Events,257124,,503,,,Measure Not Applicable,3 - Less Reliable,2286,,Number of connections known,322,,Other (Please identify in the comments section),5680,,4 - Reliable,2,,,Restricted discretinary,4 - Reliable,,Data Not Available,Data Not Available,,,,1 - Very Uncertain,,Measure Not Applicable,246,,,Measure Not Applicable,,Measure Not Applicable,3 - Less Reliable,724,,5,,100,,0,,0,,,0,,,Measure Not Applicable,3 - Less Reliable
ACC-00008574,Tararua District Council,WWN-00308,Eketahuna,10,,4 - Reliable,Primary,River,169982,,5,,8,,Significant Weather Events,,Data Not Available,,Measure Not Applicable,,Measure Not Applicable,4 - Reliable,222,,Number of connections known,36,,Other (Please identify in the comments section),590,,4 - Reliable,7,,,Restricted discretinary,4 - Reliable,,Data Not Available,Data Not Available,,,Tararua District Council has chosen Ekethauna township as the pilot site for implemetning I&I strategy,3 - Less Reliable,,Measure Not Applicable,25,,,Measure Not Applicable,,Measure Not Applicable,3 - Less Reliable,,Measure Not Applicable,,Measure Not Applicable,,Measure Not Applicable,0,,0,,,0,,,Measure Not Applicable,3 - Less Reliable
ACC-00008574,Tararua District Council,WWN-00309,Norsewood,4,,4 - Reliable,Primary,River,14656,,1,,1,,Significant Weather Events,,Data Not Available,,Measure Not Applicable,,Measure Not Applicable,4 - Reliable,77,,Number of connections known,,Data Not Available,Other (Please identify in the comments section),150,,4 - Reliable,4,,,Restricted discretinary,4 - Reliable,2.5,,Data Not Available,,,,1 - Very Uncertain,,Measure Not Applicable,3,,,Measure Not Applicable,,Measure Not Applicable,3 - Less Reliable,,Measure Not Applicable,,Measure Not Applicable,,Measure Not Applicable,0,,0,,,0,,,Measure Not Applicable,3 - Less Reliable
ACC-00008574,Tararua District Council,WWN-00310,Ormondville,3,,4 - Reliable,Primary,River,10847,,1,,3,,Significant Weather Events,,Data Not Available,,Measure Not Applicable,,Measure Not Applicable,4 - Reliable,42,,Number of connections known,,Data Not Available,Other (Please identify in the comments section),90,,4 - Reliable,2,,,Restricted discretinary,4 - Reliable,14,,Data Not Available,,,,1 - Very Uncertain,,Measure Not Applicable,2,,,Measure Not Applicable,,Measure Not Applicable,3 - Less Reliable,,Measure Not Applicable,,Measure Not Applicable,,Measure Not Applicable,0,,0,,,0,,,Measure Not Applicable,3 - Less Reliable
ACC-00008574,Tararua District Council,WWN-00311,Pahiatua,25,,4 - Reliable,Tertiary,River,408605,,13,,90,,Significant Weather Events,,Data Not Available,,Measure Not Applicable,,Measure Not Applicable,4 - Reliable,1087,,Number of connections known,96,,Other (Please identify in the comments section),2860,,4 - Reliable,6,,,Restricted discretinary,4 - Reliable,7,,Data Not Available,,,,1 - Very Uncertain,,Measure Not Applicable,120,,,Measure Not Applicable,47,,3 - Less Reliable,468,,9,,100,,1026,,0,,,0,,,Measure Not Applicable,3 - Less Reliable
ACC-00008574,Tararua District Council,WWN-00312,Pongaroa,6,,4 - Reliable,Primary,River,26972,,1,,3,,Significant Weather Events,,Data Not Available,,Measure Not Applicable,,Measure Not Applicable,4 - Reliable,60,,Number of connections known,7,,Other (Please identify in the comments section),80,,4 - Reliable,1,,,Restricted discretinary,4 - Reliable,14,,Data Not Available,,,,1 - Very Uncertain,,Measure Not Applicable,3,,,Measure Not Applicable,,Measure Not Applicable,3 - Less Reliable,,Measure Not Applicable,,Measure Not Applicable,,Measure Not Applicable,0,,0,,,0,,,Measure Not Applicable,3 - Less Reliable
ACC-00008574,Tararua District Council,WWN-00313,Woodville,17,,4 - Reliable,Tertiary,River,638714,,,Data Not Available,,Data Not Available,Measure Not Applicable,,Data Not Available,,Measure Not Applicable,,Measure Not Applicable,4 - Reliable,685,,Number of connections known,162,,Other (Please identify in the comments section),1710,,4 - Reliable,5,,,Restricted discretinary,4 - Reliable,,Data Not Available,Data Not Available,,,,1 - Very Uncertain,,Measure Not Applicable,71,,,Measure Not Applicable,,Measure Not Applicable,3 - Less Reliable,,Measure Not Applicable,,Measure Not Applicable,,Measure Not Applicable,0,,0,,,0,,,Measure Not Applicable,3 - Less Reliable
ACC-00008530,Tasman District Council,WWN-00314,Collingwood,8,,4 - Reliable,Tertiary,River,35072,,0.83,,3.95,,Significant Weather Events,0,,0,,0,,4 - Reliable,157,,Number of connections known,14,Number of connections known,Other (Please identify in the comments section),400,Measure Not Applicable,4 - Reliable,3,,Measure Not Applicable,Prohibited activity under regional plan for untreated wastewater.,4 - Reliable,4.76,,Other (Please identify in the comments section),"Nelson Tasman Land Development manual (NTLDM) design flow parameters are comparable to NZS4404, but differ slightly regarding ADWF/person, DWPF, WWD/IF, # of people/dwelling.",10,Primary stormwater systems are designed against 10% AEP + climate change. It is expected that when secondary flow paths are engaged sources of SW inflow will overwhelm WW network.,3 - Less Reliable,29.142,,11.232,,0,Measure Not Applicable,0,Measure Not Applicable,4 - Reliable,0,Measure Not Applicable,0,Measure Not Applicable,0,Measure Not Applicable,0,Measure Not Applicable,0,Measure Not Applicable,,0,Measure Not Applicable,,Data Not Available,4 - Reliable
ACC-00008530,Tasman District Council,WWN-00315,Motueka,96,,4 - Reliable,Tertiary,Estuary,968112,,26.97,,80.77,,Significant Weather Events,585,,0,,62900,,4 - Reliable,3723,,Number of connections known,257,Number of connections known,Other (Please identify in the comments section),14000,Measure Not Applicable,4 - Reliable,4,,Measure Not Applicable,Prohibited activity under regional plan for untreated wastewater.,4 - Reliable,2.99,,Other (Please identify in the comments section),"Nelson Tasman Land Development manual (NTLDM) design flow parameters are comparable to NZS4404, but differ slightly regarding ADWF/person, DWPF, WWD/IF, # of people/dwelling.",10,Primary stormwater systems are designed against 10% AEP + climate change. It is expected that when secondary flow paths are engaged sources of SW inflow will overwhelm WW network.,3 - Less Reliable,9.328,,58.426,,0,Measure Not Applicable,0,Measure Not Applicable,4 - Reliable,0,Measure Not Applicable,0,Measure Not Applicable,0,Measure Not Applicable,0,Measure Not Applicable,0,Measure Not Applicable,,0,Measure Not Applicable,2022,,4 - Reliable
ACC-00008530,Tasman District Council,WWN-00316,Murchison,7,,4 - Reliable,Secondary,Land,49737,,1.41,,3.28,,Significant Weather Events,2576,,0,,56941,,4 - Reliable,181,,Number of connections known,44,Number of connections known,Other (Please identify in the comments section),830,Measure Not Applicable,4 - Reliable,4,,Measure Not Applicable,Prohibited activity under regional plan for untreated wastewater.,4 - Reliable,2.33,,Other (Please identify in the comments section),"Nelson Tasman Land Development manual (NTLDM) design flow parameters are comparable to NZS4404, but differ slightly regarding ADWF/person, DWPF, WWD/IF, # of people/dwelling.",10,Primary stormwater systems are designed against 10% AEP + climate change. It is expected that when secondary flow paths are engaged sources of SW inflow will overwhelm WW network.,3 - Less Reliable,0,Measure Not Applicable,13.18,,0,Measure Not Applicable,0,Measure Not Applicable,4 - Reliable,0,Measure Not Applicable,0,Measure Not Applicable,0,Measure Not Applicable,0,Measure Not Applicable,0,Measure Not Applicable,,0,Measure Not Applicable,2020,,4 - Reliable
ACC-00008530,Tasman District Council,WWN-00317,St Arnaud,14,,4 - Reliable,Secondary,Land,27906.51884,,0.36,,2.42,,Significant Weather Events,0,,0,,31611,,4 - Reliable,273,,Number of connections known,10,Number of connections known,Other (Please identify in the comments section),570,Measure Not Applicable,4 - Reliable,3,,Measure Not Applicable,Prohibited activity under regional plan for untreated wastewater.,4 - Reliable,6.72,,Other (Please identify in the comments section),"Nelson Tasman Land Development manual (NTLDM) design flow parameters are comparable to NZS4404, but differ slightly regarding ADWF/person, DWPF, WWD/IF, # of people/dwelling.",10,Primary stormwater systems are designed against 10% AEP + climate change. It is expected that when secondary flow paths are engaged sources of SW inflow will overwhelm WW network.,3 - Less Reliable,11.062,,4.264,,0,Measure Not Applicable,0,Measure Not Applicable,4 - Reliable,0,Measure Not Applicable,0,Measure Not Applicable,0,Measure Not Applicable,0,Measure Not Applicable,0,Measure Not Applicable,,0,Measure Not Applicable,,Data Not Available,4 - Reliable
ACC-00008530,Tasman District Council,WWN-00318,Takaka,58,,4 - Reliable,Secondary,Land,276862.7547,,6.06,,29.43,,Significant Weather Events,42743,,1394,,321533,,4 - Reliable,1137,,Number of connections known,110,Number of connections known,Other (Please identify in the comments section),3400,Measure Not Applicable,4 - Reliable,4,,Measure Not Applicable,Prohibited activity under regional plan for untreated wastewater.,4 - Reliable,4.86,,Other (Please identify in the comments section),"Nelson Tasman Land Development manual (NTLDM) design flow parameters are comparable to NZS4404, but differ slightly regarding ADWF/person, DWPF, WWD/IF, # of people/dwelling.",10,Primary stormwater systems are designed against 10% AEP + climate change. It is expected that when secondary flow paths are engaged sources of SW inflow will overwhelm WW network.,3 - Less Reliable,0,Measure Not Applicable,46.823,,0,Measure Not Applicable,0,Measure Not Applicable,4 - Reliable,0,Measure Not Applicable,0,Measure Not Applicable,0,Measure Not Applicable,0,Measure Not Applicable,0,Measure Not Applicable,,0,Measure Not Applicable,2024,,4 - Reliable
ACC-00008530,Tasman District Council,WWN-00319,Tapawera,4,,4 - Reliable,Secondary,Land,19614,,0.58,,4.18,,Significant Weather Events,0,,0,,23444,,4 - Reliable,124,,Number of connections known,20,Number of connections known,Other (Please identify in the comments section),230,Measure Not Applicable,4 - Reliable,3,,Measure Not Applicable,Prohibited activity under regional plan for untreated wastewater.,4 - Reliable,7.27,,Other (Please identify in the comments section),"Nelson Tasman Land Development manual (NTLDM) design flow parameters are comparable to NZS4404, but differ slightly regarding ADWF/person, DWPF, WWD/IF, # of people/dwelling.",10,Primary stormwater systems are designed against 10% AEP + climate change. It is expected that when secondary flow paths are engaged sources of SW inflow will overwhelm WW network.,3 - Less Reliable,0,Measure Not Applicable,9.823,,0,Measure Not Applicable,0,Measure Not Applicable,4 - Reliable,0,Measure Not Applicable,0,Measure Not Applicable,0,Measure Not Applicable,0,Measure Not Applicable,0,Measure Not Applicable,,0,Measure Not Applicable,,Data Not Available,4 - Reliable
ACC-00008530,Tasman District Council,WWN-00320,Upper Takaka,1,,4 - Reliable,Secondary,Land,2631.421647,,0.07,,0.35,,Significant Weather Events,0,,0,,2800,Data Not Available,2 - Uncertain,15,,Number of connections known,2,Number of connections known,Other (Please identify in the comments section),20,Measure Not Applicable,4 - Reliable,2,,Measure Not Applicable,Prohibited activity under regional plan for untreated wastewater.,4 - Reliable,4.91,,Other (Please identify in the comments section),"Nelson Tasman Land Development manual (NTLDM) design flow parameters are comparable to NZS4404, but differ slightly regarding ADWF/person, DWPF, WWD/IF, # of people/dwelling.",10,Primary stormwater systems are designed against 10% AEP + climate change. It is expected that when secondary flow paths are engaged sources of SW inflow will overwhelm WW network.,3 - Less Reliable,1.982,,0.764,,0,Measure Not Applicable,0,Measure Not Applicable,4 - Reliable,0,Measure Not Applicable,0,Measure Not Applicable,0,Measure Not Applicable,0,Measure Not Applicable,0,Measure Not Applicable,,0,Measure Not Applicable,,Data Not Available,4 - Reliable
ACC-00001011,Taupo District Council,WWN-00321,Acacia Bay,31.41064,,4 - Reliable,Secondary,Land,119593,,3.8,,6.4,,Population Variance,,Data Not Available,0,,92922,,4 - Reliable,762,,Number of connections known,73,,Other (Please identify in the comments section),1475,,3 - Less Reliable,2,,,No overflow is permitted (Waikato Regional Council,4 - Reliable,1.23,,Internal code of practice,,,No design level of service,4 - Reliable,,Measure Not Applicable,,Data Not Available,,Data Not Available,,Data Not Available,4 - Reliable,0,Measure Not Applicable,,Measure Not Applicable,,Measure Not Applicable,,Measure Not Applicable,,Measure Not Applicable,,,Measure Not Applicable,,Measure Not Applicable,4 - Reliable
ACC-00001011,Taupo District Council,WWN-00322,Atiamuri,1.12081,,4 - Reliable,Primary,Land,1400,,,Data Not Available,,Data Not Available,,,Data Not Available,0,,1400,,4 - Reliable,33,,Number of connections known,1,,Other (Please identify in the comments section),202,,3 - Less Reliable,1,,,No overflow is permitted (Waikato Regional Council,4 - Reliable,,Data Not Available,Internal code of practice,,,No design level of service,4 - Reliable,,Measure Not Applicable,,Data Not Available,,Data Not Available,,Data Not Available,4 - Reliable,0,Measure Not Applicable,,Measure Not Applicable,,Measure Not Applicable,,Measure Not Applicable,,Measure Not Applicable,,,Measure Not Applicable,,Measure Not Applicable,4 - Reliable
ACC-00001011,Taupo District Council,WWN-00323,Kinloch,165.37569,,4 - Reliable,Tertiary,Land,69441,,2.2,,4.35,,Population Variance,0,,0,,101650,,4 - Reliable,1048,,Number of connections known,135,,Other (Please identify in the comments section),2538,,3 - Less Reliable,4,,,No overflow is permitted (Waikato Regional Council,4 - Reliable,3.3,,Measure Not Applicable,,,No design level of service,4 - Reliable,,Measure Not Applicable,,Data Not Available,,Data Not Available,,Data Not Available,4 - Reliable,0,Measure Not Applicable,,Measure Not Applicable,,Measure Not Applicable,,Measure Not Applicable,,Measure Not Applicable,,,Measure Not Applicable,,Measure Not Applicable,4 - Reliable
ACC-00001011,Taupo District Council,WWN-00324,Mangakino,20.66799,,4 - Reliable,Secondary,Land,93455,,3,,8.4,,Population Variance,0,,0,,51229,,4 - Reliable,683,,Number of connections known,25,,Other (Please identify in the comments section),1554,,3 - Less Reliable,1,,,No overflow is permitted (Waikato Regional Council,4 - Reliable,2.8,,Measure Not Applicable,,,No design level of service,4 - Reliable,,Measure Not Applicable,,Data Not Available,,Data Not Available,,Data Not Available,4 - Reliable,0,Measure Not Applicable,,Measure Not Applicable,,Measure Not Applicable,,Measure Not Applicable,,Measure Not Applicable,,,Measure Not Applicable,,Measure Not Applicable,4 - Reliable
ACC-00001011,Taupo District Council,WWN-00325,Motuoapa,15.17017,,4 - Reliable,Secondary,Land,45483,,1.4,,3.12,,Population Variance,0,,0,,48163,,4 - Reliable,497,,Number of connections known,10,,Other (Please identify in the comments section),1159,,3 - Less Reliable,2,,,No overflow is permitted (Waikato Regional Council,4 - Reliable,2.2,,Measure Not Applicable,,,No design level of service,4 - Reliable,,Measure Not Applicable,,Data Not Available,,Data Not Available,,Data Not Available,4 - Reliable,0,Measure Not Applicable,,Measure Not Applicable,,Measure Not Applicable,,Measure Not Applicable,,Measure Not Applicable,,,Measure Not Applicable,,Measure Not Applicable,4 - Reliable
ACC-00001011,Taupo District Council,WWN-00326,Motutere Camp Ground,1.95486,,4 - Reliable,Secondary,Land,6784,,0.2,,1.1,,Population Variance,0,,0,,6784,,4 - Reliable,1,,Number of connections known,0,,Other (Please identify in the comments section),202,,3 - Less Reliable,2,,,No overflow is permitted (Waikato Regional Council,4 - Reliable,5.5,,Measure Not Applicable,,,No design level of service,4 - Reliable,,Measure Not Applicable,,Data Not Available,,Data Not Available,,Data Not Available,4 - Reliable,0,Measure Not Applicable,,Measure Not Applicable,,Measure Not Applicable,,Measure Not Applicable,,Measure Not Applicable,,,Measure Not Applicable,,Measure Not Applicable,4 - Reliable
ACC-00001011,Taupo District Council,WWN-00327,Omori,43.47311,,4 - Reliable,Secondary,Land,59693,,2,,7.31,,Population Variance,0,,0,,89065,,4 - Reliable,1109,,Number of connections known,58,,Other (Please identify in the comments section),2475,,3 - Less Reliable,1,,,No overflow is permitted (Waikato Regional Council,4 - Reliable,3.9,,Measure Not Applicable,,,No design level of service,4 - Reliable,,Measure Not Applicable,,Data Not Available,,Data Not Available,,Data Not Available,4 - Reliable,0,Measure Not Applicable,,Measure Not Applicable,,Measure Not Applicable,,Measure Not Applicable,,Measure Not Applicable,,,Measure Not Applicable,,Data Not Available,4 - Reliable
ACC-00001011,Taupo District Council,WWN-00329,Turangi,65.34278,,4 - Reliable,Tertiary,Wetland,579218,,18.4,,32.38,,Significant Weather Events,0,,0,,0,Measure Not Applicable,4 - Reliable,1992,,Number of connections known,205,,Other (Please identify in the comments section),4868,,3 - Less Reliable,1,,,No overflow is permitted (Waikato Regional Council,4 - Reliable,1,,Measure Not Applicable,,,No design level of service,4 - Reliable,,Measure Not Applicable,,Data Not Available,,Data Not Available,,Data Not Available,4 - Reliable,0,Measure Not Applicable,,Measure Not Applicable,,Measure Not Applicable,,Measure Not Applicable,,Measure Not Applicable,,,Measure Not Applicable,,Measure Not Applicable,4 - Reliable
ACC-00001011,Taupo District Council,WWN-00330,Whakamaru,2.78643,,4 - Reliable,Secondary,Land,12496,,0.39,,0.66,,Significant Weather Events,0,,0,,12496,,4 - Reliable,57,,Number of connections known,3,,Other (Please identify in the comments section),124,,3 - Less Reliable,1,,,No overflow is permitted (Waikato Regional Council,4 - Reliable,1.57,,Measure Not Applicable,,,No design level of service,4 - Reliable,,Measure Not Applicable,,Data Not Available,,Data Not Available,,Data Not Available,4 - Reliable,0,Measure Not Applicable,,Measure Not Applicable,,Measure Not Applicable,,Measure Not Applicable,,Measure Not Applicable,,,Measure Not Applicable,,Measure Not Applicable,4 - Reliable
ACC-00001011,Taupo District Council,WWN-00331,Whareroa,8.54259,,4 - Reliable,Secondary,Land,9335,,0.3,,1.2,,Population Variance,0,,0,,9335,,4 - Reliable,174,,Number of connections known,1,,Other (Please identify in the comments section),417,,3 - Less Reliable,1,,,No overflow is permitted (Waikato Regional Council,4 - Reliable,13.5,,Measure Not Applicable,,,No design level of service,4 - Reliable,,Measure Not Applicable,,Data Not Available,,Data Not Available,,Data Not Available,4 - Reliable,0,Measure Not Applicable,,Measure Not Applicable,,Measure Not Applicable,,Measure Not Applicable,,Measure Not Applicable,,,Measure Not Applicable,,Data Not Available,4 - Reliable
ACC-00008507,Tauranga City Council,WWN-00333,Te Maunga,1300,,4 - Reliable,Tertiary,Marine,12452127,,395,,846,,Significant Weather Events,871649,,0,,0,,4 - Reliable,53952,,Estimation by residential buildings,3913,,Estimation by non-residential buildings,150281,,3 - Less Reliable,44,,,Regional Best Practise Guidelines for wet weather overflows from network,4 - Reliable,2.5,,Other (Please identify in the comments section),"For local network, 5 x ADWF (NZ4404)
For trunk network, 50% AEP",,"Network containment standard assessed based on calibrated model simulated with long-time series historic rainfall. Results have a statistical assessment to develop performance statistics such as simulated overflow frequency. To identify overflow events a 24hr dry period is adopted, with a 5 day split of long events",4 - Reliable,944,,405,,88,,1286,,4 - Reliable,17338,,15.25,,0,,0,,18329,,"Biosolids are processed into vermicompost. As per MyNoke, end-use includes horticulture, dairy and non-dairy farming, forestry, hydroponics, and distribution via third-party channels with unknown final destinations. A portion is also supplied to local body authorities, though the use is not explicitly confirmed in the available data.",0,,2023,,4 - Reliable
ACC-00001125,Thames Coromandel District Council,WWN-00334,Cooks Beach,29,,5 - Highly Reliable,Primary,Land,84187.28125,,2.669561176,,9.849537037,,Population Variance,,Measure Not Applicable,,Measure Not Applicable,84187.28125,,4 - Reliable,1028,,Other (Please identify in the comments section),19,,Other (Please identify in the comments section),595,,4 - Reliable,1,,,Prohibited activity under regional plan,4 - Reliable,3.689571576,,Data Not Available,,,Data not available,4 - Reliable,,Measure Not Applicable,36.57611213,,,Measure Not Applicable,,Measure Not Applicable,4 - Reliable,,Data Not Available,,Data Not Available,,Data Not Available,,Measure Not Applicable,,Measure Not Applicable,,,Measure Not Applicable,,Data Not Available,4 - Reliable
ACC-00001125,Thames Coromandel District Council,WWN-00335,Coromandel,22,,5 - Highly Reliable,Tertiary,River,195443.9381,,6.197486622,,17.38425926,,Population Variance,,Measure Not Applicable,,Measure Not Applicable,,,4 - Reliable,651,,Other (Please identify in the comments section),101,,Other (Please identify in the comments section),2019,,4 - Reliable,4,,,Prohibited activity under regional plan,4 - Reliable,2.805049905,,Data Not Available,,,Data not available,4 - Reliable,,Measure Not Applicable,84.91281923,,,Measure Not Applicable,,Measure Not Applicable,4 - Reliable,,Data Not Available,,Data Not Available,,Data Not Available,,Measure Not Applicable,,Measure Not Applicable,,,Measure Not Applicable,2025,,4 - Reliable
ACC-00001125,Thames Coromandel District Council,WWN-00336,Hahei,4,,5 - Highly Reliable,Tertiary,River,43602.05175,,1.382611991,,4.178240741,,Population Variance,,Measure Not Applicable,,Measure Not Applicable,,,4 - Reliable,137,,Other (Please identify in the comments section),12,,Other (Please identify in the comments section),234,,4 - Reliable,1,,,Prohibited activity under regional plan,4 - Reliable,3.021990817,,Data Not Available,,,Data not available,4 - Reliable,,Measure Not Applicable,18.94340226,,,Measure Not Applicable,,Measure Not Applicable,4 - Reliable,,Data Not Available,,Data Not Available,,Data Not Available,,Measure Not Applicable,,Measure Not Applicable,,,Measure Not Applicable,2020,,4 - Reliable
ACC-00001125,Thames Coromandel District Council,WWN-00337,Matarangi,34,,5 - Highly Reliable,Tertiary,Land,134327,,4.259481228,,14.51388889,,Population Variance,,Measure Not Applicable,,Measure Not Applicable,134327,,4 - Reliable,1460,,Other (Please identify in the comments section),5,,Other (Please identify in the comments section),2017,,4 - Reliable,1,,,Prohibited activity under regional plan,4 - Reliable,3.40743112,,Data Not Available,,,Data not available,4 - Reliable,,Measure Not Applicable,49.8770046,,,Measure Not Applicable,,Measure Not Applicable,4 - Reliable,,Data Not Available,,Data Not Available,,Data Not Available,,Measure Not Applicable,,Measure Not Applicable,,,Measure Not Applicable,2017,,4 - Reliable
ACC-00001125,Thames Coromandel District Council,WWN-00338,Oamaru Bay,1,,5 - Highly Reliable,Primary,Land,3144.41085,,0.099708614,,0.72337963,,Population Variance,,Measure Not Applicable,,Measure Not Applicable,3144.41085,,4 - Reliable,,,,,,,,,,2,,,Prohibited activity under regional plan,4 - Reliable,7.254936167,,Data Not Available,,,Data not available,4 - Reliable,,Measure Not Applicable,1.366124694,,,Measure Not Applicable,,Measure Not Applicable,4 - Reliable,,Data Not Available,,Data Not Available,,Data Not Available,,Measure Not Applicable,,Measure Not Applicable,,,Measure Not Applicable,2024,,4 - Reliable
ACC-00001125,Thames Coromandel District Council,WWN-00339,Onemana,9,,5 - Highly Reliable,Primary,Land,36603.37498,,1.160685407,,3.06712963,,Population Variance,,Measure Not Applicable,,Measure Not Applicable,36603.37498,,4 - Reliable,360,,Other (Please identify in the comments section),2,,Other (Please identify in the comments section),200,,4 - Reliable,2,,,Prohibited activity under regional plan,4 - Reliable,2.642515889,,Data Not Available,,,Data not available,4 - Reliable,,Measure Not Applicable,15.90274835,,,Measure Not Applicable,,Measure Not Applicable,4 - Reliable,,Data Not Available,,Data Not Available,,Data Not Available,,Measure Not Applicable,,Measure Not Applicable,,,Measure Not Applicable,,Data Not Available,4 - Reliable
ACC-00001125,Thames Coromandel District Council,WWN-00340,Opito Bay,2,,5 - Highly Reliable,Tertiary,Land,916,,0.029046169,,0.277777778,,Population Variance,,Measure Not Applicable,,Measure Not Applicable,916,,4 - Reliable,20,,Other (Please identify in the comments section),,,Other (Please identify in the comments section),,Data Not Available,4 - Reliable,1,,,Prohibited activity under regional plan,4 - Reliable,9.563318777,,Data Not Available,,,Data not available,4 - Reliable,,Measure Not Applicable,0.397966512,,,Measure Not Applicable,,Measure Not Applicable,4 - Reliable,,Data Not Available,,Data Not Available,,Data Not Available,,Measure Not Applicable,,Measure Not Applicable,,,Measure Not Applicable,,Data Not Available,4 - Reliable
ACC-00001125,Thames Coromandel District Council,WWN-00342,Thames,75,,5 - Highly Reliable,Tertiary,River,1155587.294,,36.64343271,,75.18518519,,Population Variance,,Measure Not Applicable,,Measure Not Applicable,,,4 - Reliable,2857,,Other (Please identify in the comments section),387,,Other (Please identify in the comments section),8545,,4 - Reliable,3,,,Prohibited activity under regional plan,4 - Reliable,2.051805184,,Data Not Available,,,Data not available,4 - Reliable,,Measure Not Applicable,502,,,Measure Not Applicable,,Measure Not Applicable,4 - Reliable,,Data Not Available,,Data Not Available,,Data Not Available,,Measure Not Applicable,,Measure Not Applicable,,,Measure Not Applicable,2023,,4 - Reliable
ACC-00001125,Thames Coromandel District Council,WWN-00342,Thames,,,5 - Highly Reliable,Tertiary,Land,,,,,,,,,,,,,,,,,,,,,,,,2,,,,4 - Reliable,,,,,,,,,,,,,,,,,,Data Not Available,,,,,,,,,,,,,,4 - Reliable
ACC-00001125,Thames Coromandel District Council,WWN-00343,Whangamata,78,,5 - Highly Reliable,Tertiary,Land,559544,,17.74302385,,42.84722222,,Population Variance,,Measure Not Applicable,,Measure Not Applicable,559544,,4 - Reliable,4538,,Other (Please identify in the comments section),180,,Other (Please identify in the comments section),4752,,4 - Reliable,5,,,Prohibited activity under regional plan,4 - Reliable,2.414877114,,Data Not Available,,,Data not available,4 - Reliable,,Measure Not Applicable,91.20541081,,,Measure Not Applicable,,Measure Not Applicable,4 - Reliable,,Data Not Available,17.5,,,Data Not Available,984,,,Measure Not Applicable,,,Measure Not Applicable,,Data Not Available,4 - Reliable
ACC-00001125,Thames Coromandel District Council,WWN-00344,Whitianga,86,,5 - Highly Reliable,Tertiary,River,823750,,26.12094115,,56.6087963,,Population Variance,,Measure Not Applicable,,Measure Not Applicable,,,4 - Reliable,3700,,Other (Please identify in the comments section),200,,Other (Please identify in the comments section),6623,,4 - Reliable,6,,,Prohibited activity under regional plan,4 - Reliable,2.167180577,,Data Not Available,,,Data not available,4 - Reliable,,Measure Not Applicable,357.8874614,,,Measure Not Applicable,,Measure Not Applicable,4 - Reliable,,Data Not Available,19,,,Data Not Available,1324,,,Measure Not Applicable,,,Measure Not Applicable,2016,,4 - Reliable
ACC-00008504,Timaru District Council,WWN-00345,Timaru - Domestic,471,,5 - Highly Reliable,Tertiary,Marine,3391800,,193,,1439,,Significant Weather Events,0,Measure Not Applicable,8496,,0,Measure Not Applicable,5 - Highly Reliable,15297,,Number of connections known,1100,,Other (Please identify in the comments section),36800,,4 - Reliable,21,,Data Not Available,"Minimal overflows due to equipment faliure, blockages and network capacity.",5 - Highly Reliable,7.4,,Internal code of practice,TDC Infrastructure Design Standards and NZS 4404,0,Design flows are set by zone/land use in the TDC Infrastructure Design Standard (Part 6: Section 6.4). Site specific design flows are required to include Peaking factor of 2 and Storm peak factor of 2.5 when calculating capacity.,5 - Highly Reliable,,Data Not Available,,Data Not Available,,Data Not Available,0,Measure Not Applicable,5 - Highly Reliable,0,Measure Not Applicable,0,Measure Not Applicable,0,Measure Not Applicable,0,Measure Not Applicable,0,Measure Not Applicable,,0,Measure Not Applicable,2021,,5 - Highly Reliable
ACC-00008504,Timaru District Council,WWN-00346,Timaru - Industrial,8,,5 - Highly Reliable,Pre-treatment,Marine,2644010,,291,,1667,,Other (Please identify in the comments section),2644010,,13954,,0,Measure Not Applicable,5 - Highly Reliable,0,,Measure Not Applicable,14,,Other (Please identify in the comments section),,Measure Not Applicable,4 - Reliable,21,,Data Not Available,"Minimal overflows due to equipment faliure, blockages and network capacity.",5 - Highly Reliable,5.7,,Internal code of practice,TDC Infrastructure Design Standards and NZS 4404,0,No stormwater ingression in the system.,5 - Highly Reliable,,Data Not Available,,Data Not Available,,Data Not Available,0,Measure Not Applicable,5 - Highly Reliable,0,Measure Not Applicable,0,Measure Not Applicable,0,Measure Not Applicable,0,Measure Not Applicable,0,Measure Not Applicable,,0,Measure Not Applicable,,Measure Not Applicable,5 - Highly Reliable
ACC-00001016,Waikato District Council,WWN-00347,Huntly,72,,4 - Reliable,Secondary,River,778531,,,Data Not Available,25,,Significant Weather Events,,Data Not Available,,Data Not Available,0,Measure Not Applicable,4 - Reliable,3151,,Number of connections known,60,,Number of metered connections,8508,,4 - Reliable,5,,Prohibited activity under regional plan,,5 - Highly Reliable,,Data Not Available,Other (Please identify in the comments section),Regional infrastructure technical specifications.,30,"CCTV, undergoing I&I investigations, investigations of lines close to the Waikato River to prevent infiltration of high river levels. Manholes sealing in Huntly on Venna Fry Lane, an area impacted heavily by high river levels.",4 - Reliable,,Measure Not Applicable,33,,,Measure Not Applicable,,Measure Not Applicable,2 - Uncertain,413,,6,,,Measure Not Applicable,,Measure Not Applicable,,Measure Not Applicable,,,Measure Not Applicable,2020,,3 - Less Reliable
ACC-00001016,Waikato District Council,WWN-00348,Maramarua,1,,4 - Reliable,Secondary,Land,844,,,Data Not Available,0,,Significant Weather Events,,Data Not Available,,Data Not Available,844,,4 - Reliable,7,,Number of connections known,0,,Number of metered connections,19,,4 - Reliable,1,,Prohibited activity under regional plan,,5 - Highly Reliable,,Data Not Available,Other (Please identify in the comments section),Regional infrastructure technical specifications.,,"CCTV, I&I investigations and smoke testing where SW is suspected to be infiltrating the WW (2026/27).",4 - Reliable,,Measure Not Applicable,,Data Not Available,,Measure Not Applicable,,Measure Not Applicable,2 - Uncertain,,Measure Not Applicable,,Measure Not Applicable,,Measure Not Applicable,,Measure Not Applicable,,Measure Not Applicable,,,Measure Not Applicable,,Measure Not Applicable,3 - Less Reliable
ACC-00001016,Waikato District Council,WWN-00349,Matangi,2,,4 - Reliable,Secondary,Land,10374,,,Data Not Available,0,,Significant Weather Events,,Data Not Available,,Data Not Available,8514,,4 - Reliable,57,,Number of connections known,1,,Number of metered connections,154,,4 - Reliable,1,,Prohibited activity under regional plan,,5 - Highly Reliable,,Data Not Available,Other (Please identify in the comments section),Regional infrastructure technical specifications.,,"CCTV, I&I investigations coinciding with smoke testing where SW is suspected to be infiltrating WW network (2026/27).",4 - Reliable,,Measure Not Applicable,,Data Not Available,,Measure Not Applicable,,Measure Not Applicable,2 - Uncertain,,Measure Not Applicable,,Measure Not Applicable,,Measure Not Applicable,,Measure Not Applicable,,Measure Not Applicable,,,Measure Not Applicable,,Measure Not Applicable,3 - Less Reliable
ACC-00001016,Waikato District Council,WWN-00350,Meremere,7,,4 - Reliable,Tertiary,River,55325,,,Data Not Available,2,,Significant Weather Events,,Data Not Available,,Data Not Available,0,Measure Not Applicable,4 - Reliable,233,,Number of connections known,1,,Number of metered connections,630,,4 - Reliable,2,,Prohibited activity under regional plan,,5 - Highly Reliable,,Data Not Available,Other (Please identify in the comments section),Regional infrastructure technical specifications.,,"CCTV, undergoing I&I investigations with the aim to survey 100% of the WW network in 2025/26.",4 - Reliable,,Measure Not Applicable,2,,,Measure Not Applicable,,Measure Not Applicable,2 - Uncertain,43,,10,,,Measure Not Applicable,,Measure Not Applicable,,Measure Not Applicable,,,Measure Not Applicable,,Data Not Available,3 - Less Reliable
ACC-00001016,Waikato District Council,WWN-00351,Ngaruawahia,52,,4 - Reliable,Secondary,River,771290.916,,,Data Not Available,24,,Significant Weather Events,,Data Not Available,,Data Not Available,0,Measure Not Applicable,4 - Reliable,3085,,Number of connections known,60,,Number of metered connections,8330,,4 - Reliable,5,,Prohibited activity under regional plan,,5 - Highly Reliable,,Data Not Available,Other (Please identify in the comments section),Regional infrastructure technical specifications.,30,"CCTV, undergoing I&I investigations, investigations of lines within close proximity to the Waikato River to prevent infiltration of high river levels.",4 - Reliable,,Measure Not Applicable,52,,,Measure Not Applicable,,Measure Not Applicable,2 - Uncertain,425,,6,,,Measure Not Applicable,,Measure Not Applicable,,Measure Not Applicable,,,Measure Not Applicable,2022,,3 - Less Reliable
ACC-00001016,Waikato District Council,WWN-00352,Raglan,62,,4 - Reliable,Secondary,Marine,460664,,,Data Not Available,15,,Significant Weather Events,,Data Not Available,,Data Not Available,0,Measure Not Applicable,4 - Reliable,2352,,Number of connections known,24,,Number of metered connections,6351,,4 - Reliable,4,,Prohibited activity under regional plan,,5 - Highly Reliable,,Data Not Available,Other (Please identify in the comments section),Regional infrastructure technical specifications.,75,"CCTV, manhole sealing and rehabilitation works in the Wallis St, Lorenzen Bay, Daisy St areas which has reduced saline intrusion.",4 - Reliable,,Measure Not Applicable,42,,,Measure Not Applicable,,Measure Not Applicable,2 - Uncertain,466,,10,,,Measure Not Applicable,,Measure Not Applicable,,Measure Not Applicable,,,Measure Not Applicable,,Data Not Available,3 - Less Reliable
ACC-00001016,Waikato District Council,WWN-00353,Tauwhare,1,,4 - Reliable,Secondary,Land,9901,,,Data Not Available,0,,Significant Weather Events,,Data Not Available,,Data Not Available,9901,,4 - Reliable,46,,Number of connections known,0,,Number of metered connections,125,,4 - Reliable,1,,Prohibited activity under regional plan,,5 - Highly Reliable,,Data Not Available,Other (Please identify in the comments section),Regional infrastructure technical specifications.,,"CCTV, I&I investigations coinciding with smoke testing where SW is suspected to be infiltrating the WW (2026/27).",4 - Reliable,,Measure Not Applicable,,Data Not Available,,Measure Not Applicable,,Measure Not Applicable,2 - Uncertain,,Measure Not Applicable,,Measure Not Applicable,,Measure Not Applicable,,Measure Not Applicable,,Measure Not Applicable,,,Measure Not Applicable,,Measure Not Applicable,3 - Less Reliable
ACC-00001016,Waikato District Council,WWN-00355,Te Kowhai,16,,4 - Reliable,Secondary,Land,831,,,Data Not Available,0,,Significant Weather Events,,Data Not Available,,Data Not Available,831,,4 - Reliable,20,,Number of connections known,0,,Number of metered connections,54,,4 - Reliable,1,,Prohibited activity under regional plan,,5 - Highly Reliable,,Data Not Available,Other (Please identify in the comments section),Regional infrastructure technical specifications.,,"CCTV, I&I investigations coinciding with smoke testing where SW is suspected to be infiltrating the WW (2026/27).",4 - Reliable,,Measure Not Applicable,,Data Not Available,,Measure Not Applicable,,Measure Not Applicable,2 - Uncertain,,Measure Not Applicable,,Measure Not Applicable,,Measure Not Applicable,,Measure Not Applicable,,Measure Not Applicable,,,Measure Not Applicable,,Measure Not Applicable,3 - Less Reliable
ACC-00008589,Waimakariri District Council,WWN-00356,Eastern Districts,410,,4 - Reliable,Tertiary,Marine,4511381.317,,136,,430,,Significant Weather Events,129560,,,Measure Not Applicable,,Measure Not Applicable,4 - Reliable,13662,,Estimation by residential buildings,552,,Estimation by non-residential buildings,34163,,4 - Reliable,8,,,"The discharge of untreated sewage onto or into land in circumstances where a contaminant may enter water or into surface water, a wetland or groundwater, as a result of a spill, overflow, or equipment failure, is a non-complying activity.",5 - Highly Reliable,3.161764706,,Internal code of practice,"Engineering Code of Practice, peaking factor as function of the number of dwellings.",18,"Any rainfall up to a 1 in 5 year event
for areas designed after 1999 (AEP)",5 - Highly Reliable,,Measure Not Applicable,137,,,Measure Not Applicable,631,,4 - Reliable,461,Data Not Available,36,,100,,0,,,Measure Not Applicable,,0,,2016,,4 - Reliable
ACC-00008589,Waimakariri District Council,WWN-00356,Eastern Districts,152,,4 - Reliable,Tertiary,Marine,1751013.081,,56,,208,,Significant Weather Events,,Measure Not Applicable,,Measure Not Applicable,,Measure Not Applicable,4 - Reliable,4154,,Estimation by residential buildings,70,,Estimation by non-residential buildings,10385,,4 - Reliable,4,,,"The discharge of untreated sewage onto or into land in circumstances where a contaminant may enter water or into surface water, a wetland or groundwater, as a result of a spill, overflow, or equipment failure, is a non-complying activity.",5 - Highly Reliable,3.714285714,,Internal code of practice,"Engineering Code of Practice, peaking factor as function of the number of dwellings.",18,"Any rainfall up to a 1 in 5 year event
for areas designed after 1999 (AEP)",5 - Highly Reliable,,Measure Not Applicable,102,,,Measure Not Applicable,203,,4 - Reliable,58,Data Not Available,36,,100,,0,,,Measure Not Applicable,,0,,2018,,4 - Reliable
ACC-00008589,Waimakariri District Council,WWN-00357,Oxford,30,,4 - Reliable,Tertiary,Land,212162.136,,6,,35,,Significant Weather Events,,Measure Not Applicable,,Measure Not Applicable,191961,,4 - Reliable,871,,Estimation by residential buildings,36,,Estimation by non-residential buildings,2178,,4 - Reliable,3,,,"The discharge of untreated sewage onto or into land in circumstances where a contaminant may enter water or into surface water, a wetland or groundwater, as a result of a spill, overflow, or equipment failure, is a non-complying activity.",5 - Highly Reliable,5.833333333,,Internal code of practice,"Engineering Code of Practice, peaking factor as function of the number of dwellings.",18,"Any rainfall up to a 1 in 5 year event
for areas designed after 1999 (AEP)",5 - Highly Reliable,,Measure Not Applicable,12,,,Measure Not Applicable,0,Measure Not Applicable,4 - Reliable,4923,Data Not Available,3.9,,0,,0,,,Measure Not Applicable,,49,,,Measure Not Applicable,4 - Reliable
ACC-00001017,Waimate District Council,WWN-00358,Waimate,44,,3 - Less Reliable,Secondary,Land,1059055,,6,,161,,Data Not Available,,Data Not Available,1583,,288240,,1 - Very Uncertain,1656,,Estimation by residential buildings,192,,Estimation by non-residential buildings,3467,,3 - Less Reliable,4,,Data Not Available,Resource consent is required but no consent held.  Wet weather overflows from the reticulated network require resource consent as a non-complying activity based on Rule 5.87 in the CLWRP.,5 - Highly Reliable,27,,Other (Please identify in the comments section),"Average nominal flow is 1,300m3/day with a peaking factor of between 4 & 6.",,,1 - Very Uncertain,0,,,Data Not Available,,Data Not Available,0,,1 - Very Uncertain,0,,,Measure Not Applicable,,Measure Not Applicable,0,,0,,,0,,2021,,5 - Highly Reliable
ACC-00008578,Waipa District Council,WWN-00359,Cambridge,193,,4 - Reliable,Tertiary,River,1845558,,64,,129,,Seasonal Changes,,Data Not Available,11064,,0,,5 - Highly Reliable,7694,,Other (Please identify in the comments section),159,,Other (Please identify in the comments section),22351,,5 - Highly Reliable,11,,,Prohibited activity under regional plan,5 - Highly Reliable,2.01,,Internal code of practice,,,Was unable to find this data,1 - Very Uncertain,,Data Not Available,,Data Not Available,,Data Not Available,,Data Not Available,5 - Highly Reliable,,Data Not Available,15,,0,,0,,1728.83,,Mynoke Vermiculture,0,,2020,,5 - Highly Reliable
ACC-00008578,Waipa District Council,WWN-00360,Te Awamutu,167,,4 - Reliable,Tertiary,River,1887061,,218,,497,,Seasonal Changes,,Data Not Available,0,,0,,5 - Highly Reliable,6291,,Other (Please identify in the comments section),155,,Other (Please identify in the comments section),17611,,5 - Highly Reliable,2,,,Prohibited activity under regional plan,5 - Highly Reliable,2.27,,Internal code of practice,,,Was unable to find this data,1 - Very Uncertain,,Data Not Available,,Data Not Available,,Data Not Available,,Data Not Available,5 - Highly Reliable,,Data Not Available,15,,0,,0,,2348.22,,Mynoke Vermiculture,0,,,Measure Not Applicable,5 - Highly Reliable
ACC-00008575,Wairoa District Council,WWN-00361,Tuai,5,,4 - Reliable,Secondary,River,10929,,,,,,,0,,0,,0,,2 - Uncertain,54,,Estimation by residential buildings,2,,Estimation by non-residential buildings,150,,2 - Uncertain,1,,,Discretionary.  No consents held.  No option for this in previous column,5 - Highly Reliable,1,,Data Not Available,"Hydraulic capacity of pipes to the WWTP limits peak flows.  Old scheme, no data could be found on design",,Not measured,1 - Very Uncertain,,Data Not Available,,Data Not Available,,Data Not Available,,Data Not Available,1 - Very Uncertain,,Data Not Available,,Data Not Available,0,,,,0,,,0,,,Measure Not Applicable,4 - Reliable
ACC-00008575,Wairoa District Council,WWN-00362,Wairoa,37,,4 - Reliable,Secondary,River,,,,,,,,,Data Not Available,,Data Not Available,0,,2 - Uncertain,1522,,Estimation by residential buildings,346,,Estimation by non-residential buildings,4000,,2 - Uncertain,5,,,Discretionary.  Consents held.  No option for this in previous column,5 - Highly Reliable,3,,Other (Please identify in the comments section),Original design used 4.0 peaking factor for DWF of 1800 m3/d. Peaking factor for 2013-17 (shown in cell L24) is 3.0.  Pump capacity limitations now.  What is this value???  Also the WWTP outfall discharge is hydraulically limited to 664 m3/h. Actual DWF is 1650 m3/d?,,Not measured,1 - Very Uncertain,,Data Not Available,,Data Not Available,,Data Not Available,,Data Not Available,1 - Very Uncertain,,Data Not Available,,Data Not Available,0,,,,0,,,0,,2025,,5 - Highly Reliable
ACC-00008499,Waitaki District Council,WWN-00363,Duntroon,0,,5 - Highly Reliable,Secondary,Land,,Data Not Available,,Data Not Available,,Data Not Available,Data Not Available,0,,0,Measure Not Applicable,,Data Not Available,5 - Highly Reliable,10,,Other (Please identify in the comments section),0,,Other (Please identify in the comments section),24,,3 - Less Reliable,1,,,,,,Data Not Available,NZS4404,NZ 4404:2010 5.3.5.1 250l per person per day,,target is no flooding of habitable floors including basements,,,Data Not Available,,Data Not Available,,Data Not Available,,Data Not Available,2 - Uncertain,,Data Not Available,,Data Not Available,,Data Not Available,,Data Not Available,,Data Not Available,,,Data Not Available,,Measure Not Applicable,2 - Uncertain
ACC-00008499,Waitaki District Council,WWN-00364,Kurow,8,,5 - Highly Reliable,Secondary,Land,30451,,1,,7,,Significant Weather Events,,Data Not Available,0,Measure Not Applicable,31712,,4 - Reliable,205,,Other (Please identify in the comments section),40,,Other (Please identify in the comments section),366,,3 - Less Reliable,1,,,,,7,,NZS4404,NZ 4404:2010 5.3.5.1 250l per person per day,,target is no flooding of habitable floors including basements,,65,,,,,Data Not Available,,,2 - Uncertain,,Data Not Available,,Data Not Available,,Data Not Available,,Data Not Available,,Data Not Available,,,Data Not Available,2021,,2 - Uncertain
ACC-00008499,Waitaki District Council,WWN-00365,Lake Ohau Alpine Village,17,,5 - Highly Reliable,Secondary,Land,,Data Not Available,,Data Not Available,,Data Not Available,Data Not Available,0,,0,Measure Not Applicable,,Data Not Available,5 - Highly Reliable,65,,Other (Please identify in the comments section),0,,Other (Please identify in the comments section),54,,3 - Less Reliable,1,,,,,,Data Not Available,NZS4404,NZ 4404:2010 5.3.5.1 250l per person per day,,target is no flooding of habitable floors including basements,,13,,,Data Not Available,,Data Not Available,,,2 - Uncertain,,Data Not Available,,Data Not Available,,Data Not Available,,Data Not Available,,Data Not Available,,,Data Not Available,2021,,2 - Uncertain
ACC-00008499,Waitaki District Council,WWN-00366,Moeraki,15,,5 - Highly Reliable,Secondary,Land,20057,,1,,2,,Data Not Available,,Data Not Available,0,Measure Not Applicable,20206,,4 - Reliable,161,,Other (Please identify in the comments section),7,,Other (Please identify in the comments section),108,,3 - Less Reliable,2,,,,,2,,NZS4404,NZ 4404:2010 5.3.5.1 250l per person per day,,target is no flooding of habitable floors including basements,,19,,,,,Data Not Available,,,2 - Uncertain,,Data Not Available,,Data Not Available,,Data Not Available,,Data Not Available,,Data Not Available,,,Data Not Available,2021,,2 - Uncertain
ACC-00008499,Waitaki District Council,WWN-00369,Oamaru,142,,5 - Highly Reliable,Secondary,River,1952778,,62,,204,,Significant Weather Events,,Data Not Available,10823.2,,1865956,,4 - Reliable,5744,,Other (Please identify in the comments section),564,,Other (Please identify in the comments section),14828,,3 - Less Reliable,4,,,,,3,,NZS4404,NZ 4404:2010 5.3.5.1 250l per person per day,,target is no flooding of habitable floors including basements,,5646,,,,,Data Not Available,,,2 - Uncertain,,Data Not Available,,Data Not Available,,Data Not Available,,Data Not Available,,Data Not Available,,,Data Not Available,2021,,2 - Uncertain
ACC-00008499,Waitaki District Council,WWN-00370,Omarama,7,,5 - Highly Reliable,Secondary,Land,70402,,2,,20,,Population Variance,,Data Not Available,0,Measure Not Applicable,55132,,4 - Reliable,229,,Other (Please identify in the comments section),27,,Other (Please identify in the comments section),279,,3 - Less Reliable,1,,,,,10,,NZS4404,NZ 4404:2010 5.3.5.1 250l per person per day,,target is no flooding of habitable floors including basements,,17,,,,,Data Not Available,,,2 - Uncertain,,Data Not Available,,Data Not Available,,Data Not Available,,Data Not Available,,Data Not Available,,,Data Not Available,2021,,2 - Uncertain
ACC-00008499,Waitaki District Council,WWN-00371,Otematata,11,,5 - Highly Reliable,Secondary,Land,62006,,2,,13,,Significant Weather Events,,Data Not Available,0,Measure Not Applicable,53112,,4 - Reliable,520,,Other (Please identify in the comments section),19,,Other (Please identify in the comments section),180,,3 - Less Reliable,2,,,,,7,,NZS4404,NZ 4404:2010 5.3.5.1 250l per person per day,,target is no flooding of habitable floors including basements,,15,,,,,Data Not Available,,,2 - Uncertain,,Data Not Available,,Data Not Available,,Data Not Available,,Data Not Available,,Data Not Available,,,Data Not Available,2021,,2 - Uncertain
ACC-00008499,Waitaki District Council,WWN-00372,Palmerston,17,,5 - Highly Reliable,Secondary,Land,117513,,4,,50,,Significant Weather Events,,Data Not Available,,Data Not Available,126135,,4 - Reliable,440,,Other (Please identify in the comments section),58,,Other (Please identify in the comments section),906,,3 - Less Reliable,1,,,,,13,,NZS4404,NZ 4404:2010 5.3.5.1 250l per person per day,,target is no flooding of habitable floors including basements,,174,,,,,Data Not Available,,,2 - Uncertain,,Data Not Available,,Data Not Available,,Data Not Available,,Data Not Available,,Data Not Available,,,Data Not Available,2021,,2 - Uncertain
ACC-00008576,Waitomo District Council,WWN-00373,Maniaiti/Benneydale,4,,4 - Reliable,Tertiary,,18325,,3,,4,,Significant Weather Events,0,Measure Not Applicable,,Data Not Available,9645,,4 - Reliable,100,,Number of connections known,,Data Not Available,Other (Please identify in the comments section),237,,4 - Reliable,0,,Data Not Available,,3 - Less Reliable,1.3,,Data Not Available,,70,,3 - Less Reliable,,Data Not Available,,Data Not Available,,Data Not Available,,Data Not Available,3 - Less Reliable,,Data Not Available,,Data Not Available,,Data Not Available,,Data Not Available,,Data Not Available,,,Data Not Available,,,4 - Reliable
ACC-00008576,Waitomo District Council,WWN-00374,Piopio,11,,4 - Reliable,Tertiary,,31761,,1,,3,,Significant Weather Events,,Measure Not Applicable,,Data Not Available,0,,4 - Reliable,202,,Number of connections known,,Data Not Available,Other (Please identify in the comments section),454,,4 - Reliable,0,,Data Not Available,,3 - Less Reliable,3,,Data Not Available,,70,,3 - Less Reliable,,Data Not Available,,Data Not Available,,Data Not Available,,Data Not Available,3 - Less Reliable,,Data Not Available,,Data Not Available,,Data Not Available,,Data Not Available,,Data Not Available,,,Data Not Available,,,4 - Reliable
ACC-00008576,Waitomo District Council,WWN-00375,Te Kuiti,56,,4 - Reliable,Tertiary,,1030653,,45,,50,,Significant Weather Events,,Measure Not Applicable,,Data Not Available,0,,4 - Reliable,1950,,Number of connections known,,Data Not Available,Other (Please identify in the comments section),4548,,4 - Reliable,0,,Data Not Available,,3 - Less Reliable,1.11,,Data Not Available,,80,,3 - Less Reliable,,Data Not Available,,Data Not Available,,Data Not Available,,Data Not Available,3 - Less Reliable,120,,12,,,Data Not Available,,Data Not Available,,Data Not Available,,,Data Not Available,2023,,4 - Reliable
ACC-00008576,Waitomo District Council,WWN-00376,Te Waitere,1,,4 - Reliable,Primary,,41,,1,,1,,Significant Weather Events,0,Measure Not Applicable,,Data Not Available,41,,4 - Reliable,17,,Number of connections known,,Data Not Available,Other (Please identify in the comments section),45,,3 - Less Reliable,0,,Data Not Available,,3 - Less Reliable,1,,Data Not Available,,70,,3 - Less Reliable,,Data Not Available,,Data Not Available,,Data Not Available,,Data Not Available,3 - Less Reliable,,Data Not Available,,Data Not Available,,Data Not Available,,Data Not Available,,Data Not Available,,,Data Not Available,,,4 - Reliable
ACC-00001216,Watercare,WWN-00377,Army Bay,645.28,,5 - Highly Reliable,Tertiary,Marine,4860921.57,,85,,380,,Significant Weather Events,28714,,0,,0,,4 - Reliable,24301,,Number of connections known,1277,,Number of metered connections,80600,,4 - Reliable,7,,,Note: drop down selection option doesn't make sense. As per FY2024 report correct answer is: Restricted discretionary,4 - Reliable,4.5,,Internal code of practice,,50,6 month design storm,4 - Reliable,,Measure Not Applicable,268,,434,,,Measure Not Applicable,4 - Reliable,5000,,18,,0,,0,,5000,,Mynoke vermicompost,0,,,Measure Not Applicable,5 - Highly Reliable
ACC-00001216,Watercare,WWN-00378,Beachlands,108.97,,5 - Highly Reliable,Tertiary,River,732091,,23,,53,,Significant Weather Events,5200,,0,,0,,4 - Reliable,3495,,Number of connections known,58,,Number of metered connections,10800,,4 - Reliable,6,,,Note: drop down selection option doesn't make sense. As per FY2024 report correct answer is: Restricted discretionary,4 - Reliable,2.3,,Internal code of practice,,50,6 month design storm,4 - Reliable,,Measure Not Applicable,14,,285,,187.79,,4 - Reliable,833,,40,,0,,500,,0,,,0,,,Measure Not Applicable,5 - Highly Reliable
ACC-00001216,Watercare,WWN-00379,Bombay,0.33,,5 - Highly Reliable,Primary,Land,960,,0.03,,,Data Not Available,,0,,0,,0,,4 - Reliable,9,,Number of connections known,1,,Number of metered connections,20,,4 - Reliable,2,,,Note: drop down selection option doesn't make sense. As per FY2024 report correct answer is: Restricted discretionary,4 - Reliable,,Data Not Available,Internal code of practice,,50,6 month design storm,4 - Reliable,,Measure Not Applicable,0.78,,,Measure Not Applicable,,Measure Not Applicable,3 - Less Reliable,,Measure Not Applicable,,Measure Not Applicable,0,,0,,0,,,0,,,Measure Not Applicable,5 - Highly Reliable
ACC-00001216,Watercare,WWN-00380,Clarks Beach,33.9,,5 - Highly Reliable,Tertiary,Estuary,256085,,3,,15,,Significant Weather Events,0,,0,,0,,4 - Reliable,1122,,Number of connections known,22,,Number of metered connections,3000,,4 - Reliable,9,,,Note: drop down selection option doesn't make sense. As per FY2024 report correct answer is: Restricted discretionary,4 - Reliable,5,,Internal code of practice,,50,6 month design storm,4 - Reliable,,Measure Not Applicable,8.1,,,Measure Not Applicable,,Measure Not Applicable,4 - Reliable,,Measure Not Applicable,,Measure Not Applicable,0,,0,,0,,,0,,,Data Not Available,5 - Highly Reliable
ACC-00001216,Watercare,WWN-00381,Denehurst - Waimauku,0.64,,5 - Highly Reliable,Secondary,Land,1810.51,,0.06,,,Data Not Available,,0,,0,,1810.505005,,4 - Reliable,18,,Number of connections known,0,,Number of metered connections,60,,4 - Reliable,2,,,Note: drop down selection option doesn't make sense. As per FY2024 report correct answer is: Restricted discretionary,4 - Reliable,,Data Not Available,Internal code of practice,,50,6 month design storm,4 - Reliable,,Measure Not Applicable,0.52,,,Measure Not Applicable,,Measure Not Applicable,3 - Less Reliable,,Measure Not Applicable,,Measure Not Applicable,0,,0,,0,,,0,,,Measure Not Applicable,5 - Highly Reliable
ACC-00001216,Watercare,WWN-00382,Helensville,45.02,,5 - Highly Reliable,Tertiary,Estuary,509685.56,,16,,50,,Significant Weather Events,715,,0,,0,,4 - Reliable,1557,,Number of connections known,179,,Number of metered connections,4500,,4 - Reliable,6,,,Note: drop down selection option doesn't make sense. As per FY2024 report correct answer is: Restricted discretionary,4 - Reliable,3.1,,Internal code of practice,,50,6 month design storm,4 - Reliable,,Measure Not Applicable,30,,,Measure Not Applicable,,Measure Not Applicable,4 - Reliable,,Measure Not Applicable,,Measure Not Applicable,0,,0,,0,,,0,,2021,,5 - Highly Reliable
ACC-00001216,Watercare,WWN-00383,Kawakawa Bay,14.74,,5 - Highly Reliable,Tertiary,Land,25189.62,,0.8,,11.35,,Significant Weather Events,0,,0,,25190,,4 - Reliable,269,,Number of connections known,9,,Number of metered connections,650,,4 - Reliable,8,,,Note: drop down selection option doesn't make sense. As per FY2024 report correct answer is: Restricted discretionary,4 - Reliable,14.2,,Internal code of practice,,50,6 month design storm,4 - Reliable,,Measure Not Applicable,1.1,,,Measure Not Applicable,,Measure Not Applicable,4 - Reliable,,Measure Not Applicable,,Measure Not Applicable,0,,0,,0,,,0,,,Measure Not Applicable,5 - Highly Reliable
ACC-00001216,Watercare,WWN-00385,Mangere,6499.67,,5 - Highly Reliable,Tertiary,Estuary,128636698,,4021,,10700,,Significant Weather Events,7209288,,0,,0,,4 - Reliable,320632,,Number of connections known,25014,,Number of metered connections,1200000,,4 - Reliable,74,,,Note: drop down selection option doesn't make sense. As per FY2024 report correct answer is: Restricted discretionary,4 - Reliable,2.5,,Internal code of practice,,50,6 month design storm,4 - Reliable,,Measure Not Applicable,3056,,3520,,26154.91,,4 - Reliable,143000,,25,,0,,143000,,0,,Rehabilitation of Puketutu Island quarry,0,,,Measure Not Applicable,5 - Highly Reliable
ACC-00001216,Watercare,WWN-00386,Omaha,71.54,,5 - Highly Reliable,Tertiary,Land,158515,,5,,29.08,,Significant Weather Events,0,,0,,158515,,4 - Reliable,1799,,Number of connections known,39,,Number of metered connections,6000,,3 - Less Reliable,8,,,Note: drop down selection option doesn't make sense. As per FY2024 report correct answer is: Restricted discretionary,4 - Reliable,5.8,,Internal code of practice,,50,6 month design storm,4 - Reliable,,Measure Not Applicable,9,,17,,,Measure Not Applicable,4 - Reliable,1000,,8,,0,,1000,,0,,,0,,2023,,5 - Highly Reliable
ACC-00001216,Watercare,WWN-00387,Owhanake -Waiheke Island,3.08,,5 - Highly Reliable,Tertiary,Wetland,14023.26,,0.44,,3.5,,Significant Weather Events,0,,0,,0,,4 - Reliable,10,,Number of connections known,40,,Number of metered connections,,Measure Not Applicable,4 - Reliable,5,,,Note: drop down selection option doesn't make sense. As per FY2024 report correct answer is: Restricted discretionary,4 - Reliable,8,,Internal code of practice,,50,6 month design storm,4 - Reliable,,Data Not Available,0.28,,17,,,Measure Not Applicable,3 - Less Reliable,,Measure Not Applicable,,Measure Not Applicable,0,,0,,0,,,0,,,Measure Not Applicable,5 - Highly Reliable
ACC-00001216,Watercare,WWN-00388,Pukekohe,253.96,,5 - Highly Reliable,Tertiary,River,4244184,,157,,422,,Significant Weather Events,739185,,6675,,0,,4 - Reliable,9447,,Number of connections known,709,,Number of metered connections,31000,,4 - Reliable,11,,,Note: drop down selection option doesn't make sense. As per FY2024 report correct answer is: Restricted discretionary,4 - Reliable,2.7,,Internal code of practice,,50,6 month design storm,4 - Reliable,,Data Not Available,26,,,Measure Not Applicable,4245.88,,4 - Reliable,,Measure Not Applicable,,Measure Not Applicable,0,,0,,0,,,0,,2022,,5 - Highly Reliable
ACC-00001216,Watercare,WWN-00389,Rosedale - Albany,1782.27,,5 - Highly Reliable,Tertiary,Marine,21941724,,157,,2000,,Significant Weather Events,450497,,22333,,0,,4 - Reliable,80243,,Number of connections known,5826,,Number of metered connections,330000,,4 - Reliable,20,,,Note: drop down selection option doesn't make sense. As per FY2024 report correct answer is: Restricted discretionary,4 - Reliable,12.7,,Internal code of practice,,50,6 month design storm,4 - Reliable,,Measure Not Applicable,453,,851,,2513.24,,4 - Reliable,15000,,23,,0,,15000,,0,,,0,,,Measure Not Applicable,5 - Highly Reliable
ACC-00001216,Watercare,WWN-00390,Snells Beach,74.75,,5 - Highly Reliable,Secondary,Marine,365364,,12,,139,,Significant Weather Events,0,,0,,0,,4 - Reliable,2169,,Number of connections known,54,,Number of metered connections,6500,,4 - Reliable,12,,,Note: drop down selection option doesn't make sense. As per FY2024 report correct answer is: Restricted discretionary,4 - Reliable,11.6,,Internal code of practice,,50,6 month design storm,4 - Reliable,,Measure Not Applicable,25,,,Measure Not Applicable,,Measure Not Applicable,4 - Reliable,,Measure Not Applicable,,Measure Not Applicable,0,,0,,0,,,0,,,Data Not Available,5 - Highly Reliable
ACC-00001216,Watercare,WWN-00391,Waiuku,71.4,,5 - Highly Reliable,Tertiary,Estuary,796151,,23,,44,,Significant Weather Events,2135,,0,,0,,4 - Reliable,2924,,Number of connections known,234,,Number of metered connections,10000,,4 - Reliable,4,,,Note: drop down selection option doesn't make sense. As per FY2024 report correct answer is: Restricted discretionary,4 - Reliable,1.9,,Internal code of practice,,50,6 month design storm,4 - Reliable,,Measure Not Applicable,36,,,Measure Not Applicable,,Measure Not Applicable,4 - Reliable,,Measure Not Applicable,,Measure Not Applicable,0,,0,,0,,,0,,,Data Not Available,5 - Highly Reliable
ACC-00001216,Watercare,WWN-00392,Waiwera,5.29,,5 - Highly Reliable,Secondary,Estuary,67450.73,,2,,8,,Significant Weather Events,0,,0,,0,,4 - Reliable,125,,Number of connections known,11,,Number of metered connections,440,,4 - Reliable,6,,,Note: drop down selection option doesn't make sense. As per FY2024 report correct answer is: Restricted discretionary,4 - Reliable,4,,Internal code of practice,,50,6 month design storm,4 - Reliable,,Measure Not Applicable,1.4,,,Measure Not Applicable,,Measure Not Applicable,4 - Reliable,,Measure Not Applicable,,Measure Not Applicable,0,,0,,0,,,0,,,Data Not Available,5 - Highly Reliable
ACC-00001216,Watercare,WWN-00393,Warkworth,69.33,,5 - Highly Reliable,Tertiary,Estuary,521348,,16,,46,,Significant Weather Events,853,,0,,0,,4 - Reliable,2195,,Number of connections known,354,,Number of metered connections,7000,,4 - Reliable,5,,,Note: drop down selection option doesn't make sense. As per FY2024 report correct answer is: Restricted discretionary,4 - Reliable,2.9,,Internal code of practice,,50,6 month design storm,4 - Reliable,,Measure Not Applicable,17,,,Measure Not Applicable,109.31,,4 - Reliable,650,,18,,0,,650,,0,,,0,,,Measure Not Applicable,5 - Highly Reliable
ACC-00001216,Watercare,WWN-00394,Wellsford,35.5,,5 - Highly Reliable,Tertiary,River,240133,,3,,69,,Significant Weather Events,6065,,0,,0,,4 - Reliable,777,,Number of connections known,146,,Number of metered connections,2800,,4 - Reliable,6,,,Note: drop down selection option doesn't make sense. As per FY2024 report correct answer is: Restricted discretionary,4 - Reliable,23,,Internal code of practice,,50,6 month design storm,4 - Reliable,,Measure Not Applicable,11,,,Measure Not Applicable,,Measure Not Applicable,4 - Reliable,,Measure Not Applicable,,Measure Not Applicable,0,,0,,0,,,0,,2010,,5 - Highly Reliable
ACC-00008546,Wellington Water Ltd.,WWN-00395,Moa Point,,Data Not Available,3 - Less Reliable,Tertiary,Marine,25703768,,815,,3629,,Significant Weather Events,2056301,,0,,0,,4 - Reliable,70504.21752,,Other (Please identify in the comments section),0,Data Not Available,,162969,,4 - Reliable,8,,Measure Not Applicable,Resource consent held for wet weather discharges,4 - Reliable,4.73,,Internal code of practice,,,We use the rainfall that triggers statistically a 6 month overflow event (this is different to a rainfall event as it can be a intense short rainfall of approx 1 in 8 mth rainfall ARI in dry periods or it could be a short 1 in 3mth rainfall ARI in a wet period). So we use the rainfall event that triggers a 2 overflow events a year for constructed overflows and the rainfall event that triggers a one in one year overflow event for unconstructed overflows.,2 - Uncertain,0,,1888,,,Data Not Available,4116,,3 - Less Reliable,14376,,25,,0,,14376,,0,,,0,,,Measure Not Applicable,4 - Reliable
ACC-00008546,Wellington Water Ltd.,WWN-00396,Porirua,,Data Not Available,3 - Less Reliable,Tertiary,Marine,9778301,,310,,1422,,Significant Weather Events,488915.05,,0,,0,,4 - Reliable,26821.41625,,Other (Please identify in the comments section),0,Data Not Available,,92545,,4 - Reliable,3,,Measure Not Applicable,Resource consent held for wet weather discharges,4 - Reliable,5.06,,Internal code of practice,,,We use the rainfall that triggers statistically a 6 month overflow event (this is different to a rainfall event as it can be a intense short rainfall of approx 1 in 8 mth rainfall ARI in dry periods or it could be a short 1 in 3mth rainfall ARI in a wet period). So we use the rainfall event that triggers a 2 overflow events a year for constructed overflows and the rainfall event that triggers a one in one year overflow event for unconstructed overflows.,2 - Uncertain,0,,825,,,Data Not Available,1959,,3 - Less Reliable,9733,,18,,,,9733,,0,,,0,,,Measure Not Applicable,4 - Reliable
ACC-00008546,Wellington Water Ltd.,WWN-00397,Seaview,,Data Not Available,3 - Less Reliable,Tertiary,Marine,23368076,,741,,2956,,Significant Weather Events,1168403.8,,0,,0,,4 - Reliable,64097.52505,,Other (Please identify in the comments section),0,Data Not Available,,160116,,4 - Reliable,9,,Measure Not Applicable,Resource consent held for wet weather discharges,4 - Reliable,4.35,,Internal code of practice,,,We use the rainfall that triggers statistically a 6 month overflow event (this is different to a rainfall event as it can be a intense short rainfall of approx 1 in 8 mth rainfall ARI in dry periods or it could be a short 1 in 3mth rainfall ARI in a wet period). So we use the rainfall event that triggers a 2 overflow events a year for constructed overflows and the rainfall event that triggers a one in one year overflow event for unconstructed overflows.,2 - Uncertain,0,,2344,,,Data Not Available,2978,,3 - Less Reliable,4366,,95,,0,,4366,,0,,,0,,,Measure Not Applicable,4 - Reliable
ACC-00008546,Wellington Water Ltd.,WWN-00398,Western,,Data Not Available,3 - Less Reliable,Tertiary,Marine,1707591,,54,,230,,Significant Weather Events,68303.64,,0,,0,,4 - Reliable,4683.84119,,Other (Please identify in the comments section),0,Data Not Available,,12217,,4 - Reliable,7,,Measure Not Applicable,Resource consent held for wet weather discharges,4 - Reliable,4.79,,Internal code of practice,,,We use the rainfall that triggers statistically a 6 month overflow event (this is different to a rainfall event as it can be a intense short rainfall of approx 1 in 8 mth rainfall ARI in dry periods or it could be a short 1 in 3mth rainfall ARI in a wet period). So we use the rainfall event that triggers a 2 overflow events a year for constructed overflows and the rainfall event that triggers a one in one year overflow event for unconstructed overflows.,2 - Uncertain,0,,128,,,Data Not Available,251,,3 - Less Reliable,886,,20,,0,,886,,0,,,0,,,Measure Not Applicable,4 - Reliable
ACC-00001161,Western Bay of Plenty District Council,WWN-00399,Katikati,81,,4 - Reliable,Tertiary,Marine,440647,,14,,20,,Significant Weather Events,6570,,0,Measure Not Applicable,0,Measure Not Applicable,5 - Highly Reliable,2173,,Number of connections known,380,,Other (Please identify in the comments section),5085,,4 - Reliable,1,,Measure Not Applicable,Not permitted,5 - Highly Reliable,1.4,,Internal code of practice,WBOPDC Development Code,0,Not applicable - No specific design storm requirement,5 - Highly Reliable,18,,11,,0,,0,Measure Not Applicable,4 - Reliable,0,Measure Not Applicable,0,Measure Not Applicable,0,Measure Not Applicable,0,,0,Measure Not Applicable,,0,,2022,,4 - Reliable
ACC-00001161,Western Bay of Plenty District Council,WWN-00400,Maketu,38,,4 - Reliable,Tertiary,Land,129179,,4,,8,,Significant Weather Events,913,,0,Measure Not Applicable,129179,,4 - Reliable,437,,Number of connections known,28,,Other (Please identify in the comments section),1070,,4 - Reliable,2,,Measure Not Applicable,Not permitted,5 - Highly Reliable,2,,Internal code of practice,WBOPDC Development Code,0,Not applicable - No specific design storm requirement,5 - Highly Reliable,0,Measure Not Applicable,2,,1,,0,Measure Not Applicable,4 - Reliable,0,Data Not Available,16.6,,0,Measure Not Applicable,0,Data Not Available,41.8,,Ecocast Kawerau Vermicomposting plant,0,,0,Measure Not Applicable,5 - Highly Reliable
ACC-00001161,Western Bay of Plenty District Council,WWN-00401,Ongare Point,4,,4 - Reliable,Tertiary,Land,9981,,0,Data Not Available,0,Data Not Available,Significant Weather Events,0,Measure Not Applicable,0,Measure Not Applicable,9981,,4 - Reliable,55,,Number of connections known,0,,Other (Please identify in the comments section),127,,4 - Reliable,1,,Measure Not Applicable,Not permitted,5 - Highly Reliable,0,Data Not Available,Internal code of practice,WBOPDC Development Code,0,Not applicable - No specific design storm requirement,5 - Highly Reliable,0,Measure Not Applicable,0,Data Not Available,0,Measure Not Applicable,0,Measure Not Applicable,3 - Less Reliable,0,Measure Not Applicable,0,Measure Not Applicable,0,Measure Not Applicable,0,,0,Measure Not Applicable,,0,,0,Measure Not Applicable,5 - Highly Reliable
ACC-00001161,Western Bay of Plenty District Council,WWN-00402,Te Puke,78,,4 - Reliable,Tertiary,Wetland,635253,,23,,39,,Significant Weather Events,7154,,0,Measure Not Applicable,0,Measure Not Applicable,5 - Highly Reliable,2731,,Number of connections known,211,,Other (Please identify in the comments section),9326,,4 - Reliable,1,,Measure Not Applicable,Not permitted,5 - Highly Reliable,1.7,,Internal code of practice,WBOPDC Development Code,0,Not applicable - No specific design storm requirement,5 - Highly Reliable,3,,0,,108,,13,,4 - Reliable,4185,,12,,0,Measure Not Applicable,0,,1478,,Ecocast Kawerau Vermicomposting plant,0,,0,Measure Not Applicable,5 - Highly Reliable
ACC-00001161,Western Bay of Plenty District Council,WWN-00403,Waihi Beach,85,,4 - Reliable,Tertiary,River,134970,,4,,9,,Population Variance,0,Measure Not Applicable,0,Measure Not Applicable,0,Measure Not Applicable,5 - Highly Reliable,2840,,Number of connections known,74,,Other (Please identify in the comments section),4371,,4 - Reliable,2,,Measure Not Applicable,Not permitted,5 - Highly Reliable,2.25,,Internal code of practice,WBOPDC Development Code,0,Not applicable - No specific design storm requirement,5 - Highly Reliable,9,,9,,1,,3,,4 - Reliable,3870,,2.1,,0,Data Not Available,0,,3870,,Biosolids application to land for horticulture purposes,0,,2024,,5 - Highly Reliable
ACC-00008497,Westland District Council,WWN-00404,Fox,5,,4 - Reliable,Secondary,River,,Data Not Available,,Data Not Available,,Data Not Available,,,Data Not Available,,Data Not Available,,Measure Not Applicable,,57,,Other (Please identify in the comments section),35,,Other (Please identify in the comments section),252,,3 - Less Reliable,1,,Measure Not Applicable,,,,Data Not Available,Data Not Available,,,Not measured,,,Measure Not Applicable,,Measure Not Applicable,,Measure Not Applicable,,Measure Not Applicable,,,Measure Not Applicable,,Measure Not Applicable,,Measure Not Applicable,,Measure Not Applicable,,Measure Not Applicable,,Measure Not Applicable,,,Measure Not Applicable,
ACC-00008497,Westland District Council,WWN-00405,Franz,8,,4 - Reliable,Secondary,Land,,Data Not Available,,Data Not Available,,Data Not Available,,,Data Not Available,,Data Not Available,,Measure Not Applicable,,63,,Other (Please identify in the comments section),49,,Other (Please identify in the comments section),2611,,3 - Less Reliable,1,,Measure Not Applicable,,,,Data Not Available,Data Not Available,,,Not measured,,,Measure Not Applicable,,Measure Not Applicable,,Measure Not Applicable,,Measure Not Applicable,,,Measure Not Applicable,,Measure Not Applicable,,Measure Not Applicable,,Measure Not Applicable,,Measure Not Applicable,,Measure Not Applicable,,2016,,5 - Highly Reliable
ACC-00008497,Westland District Council,WWN-00406,Haast,3,,4 - Reliable,Secondary,Land,,Data Not Available,,Data Not Available,,Data Not Available,,,Data Not Available,,Data Not Available,,Measure Not Applicable,,67,,Other (Please identify in the comments section),13,,Other (Please identify in the comments section),110,,3 - Less Reliable,2,,Measure Not Applicable,,,,Data Not Available,Data Not Available,,,Not measured,,,Measure Not Applicable,,Measure Not Applicable,,Measure Not Applicable,,Measure Not Applicable,,,Measure Not Applicable,,Measure Not Applicable,,Measure Not Applicable,,Measure Not Applicable,,Measure Not Applicable,,Measure Not Applicable,,,Measure Not Applicable,
ACC-00008497,Westland District Council,WWN-00407,Hokitika,59,,4 - Reliable,Secondary,Marine,,Data Not Available,,Data Not Available,,Data Not Available,,,Data Not Available,,Data Not Available,,Measure Not Applicable,,1659,,Other (Please identify in the comments section),186,,Other (Please identify in the comments section),3447,,3 - Less Reliable,1,,Measure Not Applicable,,,,Data Not Available,Data Not Available,,,Not measured,,,Measure Not Applicable,,Measure Not Applicable,,Measure Not Applicable,,Measure Not Applicable,,,Measure Not Applicable,,Measure Not Applicable,,Measure Not Applicable,,Measure Not Applicable,,Measure Not Applicable,,Measure Not Applicable,,2011,,5 - Highly Reliable
ACC-00008495,Whakatane District Council,WWN-00408,Edgecumbe,20.89,,4 - Reliable,Secondary,River,225956,,7.25,,88.9,,Significant Weather Events,17405.9,,0,,0,Measure Not Applicable,3 - Less Reliable,632,,Number of connections known,,Data Not Available,,1635,,3 - Less Reliable,0,,Data Not Available,,1 - Very Uncertain,,Measure Not Applicable,NZS4404,"Use NZS4404 plus internal Engineering Code of Practice, moving towards NEDS when released",0,,3 - Less Reliable,0,Measure Not Applicable,156,,0,Measure Not Applicable,0,Measure Not Applicable,3 - Less Reliable,0,Measure Not Applicable,0,Measure Not Applicable,0,Measure Not Applicable,0,Measure Not Applicable,0,Measure Not Applicable,,0,Measure Not Applicable,,Measure Not Applicable,4 - Reliable
ACC-00008495,Whakatane District Council,WWN-00409,Murupara,13.38,,4 - Reliable,Secondary,River,,Data Not Available,,Data Not Available,,Data Not Available,,2830,,0,,0,Measure Not Applicable,4 - Reliable,641,,Number of connections known,,Data Not Available,,1956,,3 - Less Reliable,0,,Data Not Available,,1 - Very Uncertain,,Measure Not Applicable,NZS4404,"Use NZS4404 plus internal Engineering Code of Practice, moving towards NEDS when released",0,,3 - Less Reliable,0,Measure Not Applicable,173,,0,Measure Not Applicable,0,Measure Not Applicable,3 - Less Reliable,0,Measure Not Applicable,0,Measure Not Applicable,0,Measure Not Applicable,0,Measure Not Applicable,0,Measure Not Applicable,,0,Measure Not Applicable,,Measure Not Applicable,4 - Reliable
ACC-00008495,Whakatane District Council,WWN-00410,Ohope,47.56,,4 - Reliable,Tertiary,Marine,265001,,8.18,,11.78,,,19309,,0,,0,Measure Not Applicable,3 - Less Reliable,1726,,Number of connections known,,Data Not Available,,3519,,3 - Less Reliable,0,,Data Not Available,,1 - Very Uncertain,,Measure Not Applicable,NZS4404,"Use NZS4404 plus internal Engineering Code of Practice, moving towards NEDS when released",0,,3 - Less Reliable,0,Measure Not Applicable,314,,0,Measure Not Applicable,0,Measure Not Applicable,3 - Less Reliable,0,Measure Not Applicable,0,Measure Not Applicable,0,Measure Not Applicable,0,Measure Not Applicable,0,Measure Not Applicable,,0,Measure Not Applicable,2024,,4 - Reliable
ACC-00008495,Whakatane District Council,WWN-00411,Taneatua,8.04,,4 - Reliable,Secondary,River,65498,,1.26,,3.6,,Significant Weather Events,396.2,,0,,0,Measure Not Applicable,4 - Reliable,253,,Number of connections known,,Data Not Available,,1008,,3 - Less Reliable,0,,Data Not Available,,1 - Very Uncertain,,Measure Not Applicable,NZS4404,"Use NZS4404 plus internal Engineering Code of Practice, moving towards NEDS when released",0,,3 - Less Reliable,0,Measure Not Applicable,87,,0,Measure Not Applicable,0,Measure Not Applicable,3 - Less Reliable,0,Measure Not Applicable,0,Measure Not Applicable,0,Measure Not Applicable,0,Measure Not Applicable,0,Measure Not Applicable,,0,Measure Not Applicable,,Data Not Available,4 - Reliable
ACC-00008495,Whakatane District Council,WWN-00412,Te Mahoe,1.41,,4 - Reliable,Secondary,Land,,Data Not Available,,Data Not Available,,Data Not Available,,,Measure Not Applicable,0,,3801.129033,,4 - Reliable,27,,Number of connections known,,Data Not Available,,72,,3 - Less Reliable,0,,Data Not Available,,1 - Very Uncertain,,Measure Not Applicable,NZS4404,"Use NZS4404 plus internal Engineering Code of Practice, moving towards NEDS when released",0,,3 - Less Reliable,0,Measure Not Applicable,6,,0,Measure Not Applicable,0,Measure Not Applicable,3 - Less Reliable,0,Measure Not Applicable,0,Measure Not Applicable,0,Measure Not Applicable,0,Measure Not Applicable,0,Measure Not Applicable,,0,Measure Not Applicable,,Measure Not Applicable,5 - Highly Reliable
ACC-00008495,Whakatane District Council,WWN-00413,Whakatane,149.76,,4 - Reliable,Secondary,Marine,1304043,,48.8,,157.2,,Significant Weather Events,163582,,0,,0,Measure Not Applicable,4 - Reliable,6048,,Number of connections known,,Data Not Available,,16467,,3 - Less Reliable,0,,Data Not Available,,1 - Very Uncertain,,Measure Not Applicable,NZS4404,"Use NZS4404 plus internal Engineering Code of Practice, moving towards NEDS when released",0,,3 - Less Reliable,0,Measure Not Applicable,1449,,0,Measure Not Applicable,0,Measure Not Applicable,3 - Less Reliable,0,Measure Not Applicable,0,Measure Not Applicable,0,Measure Not Applicable,0,Measure Not Applicable,0,Measure Not Applicable,,0,Measure Not Applicable,,Measure Not Applicable,4 - Reliable
ACC-00001151,Whanganui District Council,WWN-00414,Mowhanau,3,,4 - Reliable,Secondary,Land,13372,,1,,1,,Significant Weather Events,0,Measure Not Applicable,0,Measure Not Applicable,13372,,3 - Less Reliable,70,,Other (Please identify in the comments section),3,,Estimation by non-residential buildings,250,,3 - Less Reliable,1,,Prohibited activity under regional plan,,5 - Highly Reliable,1,,NZS4404,,,Mowhanau is a very small scheme.  No specific level of service,3 - Less Reliable,0,Measure Not Applicable,,Data Not Available,0,Measure Not Applicable,,Data Not Available,2 - Uncertain,0,Data Not Available,0,Measure Not Applicable,0,Measure Not Applicable,0,Measure Not Applicable,0,Measure Not Applicable,,0,Measure Not Applicable,0,Measure Not Applicable,5 - Highly Reliable
ACC-00001151,Whanganui District Council,WWN-00416,Whanganui Urban,286,,4 - Reliable,Tertiary,Marine,8017595,,253,,644,,Significant Weather Events,1481108,,10387580,,0,Measure Not Applicable,4 - Reliable,16500,,Other (Please identify in the comments section),900,,Other (Please identify in the comments section),45000,,3 - Less Reliable,3,,Prohibited activity under regional plan,,5 - Highly Reliable,2.5,--,NZS4404,,,Targeting upgrades to meet a desired 1 in 1 year flow event for level of service based on observed flows (modelled).  Not based on rainfall.,4 - Reliable,0,Measure Not Applicable,505,,0,Measure Not Applicable,1289,,3 - Less Reliable,972,,95,,100,,0,Measure Not Applicable,0,Measure Not Applicable,,0,Measure Not Applicable,0,Measure Not Applicable,4 - Reliable
ACC-00001181,Whangarei District Council,WWN-00417,Hikurangi,20,,5 - Highly Reliable,Tertiary,Wetland,256856,,7.025462963,,55.29,,Significant Weather Events,0,Data Not Available,0,Measure Not Applicable,0,Measure Not Applicable,4 - Reliable,522,,Estimation by residential buildings,0,Data Not Available,Data Not Available,1566,,4 - Reliable,1,,,,3 - Less Reliable,7.869943987,,Internal code of practice,,,WDC tried out best but can't guarantee level of service,3 - Less Reliable,,Data Not Available,,Data Not Available,0,Measure Not Applicable,0,Measure Not Applicable,4 - Reliable,0,Measure Not Applicable,0,,100,,0,,0,Measure Not Applicable,,0,,2025,,5 - Highly Reliable
ACC-00001181,Whangarei District Council,WWN-00418,Ngunguru,12,,5 - Highly Reliable,Tertiary,Wetland,0,Data Not Available,2.291666667,,0,Data Not Available,Data Not Available,0,Data Not Available,0,Measure Not Applicable,0,Measure Not Applicable,5 - Highly Reliable,62,,Estimation by residential buildings,0,Data Not Available,Data Not Available,186,,3 - Less Reliable,1,,,,3 - Less Reliable,0,Data Not Available,Internal code of practice,,,WDC tried out best but can't guarantee level of service,3 - Less Reliable,,Data Not Available,,Data Not Available,0,Measure Not Applicable,0,Measure Not Applicable,4 - Reliable,0,Measure Not Applicable,0,,0,,0,,0,Measure Not Applicable,,0,,,Data Not Available,5 - Highly Reliable
ACC-00001181,Whangarei District Council,WWN-00419,Oakura,9,,5 - Highly Reliable,Tertiary,Land,17602,,0.56712963,,5.66,,Significant Weather Events,0,Data Not Available,0,Measure Not Applicable,17602,,5 - Highly Reliable,235,,Estimation by residential buildings,0,Data Not Available,Data Not Available,705,,3 - Less Reliable,1,,,,3 - Less Reliable,9.980081633,,Internal code of practice,,,WDC tried out best but can't guarantee level of service,3 - Less Reliable,,Data Not Available,,Data Not Available,0,Measure Not Applicable,0,Measure Not Applicable,4 - Reliable,0,Data Not Available,0,,0,,0,,0,Measure Not Applicable,,0,,,Measure Not Applicable,5 - Highly Reliable
ACC-00001181,Whangarei District Council,WWN-00420,Portland,4,,5 - Highly Reliable,Secondary,Wetland,0,Data Not Available,1.111111111,,0,Data Not Available,Data Not Available,0,Data Not Available,0,Measure Not Applicable,0,Measure Not Applicable,4 - Reliable,350,,Estimation by residential buildings,0,Data Not Available,Data Not Available,1050,,3 - Less Reliable,1,,,,3 - Less Reliable,0,Data Not Available,Internal code of practice,,,WDC tried out best but can't guarantee level of service,3 - Less Reliable,,Data Not Available,,Data Not Available,0,Measure Not Applicable,0,Measure Not Applicable,4 - Reliable,0,Measure Not Applicable,0,,100,,0,,0,Measure Not Applicable,,0,,2024,,5 - Highly Reliable
ACC-00001181,Whangarei District Council,WWN-00421,Ruakaka,99,,3 - Less Reliable,Secondary,Land,491960,,15.60185185,,34.05,,Significant Weather Events,0,Data Not Available,0,Measure Not Applicable,491960,,4 - Reliable,2454,,Estimation by residential buildings,0,Data Not Available,Data Not Available,7362,,3 - Less Reliable,1,,,,3 - Less Reliable,2.182433234,,Internal code of practice,,,WDC tried out best but can't guarantee level of service,3 - Less Reliable,,Data Not Available,,Data Not Available,0,Measure Not Applicable,0,Measure Not Applicable,4 - Reliable,0,Measure Not Applicable,0,,100,,0,,0,Measure Not Applicable,,0,,2024,,5 - Highly Reliable
ACC-00001181,Whangarei District Council,WWN-00423,Waiotira,0,Data Not Available,3 - Less Reliable,Secondary,Wetland,7,Data Not Available,0.081018519,,0,Data Not Available,Data Not Available,0,Data Not Available,0,Measure Not Applicable,0,Measure Not Applicable,3 - Less Reliable,6,,Estimation by residential buildings,0,Data Not Available,Data Not Available,18,,3 - Less Reliable,1,,,,,0,Data Not Available,Internal code of practice,,,WDC tried out best but can't guarantee level of service,3 - Less Reliable,,Data Not Available,,Data Not Available,0,Measure Not Applicable,0,Measure Not Applicable,4 - Reliable,0,Measure Not Applicable,0,,0,,0,,0,Measure Not Applicable,,0,,,Measure Not Applicable,5 - Highly Reliable
ACC-00001181,Whangarei District Council,WWN-00424,Waipu,51,,5 - Highly Reliable,Secondary,Land,217479,,7.002314815,,34.19,,Significant Weather Events,0,Data Not Available,0,Measure Not Applicable,217479,,5 - Highly Reliable,991,,Estimation by residential buildings,0,Data Not Available,Data Not Available,2973,,3 - Less Reliable,1,,,,3 - Less Reliable,4.882671074,,Internal code of practice,,,WDC tried out best but can't guarantee level of service,3 - Less Reliable,,Data Not Available,,Data Not Available,0,Measure Not Applicable,0,Measure Not Applicable,4 - Reliable,0,Measure Not Applicable,0,,0,,0,,0,Measure Not Applicable,,0,,,Data Not Available,5 - Highly Reliable
ACC-00001181,Whangarei District Council,WWN-00425,Whangarei,725,,5 - Highly Reliable,Tertiary,Wetland,6110884,,265.4451104,,819.72,,Significant Weather Events,32485,,0,Data Not Available,0,Measure Not Applicable,5 - Highly Reliable,19833,,Estimation by residential buildings,0,Data Not Available,Data Not Available,59499,,3 - Less Reliable,1,,Data Not Available,wokring toward network discharge consent for Whangarei City and Whangarei Heads,3 - Less Reliable,3.088096062,,Internal code of practice,1 year ARI containment standard,,WDC tried out best but can't guarantee level of service,3 - Less Reliable,,Data Not Available,,Data Not Available,,Data Not Available,,Data Not Available,4 - Reliable,9080,,20,,0,,4994,,0,Measure Not Applicable,all bio solid to be sent to landfill,0,,,Measure Not Applicable,5 - Highly Reliable
ACC-00008575,Wairoa District Council,WWN-01002,Mahia Beach Wastewater Scheme,11,,4 - Reliable,Secondary,Land,32074,,,,,,,0,,0,,32074,,4 - Reliable,360,,Estimation by residential buildings,18,,Estimation by non-residential buildings,246,,2 - Uncertain,2,,,Discretionary.  No consents held.  No option for this in previous column,5 - Highly Reliable,4,,Other (Please identify in the comments section),Original design was 1.0 factor and max population of 3620 pe producing 534 m3/d at 150 l/pe/d.  Pump capacity for inlet pump station to WWTP is ? m3/d,,Not measured,1 - Very Uncertain,,Data Not Available,,Data Not Available,,Data Not Available,,Data Not Available,1 - Very Uncertain,,Data Not Available,,Data Not Available,0,,,,0,,,0,,,Measure Not Applicable,4 - Reliable
ACC-00008575,Wairoa District Council,WWN-01003,Opoutama Community Wastewater Scheme,5,,4 - Reliable,Tertiary,Land,4415,,,,,,,0,,0,,0,,2 - Uncertain,108,,Estimation by residential buildings,11,,Estimation by non-residential buildings,250,,2 - Uncertain,2,,,Discretionary.  No consents held.  No option for this in previous column,5 - Highly Reliable,1,,Other (Please identify in the comments section),"Original design was 1.0 factor and max population of 1,150 pe producing 265 m3/d at 230 l/pe/d.  Pump capacity for inlet pump station to WWTP is ? m3/d and pump capacity for land discharge system is ? m3/d.",,Not measured,1 - Very Uncertain,,Data Not Available,,Data Not Available,,Data Not Available,,Data Not Available,1 - Very Uncertain,,Data Not Available,,Data Not Available,0,,,,0,,,0,,,Measure Not Applicable,4 - Reliable
ACC-00001119,Southland District Council,WWN-01004,Curio Bay,1,,5 - Highly Reliable,Tertiary,Land,3195,,9,,25,,Seasonal Changes,0,Measure Not Applicable,0,Measure Not Applicable,3195,,5 - Highly Reliable,8,,Other (Please identify in the comments section),1,,Other (Please identify in the comments section),30,,5 - Highly Reliable,1,,Measure Not Applicable,All are prohibited activity under the regional plan.,5 - Highly Reliable,1,,NZS4404,,100,No overflows from the past 12 months.,3 - Less Reliable,19,,6,,33,,33,,5 - Highly Reliable,,Measure Not Applicable,,Measure Not Applicable,,Measure Not Applicable,,Measure Not Applicable,,Measure Not Applicable,Biosolids were not reused by SDC.,,Measure Not Applicable,,Measure Not Applicable,3 - Less Reliable
ACC-00001252,Chatham Islands Council,WWN-01008,Waitangi,4,,2 - Uncertain,Secondary,Land,9800,,,Measure Not Applicable,,Data Not Available,Seasonal Changes,,Data Not Available,0,,9800,,5 - Highly Reliable,90,,Other (Please identify in the comments section),40,,Other (Please identify in the comments section),150,,2 - Uncertain,1,,Data Not Available,,1 - Very Uncertain,5,,Data Not Available,,,Unknown,1 - Very Uncertain,,Data Not Available,,Data Not Available,,Data Not Available,,Data Not Available,1 - Very Uncertain,,Data Not Available,,Measure Not Applicable,,Measure Not Applicable,,Measure Not Applicable,,Measure Not Applicable,,,Data Not Available,,Data Not Available,1 - Very Uncertain
,,,,,,,,,,,,,,,,,,,,,,,,,,,,,,,,,,,,,,,,,,,,,,,,,,,,,,,,,,,,,,,,,,,,
,,,,,,,,,,,,,,,,,,,,,,,,,,,,,,,,,,,,,,,,,,,,,,,,,,,,,,,,,,,,,,,,,,,,
,,,,,,,,,,,,,,,,,,,,,,,,,,,,,,,,,,,,,,,,,,,,,,,,,,,,,,,,,,,,,,,,,,,,
,,,,,,,,,,,,,,,,,,,,,,,,,,,,,,,,,,,,,,,,,,,,,,,,,,,,,,,,,,,,,,,,,,,,
,,,,,,,,,,,,,,,,,,,,,,,,,,,,,,,,,,,,,,,,,,,,,,,,,,,,,,,,,,,,,,,,,,,,
,,,,,,,,,,,,,,,,,,,,,,,,,,,,,,,,,,,,,,,,,,,,,,,,,,,,,,,,,,,,,,,,,,,,
,,,,,,,,,,,,,,,,,,,,,,,,,,,,,,,,,,,,,,,,,,,,,,,,,,,,,,,,,,,,,,,,,,,,
,,,,,,,,,,,,,,,,,,,,,,,,,,,,,,,,,,,,,,,,,,,,,,,,,,,,,,,,,,,,,,,,,,,,
,,,,,,,,,,,,,,,,,,,,,,,,,,,,,,,,,,,,,,,,,,,,,,,,,,,,,,,,,,,,,,,,,,,,
,,,,,,,,,,,,,,,,,,,,,,,,,,,,,,,,,,,,,,,,,,,,,,,,,,,,,,,,,,,,,,,,,,,,
,,,,,,,,,,,,,,,,,,,,,,,,,,,,,,,,,,,,,,,,,,,,,,,,,,,,,,,,,,,,,,,,,,,,
,,,,,,,,,,,,,,,,,,,,,,,,,,,,,,,,,,,,,,,,,,,,,,,,,,,,,,,,,,,,,,,,,,,,
,,,,,,,,,,,,,,,,,,,,,,,,,,,,,,,,,,,,,,,,,,,,,,,,,,,,,,,,,,,,,,,,,,,,
,,,,,,,,,,,,,,,,,,,,,,,,,,,,,,,,,,,,,,,,,,,,,,,,,,,,,,,,,,,,,,,,,,,,
,,,,,,,,,,,,,,,,,,,,,,,,,,,,,,,,,,,,,,,,,,,,,,,,,,,,,,,,,,,,,,,,,,,,
,,,,,,,,,,,,,,,,,,,,,,,,,,,,,,,,,,,,,,,,,,,,,,,,,,,,,,,,,,,,,,,,,,,,
,,,,,,,,,,,,,,,,,,,,,,,,,,,,,,,,,,,,,,,,,,,,,,,,,,,,,,,,,,,,,,,,,,,,
,,,,,,,,,,,,,,,,,,,,,,,,,,,,,,,,,,,,,,,,,,,,,,,,,,,,,,,,,,,,,,,,,,,,
,,,,,,,,,,,,,,,,,,,,,,,,,,,,,,,,,,,,,,,,,,,,,,,,,,,,,,,,,,,,,,,,,,,,
,,,,,,,,,,,,,,,,,,,,,,,,,,,,,,,,,,,,,,,,,,,,,,,,,,,,,,,,,,,,,,,,,,,,
,,,,,,,,,,,,,,,,,,,,,,,,,,,,,,,,,,,,,,,,,,,,,,,,,,,,,,,,,,,,,,,,,,,,
,,,,,,,,,,,,,,,,,,,,,,,,,,,,,,,,,,,,,,,,,,,,,,,,,,,,,,,,,,,,,,,,,,,,
,,,,,,,,,,,,,,,,,,,,,,,,,,,,,,,,,,,,,,,,,,,,,,,,,,,,,,,,,,,,,,,,,,,,
,,,,,,,,,,,,,,,,,,,,,,,,,,,,,,,,,,,,,,,,,,,,,,,,,,,,,,,,,,,,,,,,,,,,
,,,,,,,,,,,,,,,,,,,,,,,,,,,,,,,,,,,,,,,,,,,,,,,,,,,,,,,,,,,,,,,,,,,,
,,,,,,,,,,,,,,,,,,,,,,,,,,,,,,,,,,,,,,,,,,,,,,,,,,,,,,,,,,,,,,,,,,,,
,,,,,,,,,,,,,,,,,,,,,,,,,,,,,,,,,,,,,,,,,,,,,,,,,,,,,,,,,,,,,,,,,,,,
,,,,,,,,,,,,,,,,,,,,,,,,,,,,,,,,,,,,,,,,,,,,,,,,,,,,,,,,,,,,,,,,,,,,
,,,,,,,,,,,,,,,,,,,,,,,,,,,,,,,,,,,,,,,,,,,,,,,,,,,,,,,,,,,,,,,,,,,,
,,,,,,,,,,,,,,,,,,,,,,,,,,,,,,,,,,,,,,,,,,,,,,,,,,,,,,,,,,,,,,,,,,,,
,,,,,,,,,,,,,,,,,,,,,,,,,,,,,,,,,,,,,,,,,,,,,,,,,,,,,,,,,,,,,,,,,,,,
,,,,,,,,,,,,,,,,,,,,,,,,,,,,,,,,,,,,,,,,,,,,,,,,,,,,,,,,,,,,,,,,,,,,
,,,,,,,,,,,,,,,,,,,,,,,,,,,,,,,,,,,,,,,,,,,,,,,,,,,,,,,,,,,,,,,,,,,,
,,,,,,,,,,,,,,,,,,,,,,,,,,,,,,,,,,,,,,,,,,,,,,,,,,,,,,,,,,,,,,,,,,,,
,,,,,,,,,,,,,,,,,,,,,,,,,,,,,,,,,,,,,,,,,,,,,,,,,,,,,,,,,,,,,,,,,,,,
,,,,,,,,,,,,,,,,,,,,,,,,,,,,,,,,,,,,,,,,,,,,,,,,,,,,,,,,,,,,,,,,,,,,
,,,,,,,,,,,,,,,,,,,,,,,,,,,,,,,,,,,,,,,,,,,,,,,,,,,,,,,,,,,,,,,,,,,,
,,,,,,,,,,,,,,,,,,,,,,,,,,,,,,,,,,,,,,,,,,,,,,,,,,,,,,,,,,,,,,,,,,,,
,,,,,,,,,,,,,,,,,,,,,,,,,,,,,,,,,,,,,,,,,,,,,,,,,,,,,,,,,,,,,,,,,,,,
,,,,,,,,,,,,,,,,,,,,,,,,,,,,,,,,,,,,,,,,,,,,,,,,,,,,,,,,,,,,,,,,,,,,
,,,,,,,,,,,,,,,,,,,,,,,,,,,,,,,,,,,,,,,,,,,,,,,,,,,,,,,,,,,,,,,,,,,,
,,,,,,,,,,,,,,,,,,,,,,,,,,,,,,,,,,,,,,,,,,,,,,,,,,,,,,,,,,,,,,,,,,,,
,,,,,,,,,,,,,,,,,,,,,,,,,,,,,,,,,,,,,,,,,,,,,,,,,,,,,,,,,,,,,,,,,,,,
,,,,,,,,,,,,,,,,,,,,,,,,,,,,,,,,,,,,,,,,,,,,,,,,,,,,,,,,,,,,,,,,,,,,
,,,,,,,,,,,,,,,,,,,,,,,,,,,,,,,,,,,,,,,,,,,,,,,,,,,,,,,,,,,,,,,,,,,,
,,,,,,,,,,,,,,,,,,,,,,,,,,,,,,,,,,,,,,,,,,,,,,,,,,,,,,,,,,,,,,,,,,,,
,,,,,,,,,,,,,,,,,,,,,,,,,,,,,,,,,,,,,,,,,,,,,,,,,,,,,,,,,,,,,,,,,,,,
,,,,,,,,,,,,,,,,,,,,,,,,,,,,,,,,,,,,,,,,,,,,,,,,,,,,,,,,,,,,,,,,,,,,
,,,,,,,,,,,,,,,,,,,,,,,,,,,,,,,,,,,,,,,,,,,,,,,,,,,,,,,,,,,,,,,,,,,,
,,,,,,,,,,,,,,,,,,,,,,,,,,,,,,,,,,,,,,,,,,,,,,,,,,,,,,,,,,,,,,,,,,,,
,,,,,,,,,,,,,,,,,,,,,,,,,,,,,,,,,,,,,,,,,,,,,,,,,,,,,,,,,,,,,,,,,,,,
,,,,,,,,,,,,,,,,,,,,,,,,,,,,,,,,,,,,,,,,,,,,,,,,,,,,,,,,,,,,,,,,,,,,
,,,,,,,,,,,,,,,,,,,,,,,,,,,,,,,,,,,,,,,,,,,,,,,,,,,,,,,,,,,,,,,,,,,,
,,,,,,,,,,,,,,,,,,,,,,,,,,,,,,,,,,,,,,,,,,,,,,,,,,,,,,,,,,,,,,,,,,,,
,,,,,,,,,,,,,,,,,,,,,,,,,,,,,,,,,,,,,,,,,,,,,,,,,,,,,,,,,,,,,,,,,,,,
,,,,,,,,,,,,,,,,,,,,,,,,,,,,,,,,,,,,,,,,,,,,,,,,,,,,,,,,,,,,,,,,,,,,
,,,,,,,,,,,,,,,,,,,,,,,,,,,,,,,,,,,,,,,,,,,,,,,,,,,,,,,,,,,,,,,,,,,,
,,,,,,,,,,,,,,,,,,,,,,,,,,,,,,,,,,,,,,,,,,,,,,,,,,,,,,,,,,,,,,,,,,,,
,,,,,,,,,,,,,,,,,,,,,,,,,,,,,,,,,,,,,,,,,,,,,,,,,,,,,,,,,,,,,,,,,,,,
,,,,,,,,,,,,,,,,,,,,,,,,,,,,,,,,,,,,,,,,,,,,,,,,,,,,,,,,,,,,,,,,,,,,
,,,,,,,,,,,,,,,,,,,,,,,,,,,,,,,,,,,,,,,,,,,,,,,,,,,,,,,,,,,,,,,,,,,,
,,,,,,,,,,,,,,,,,,,,,,,,,,,,,,,,,,,,,,,,,,,,,,,,,,,,,,,,,,,,,,,,,,,,
,,,,,,,,,,,,,,,,,,,,,,,,,,,,,,,,,,,,,,,,,,,,,,,,,,,,,,,,,,,,,,,,,,,,
,,,,,,,,,,,,,,,,,,,,,,,,,,,,,,,,,,,,,,,,,,,,,,,,,,,,,,,,,,,,,,,,,,,,
,,,,,,,,,,,,,,,,,,,,,,,,,,,,,,,,,,,,,,,,,,,,,,,,,,,,,,,,,,,,,,,,,,,,
,,,,,,,,,,,,,,,,,,,,,,,,,,,,,,,,,,,,,,,,,,,,,,,,,,,,,,,,,,,,,,,,,,,,
,,,,,,,,,,,,,,,,,,,,,,,,,,,,,,,,,,,,,,,,,,,,,,,,,,,,,,,,,,,,,,,,,,,,
,,,,,,,,,,,,,,,,,,,,,,,,,,,,,,,,,,,,,,,,,,,,,,,,,,,,,,,,,,,,,,,,,,,,
,,,,,,,,,,,,,,,,,,,,,,,,,,,,,,,,,,,,,,,,,,,,,,,,,,,,,,,,,,,,,,,,,,,,
,,,,,,,,,,,,,,,,,,,,,,,,,,,,,,,,,,,,,,,,,,,,,,,,,,,,,,,,,,,,,,,,,,,,
,,,,,,,,,,,,,,,,,,,,,,,,,,,,,,,,,,,,,,,,,,,,,,,,,,,,,,,,,,,,,,,,,,,,
,,,,,,,,,,,,,,,,,,,,,,,,,,,,,,,,,,,,,,,,,,,,,,,,,,,,,,,,,,,,,,,,,,,,
,,,,,,,,,,,,,,,,,,,,,,,,,,,,,,,,,,,,,,,,,,,,,,,,,,,,,,,,,,,,,,,,,,,,
,,,,,,,,,,,,,,,,,,,,,,,,,,,,,,,,,,,,,,,,,,,,,,,,,,,,,,,,,,,,,,,,,,,,
,,,,,,,,,,,,,,,,,,,,,,,,,,,,,,,,,,,,,,,,,,,,,,,,,,,,,,,,,,,,,,,,,,,,
,,,,,,,,,,,,,,,,,,,,,,,,,,,,,,,,,,,,,,,,,,,,,,,,,,,,,,,,,,,,,,,,,,,,
,,,,,,,,,,,,,,,,,,,,,,,,,,,,,,,,,,,,,,,,,,,,,,,,,,,,,,,,,,,,,,,,,,,,
,,,,,,,,,,,,,,,,,,,,,,,,,,,,,,,,,,,,,,,,,,,,,,,,,,,,,,,,,,,,,,,,,,,,
,,,,,,,,,,,,,,,,,,,,,,,,,,,,,,,,,,,,,,,,,,,,,,,,,,,,,,,,,,,,,,,,,,,,
,,,,,,,,,,,,,,,,,,,,,,,,,,,,,,,,,,,,,,,,,,,,,,,,,,,,,,,,,,,,,,,,,,,,
,,,,,,,,,,,,,,,,,,,,,,,,,,,,,,,,,,,,,,,,,,,,,,,,,,,,,,,,,,,,,,,,,,,,
,,,,,,,,,,,,,,,,,,,,,,,,,,,,,,,,,,,,,,,,,,,,,,,,,,,,,,,,,,,,,,,,,,,,
,,,,,,,,,,,,,,,,,,,,,,,,,,,,,,,,,,,,,,,,,,,,,,,,,,,,,,,,,,,,,,,,,,,,
,,,,,,,,,,,,,,,,,,,,,,,,,,,,,,,,,,,,,,,,,,,,,,,,,,,,,,,,,,,,,,,,,,,,
,,,,,,,,,,,,,,,,,,,,,,,,,,,,,,,,,,,,,,,,,,,,,,,,,,,,,,,,,,,,,,,,,,,,
,,,,,,,,,,,,,,,,,,,,,,,,,,,,,,,,,,,,,,,,,,,,,,,,,,,,,,,,,,,,,,,,,,,,
,,,,,,,,,,,,,,,,,,,,,,,,,,,,,,,,,,,,,,,,,,,,,,,,,,,,,,,,,,,,,,,,,,,,
,,,,,,,,,,,,,,,,,,,,,,,,,,,,,,,,,,,,,,,,,,,,,,,,,,,,,,,,,,,,,,,,,,,,
,,,,,,,,,,,,,,,,,,,,,,,,,,,,,,,,,,,,,,,,,,,,,,,,,,,,,,,,,,,,,,,,,,,,
,,,,,,,,,,,,,,,,,,,,,,,,,,,,,,,,,,,,,,,,,,,,,,,,,,,,,,,,,,,,,,,,,,,,
,,,,,,,,,,,,,,,,,,,,,,,,,,,,,,,,,,,,,,,,,,,,,,,,,,,,,,,,,,,,,,,,,,,,
,,,,,,,,,,,,,,,,,,,,,,,,,,,,,,,,,,,,,,,,,,,,,,,,,,,,,,,,,,,,,,,,,,,,
,,,,,,,,,,,,,,,,,,,,,,,,,,,,,,,,,,,,,,,,,,,,,,,,,,,,,,,,,,,,,,,,,,,,
,,,,,,,,,,,,,,,,,,,,,,,,,,,,,,,,,,,,,,,,,,,,,,,,,,,,,,,,,,,,,,,,,,,,
,,,,,,,,,,,,,,,,,,,,,,,,,,,,,,,,,,,,,,,,,,,,,,,,,,,,,,,,,,,,,,,,,,,,
,,,,,,,,,,,,,,,,,,,,,,,,,,,,,,,,,,,,,,,,,,,,,,,,,,,,,,,,,,,,,,,,,,,,
,,,,,,,,,,,,,,,,,,,,,,,,,,,,,,,,,,,,,,,,,,,,,,,,,,,,,,,,,,,,,,,,,,,,
,,,,,,,,,,,,,,,,,,,,,,,,,,,,,,,,,,,,,,,,,,,,,,,,,,,,,,,,,,,,,,,,,,,,
,,,,,,,,,,,,,,,,,,,,,,,,,,,,,,,,,,,,,,,,,,,,,,,,,,,,,,,,,,,,,,,,,,,,
,,,,,,,,,,,,,,,,,,,,,,,,,,,,,,,,,,,,,,,,,,,,,,,,,,,,,,,,,,,,,,,,,,,,
,,,,,,,,,,,,,,,,,,,,,,,,,,,,,,,,,,,,,,,,,,,,,,,,,,,,,,,,,,,,,,,,,,,,
,,,,,,,,,,,,,,,,,,,,,,,,,,,,,,,,,,,,,,,,,,,,,,,,,,,,,,,,,,,,,,,,,,,,
,,,,,,,,,,,,,,,,,,,,,,,,,,,,,,,,,,,,,,,,,,,,,,,,,,,,,,,,,,,,,,,,,,,,
,,,,,,,,,,,,,,,,,,,,,,,,,,,,,,,,,,,,,,,,,,,,,,,,,,,,,,,,,,,,,,,,,,,,
,,,,,,,,,,,,,,,,,,,,,,,,,,,,,,,,,,,,,,,,,,,,,,,,,,,,,,,,,,,,,,,,,,,,
,,,,,,,,,,,,,,,,,,,,,,,,,,,,,,,,,,,,,,,,,,,,,,,,,,,,,,,,,,,,,,,,,,,,
,,,,,,,,,,,,,,,,,,,,,,,,,,,,,,,,,,,,,,,,,,,,,,,,,,,,,,,,,,,,,,,,,,,,
,,,,,,,,,,,,,,,,,,,,,,,,,,,,,,,,,,,,,,,,,,,,,,,,,,,,,,,,,,,,,,,,,,,,
,,,,,,,,,,,,,,,,,,,,,,,,,,,,,,,,,,,,,,,,,,,,,,,,,,,,,,,,,,,,,,,,,,,,
,,,,,,,,,,,,,,,,,,,,,,,,,,,,,,,,,,,,,,,,,,,,,,,,,,,,,,,,,,,,,,,,,,,,
,,,,,,,,,,,,,,,,,,,,,,,,,,,,,,,,,,,,,,,,,,,,,,,,,,,,,,,,,,,,,,,,,,,,
,,,,,,,,,,,,,,,,,,,,,,,,,,,,,,,,,,,,,,,,,,,,,,,,,,,,,,,,,,,,,,,,,,,,
,,,,,,,,,,,,,,,,,,,,,,,,,,,,,,,,,,,,,,,,,,,,,,,,,,,,,,,,,,,,,,,,,,,,
,,,,,,,,,,,,,,,,,,,,,,,,,,,,,,,,,,,,,,,,,,,,,,,,,,,,,,,,,,,,,,,,,,,,
,,,,,,,,,,,,,,,,,,,,,,,,,,,,,,,,,,,,,,,,,,,,,,,,,,,,,,,,,,,,,,,,,,,,
,,,,,,,,,,,,,,,,,,,,,,,,,,,,,,,,,,,,,,,,,,,,,,,,,,,,,,,,,,,,,,,,,,,,
,,,,,,,,,,,,,,,,,,,,,,,,,,,,,,,,,,,,,,,,,,,,,,,,,,,,,,,,,,,,,,,,,,,,
,,,,,,,,,,,,,,,,,,,,,,,,,,,,,,,,,,,,,,,,,,,,,,,,,,,,,,,,,,,,,,,,,,,,
,,,,,,,,,,,,,,,,,,,,,,,,,,,,,,,,,,,,,,,,,,,,,,,,,,,,,,,,,,,,,,,,,,,,
,,,,,,,,,,,,,,,,,,,,,,,,,,,,,,,,,,,,,,,,,,,,,,,,,,,,,,,,,,,,,,,,,,,,
,,,,,,,,,,,,,,,,,,,,,,,,,,,,,,,,,,,,,,,,,,,,,,,,,,,,,,,,,,,,,,,,,,,,
,,,,,,,,,,,,,,,,,,,,,,,,,,,,,,,,,,,,,,,,,,,,,,,,,,,,,,,,,,,,,,,,,,,,
,,,,,,,,,,,,,,,,,,,,,,,,,,,,,,,,,,,,,,,,,,,,,,,,,,,,,,,,,,,,,,,,,,,,
,,,,,,,,,,,,,,,,,,,,,,,,,,,,,,,,,,,,,,,,,,,,,,,,,,,,,,,,,,,,,,,,,,,,
,,,,,,,,,,,,,,,,,,,,,,,,,,,,,,,,,,,,,,,,,,,,,,,,,,,,,,,,,,,,,,,,,,,,
,,,,,,,,,,,,,,,,,,,,,,,,,,,,,,,,,,,,,,,,,,,,,,,,,,,,,,,,,,,,,,,,,,,,
,,,,,,,,,,,,,,,,,,,,,,,,,,,,,,,,,,,,,,,,,,,,,,,,,,,,,,,,,,,,,,,,,,,,
,,,,,,,,,,,,,,,,,,,,,,,,,,,,,,,,,,,,,,,,,,,,,,,,,,,,,,,,,,,,,,,,,,,,
,,,,,,,,,,,,,,,,,,,,,,,,,,,,,,,,,,,,,,,,,,,,,,,,,,,,,,,,,,,,,,,,,,,,
,,,,,,,,,,,,,,,,,,,,,,,,,,,,,,,,,,,,,,,,,,,,,,,,,,,,,,,,,,,,,,,,,,,,
,,,,,,,,,,,,,,,,,,,,,,,,,,,,,,,,,,,,,,,,,,,,,,,,,,,,,,,,,,,,,,,,,,,,
,,,,,,,,,,,,,,,,,,,,,,,,,,,,,,,,,,,,,,,,,,,,,,,,,,,,,,,,,,,,,,,,,,,,
,,,,,,,,,,,,,,,,,,,,,,,,,,,,,,,,,,,,,,,,,,,,,,,,,,,,,,,,,,,,,,,,,,,,
,,,,,,,,,,,,,,,,,,,,,,,,,,,,,,,,,,,,,,,,,,,,,,,,,,,,,,,,,,,,,,,,,,,,
,,,,,,,,,,,,,,,,,,,,,,,,,,,,,,,,,,,,,,,,,,,,,,,,,,,,,,,,,,,,,,,,,,,,
,,,,,,,,,,,,,,,,,,,,,,,,,,,,,,,,,,,,,,,,,,,,,,,,,,,,,,,,,,,,,,,,,,,,
,,,,,,,,,,,,,,,,,,,,,,,,,,,,,,,,,,,,,,,,,,,,,,,,,,,,,,,,,,,,,,,,,,,,
,,,,,,,,,,,,,,,,,,,,,,,,,,,,,,,,,,,,,,,,,,,,,,,,,,,,,,,,,,,,,,,,,,,,
,,,,,,,,,,,,,,,,,,,,,,,,,,,,,,,,,,,,,,,,,,,,,,,,,,,,,,,,,,,,,,,,,,,,
,,,,,,,,,,,,,,,,,,,,,,,,,,,,,,,,,,,,,,,,,,,,,,,,,,,,,,,,,,,,,,,,,,,,
,,,,,,,,,,,,,,,,,,,,,,,,,,,,,,,,,,,,,,,,,,,,,,,,,,,,,,,,,,,,,,,,,,,,
,,,,,,,,,,,,,,,,,,,,,,,,,,,,,,,,,,,,,,,,,,,,,,,,,,,,,,,,,,,,,,,,,,,,
,,,,,,,,,,,,,,,,,,,,,,,,,,,,,,,,,,,,,,,,,,,,,,,,,,,,,,,,,,,,,,,,,,,,
,,,,,,,,,,,,,,,,,,,,,,,,,,,,,,,,,,,,,,,,,,,,,,,,,,,,,,,,,,,,,,,,,,,,
,,,,,,,,,,,,,,,,,,,,,,,,,,,,,,,,,,,,,,,,,,,,,,,,,,,,,,,,,,,,,,,,,,,,
,,,,,,,,,,,,,,,,,,,,,,,,,,,,,,,,,,,,,,,,,,,,,,,,,,,,,,,,,,,,,,,,,,,,
,,,,,,,,,,,,,,,,,,,,,,,,,,,,,,,,,,,,,,,,,,,,,,,,,,,,,,,,,,,,,,,,,,,,
,,,,,,,,,,,,,,,,,,,,,,,,,,,,,,,,,,,,,,,,,,,,,,,,,,,,,,,,,,,,,,,,,,,,
,,,,,,,,,,,,,,,,,,,,,,,,,,,,,,,,,,,,,,,,,,,,,,,,,,,,,,,,,,,,,,,,,,,,
,,,,,,,,,,,,,,,,,,,,,,,,,,,,,,,,,,,,,,,,,,,,,,,,,,,,,,,,,,,,,,,,,,,,
,,,,,,,,,,,,,,,,,,,,,,,,,,,,,,,,,,,,,,,,,,,,,,,,,,,,,,,,,,,,,,,,,,,,
,,,,,,,,,,,,,,,,,,,,,,,,,,,,,,,,,,,,,,,,,,,,,,,,,,,,,,,,,,,,,,,,,,,,
,,,,,,,,,,,,,,,,,,,,,,,,,,,,,,,,,,,,,,,,,,,,,,,,,,,,,,,,,,,,,,,,,,,,
,,,,,,,,,,,,,,,,,,,,,,,,,,,,,,,,,,,,,,,,,,,,,,,,,,,,,,,,,,,,,,,,,,,,
,,,,,,,,,,,,,,,,,,,,,,,,,,,,,,,,,,,,,,,,,,,,,,,,,,,,,,,,,,,,,,,,,,,,
,,,,,,,,,,,,,,,,,,,,,,,,,,,,,,,,,,,,,,,,,,,,,,,,,,,,,,,,,,,,,,,,,,,,
,,,,,,,,,,,,,,,,,,,,,,,,,,,,,,,,,,,,,,,,,,,,,,,,,,,,,,,,,,,,,,,,,,,,
,,,,,,,,,,,,,,,,,,,,,,,,,,,,,,,,,,,,,,,,,,,,,,,,,,,,,,,,,,,,,,,,,,,,
,,,,,,,,,,,,,,,,,,,,,,,,,,,,,,,,,,,,,,,,,,,,,,,,,,,,,,,,,,,,,,,,,,,,
,,,,,,,,,,,,,,,,,,,,,,,,,,,,,,,,,,,,,,,,,,,,,,,,,,,,,,,,,,,,,,,,,,,,
,,,,,,,,,,,,,,,,,,,,,,,,,,,,,,,,,,,,,,,,,,,,,,,,,,,,,,,,,,,,,,,,,,,,
,,,,,,,,,,,,,,,,,,,,,,,,,,,,,,,,,,,,,,,,,,,,,,,,,,,,,,,,,,,,,,,,,,,,
,,,,,,,,,,,,,,,,,,,,,,,,,,,,,,,,,,,,,,,,,,,,,,,,,,,,,,,,,,,,,,,,,,,,
,,,,,,,,,,,,,,,,,,,,,,,,,,,,,,,,,,,,,,,,,,,,,,,,,,,,,,,,,,,,,,,,,,,,
,,,,,,,,,,,,,,,,,,,,,,,,,,,,,,,,,,,,,,,,,,,,,,,,,,,,,,,,,,,,,,,,,,,,
,,,,,,,,,,,,,,,,,,,,,,,,,,,,,,,,,,,,,,,,,,,,,,,,,,,,,,,,,,,,,,,,,,,,
,,,,,,,,,,,,,,,,,,,,,,,,,,,,,,,,,,,,,,,,,,,,,,,,,,,,,,,,,,,,,,,,,,,,
,,,,,,,,,,,,,,,,,,,,,,,,,,,,,,,,,,,,,,,,,,,,,,,,,,,,,,,,,,,,,,,,,,,,
,,,,,,,,,,,,,,,,,,,,,,,,,,,,,,,,,,,,,,,,,,,,,,,,,,,,,,,,,,,,,,,,,,,,
,,,,,,,,,,,,,,,,,,,,,,,,,,,,,,,,,,,,,,,,,,,,,,,,,,,,,,,,,,,,,,,,,,,,
,,,,,,,,,,,,,,,,,,,,,,,,,,,,,,,,,,,,,,,,,,,,,,,,,,,,,,,,,,,,,,,,,,,,
,,,,,,,,,,,,,,,,,,,,,,,,,,,,,,,,,,,,,,,,,,,,,,,,,,,,,,,,,,,,,,,,,,,,
,,,,,,,,,,,,,,,,,,,,,,,,,,,,,,,,,,,,,,,,,,,,,,,,,,,,,,,,,,,,,,,,,,,,
,,,,,,,,,,,,,,,,,,,,,,,,,,,,,,,,,,,,,,,,,,,,,,,,,,,,,,,,,,,,,,,,,,,,
,,,,,,,,,,,,,,,,,,,,,,,,,,,,,,,,,,,,,,,,,,,,,,,,,,,,,,,,,,,,,,,,,,,,
,,,,,,,,,,,,,,,,,,,,,,,,,,,,,,,,,,,,,,,,,,,,,,,,,,,,,,,,,,,,,,,,,,,,
,,,,,,,,,,,,,,,,,,,,,,,,,,,,,,,,,,,,,,,,,,,,,,,,,,,,,,,,,,,,,,,,,,,,
,,,,,,,,,,,,,,,,,,,,,,,,,,,,,,,,,,,,,,,,,,,,,,,,,,,,,,,,,,,,,,,,,,,,
,,,,,,,,,,,,,,,,,,,,,,,,,,,,,,,,,,,,,,,,,,,,,,,,,,,,,,,,,,,,,,,,,,,,
,,,,,,,,,,,,,,,,,,,,,,,,,,,,,,,,,,,,,,,,,,,,,,,,,,,,,,,,,,,,,,,,,,,,
,,,,,,,,,,,,,,,,,,,,,,,,,,,,,,,,,,,,,,,,,,,,,,,,,,,,,,,,,,,,,,,,,,,,
,,,,,,,,,,,,,,,,,,,,,,,,,,,,,,,,,,,,,,,,,,,,,,,,,,,,,,,,,,,,,,,,,,,,
,,,,,,,,,,,,,,,,,,,,,,,,,,,,,,,,,,,,,,,,,,,,,,,,,,,,,,,,,,,,,,,,,,,,
,,,,,,,,,,,,,,,,,,,,,,,,,,,,,,,,,,,,,,,,,,,,,,,,,,,,,,,,,,,,,,,,,,,,
,,,,,,,,,,,,,,,,,,,,,,,,,,,,,,,,,,,,,,,,,,,,,,,,,,,,,,,,,,,,,,,,,,,,
,,,,,,,,,,,,,,,,,,,,,,,,,,,,,,,,,,,,,,,,,,,,,,,,,,,,,,,,,,,,,,,,,,,,
,,,,,,,,,,,,,,,,,,,,,,,,,,,,,,,,,,,,,,,,,,,,,,,,,,,,,,,,,,,,,,,,,,,,
,,,,,,,,,,,,,,,,,,,,,,,,,,,,,,,,,,,,,,,,,,,,,,,,,,,,,,,,,,,,,,,,,,,,
,,,,,,,,,,,,,,,,,,,,,,,,,,,,,,,,,,,,,,,,,,,,,,,,,,,,,,,,,,,,,,,,,,,,
,,,,,,,,,,,,,,,,,,,,,,,,,,,,,,,,,,,,,,,,,,,,,,,,,,,,,,,,,,,,,,,,,,,,
,,,,,,,,,,,,,,,,,,,,,,,,,,,,,,,,,,,,,,,,,,,,,,,,,,,,,,,,,,,,,,,,,,,,
,,,,,,,,,,,,,,,,,,,,,,,,,,,,,,,,,,,,,,,,,,,,,,,,,,,,,,,,,,,,,,,,,,,,
,,,,,,,,,,,,,,,,,,,,,,,,,,,,,,,,,,,,,,,,,,,,,,,,,,,,,,,,,,,,,,,,,,,,
,,,,,,,,,,,,,,,,,,,,,,,,,,,,,,,,,,,,,,,,,,,,,,,,,,,,,,,,,,,,,,,,,,,,
,,,,,,,,,,,,,,,,,,,,,,,,,,,,,,,,,,,,,,,,,,,,,,,,,,,,,,,,,,,,,,,,,,,,
,,,,,,,,,,,,,,,,,,,,,,,,,,,,,,,,,,,,,,,,,,,,,,,,,,,,,,,,,,,,,,,,,,,,
,,,,,,,,,,,,,,,,,,,,,,,,,,,,,,,,,,,,,,,,,,,,,,,,,,,,,,,,,,,,,,,,,,,,
,,,,,,,,,,,,,,,,,,,,,,,,,,,,,,,,,,,,,,,,,,,,,,,,,,,,,,,,,,,,,,,,,,,,
,,,,,,,,,,,,,,,,,,,,,,,,,,,,,,,,,,,,,,,,,,,,,,,,,,,,,,,,,,,,,,,,,,,,
,,,,,,,,,,,,,,,,,,,,,,,,,,,,,,,,,,,,,,,,,,,,,,,,,,,,,,,,,,,,,,,,,,,,
,,,,,,,,,,,,,,,,,,,,,,,,,,,,,,,,,,,,,,,,,,,,,,,,,,,,,,,,,,,,,,,,,,,,
,,,,,,,,,,,,,,,,,,,,,,,,,,,,,,,,,,,,,,,,,,,,,,,,,,,,,,,,,,,,,,,,,,,,
,,,,,,,,,,,,,,,,,,,,,,,,,,,,,,,,,,,,,,,,,,,,,,,,,,,,,,,,,,,,,,,,,,,,
,,,,,,,,,,,,,,,,,,,,,,,,,,,,,,,,,,,,,,,,,,,,,,,,,,,,,,,,,,,,,,,,,,,,
,,,,,,,,,,,,,,,,,,,,,,,,,,,,,,,,,,,,,,,,,,,,,,,,,,,,,,,,,,,,,,,,,,,,
,,,,,,,,,,,,,,,,,,,,,,,,,,,,,,,,,,,,,,,,,,,,,,,,,,,,,,,,,,,,,,,,,,,,
,,,,,,,,,,,,,,,,,,,,,,,,,,,,,,,,,,,,,,,,,,,,,,,,,,,,,,,,,,,,,,,,,,,,
,,,,,,,,,,,,,,,,,,,,,,,,,,,,,,,,,,,,,,,,,,,,,,,,,,,,,,,,,,,,,,,,,,,,
,,,,,,,,,,,,,,,,,,,,,,,,,,,,,,,,,,,,,,,,,,,,,,,,,,,,,,,,,,,,,,,,,,,,
,,,,,,,,,,,,,,,,,,,,,,,,,,,,,,,,,,,,,,,,,,,,,,,,,,,,,,,,,,,,,,,,,,,,
,,,,,,,,,,,,,,,,,,,,,,,,,,,,,,,,,,,,,,,,,,,,,,,,,,,,,,,,,,,,,,,,,,,,
,,,,,,,,,,,,,,,,,,,,,,,,,,,,,,,,,,,,,,,,,,,,,,,,,,,,,,,,,,,,,,,,,,,,
,,,,,,,,,,,,,,,,,,,,,,,,,,,,,,,,,,,,,,,,,,,,,,,,,,,,,,,,,,,,,,,,,,,,
,,,,,,,,,,,,,,,,,,,,,,,,,,,,,,,,,,,,,,,,,,,,,,,,,,,,,,,,,,,,,,,,,,,,
,,,,,,,,,,,,,,,,,,,,,,,,,,,,,,,,,,,,,,,,,,,,,,,,,,,,,,,,,,,,,,,,,,,,
,,,,,,,,,,,,,,,,,,,,,,,,,,,,,,,,,,,,,,,,,,,,,,,,,,,,,,,,,,,,,,,,,,,,
,,,,,,,,,,,,,,,,,,,,,,,,,,,,,,,,,,,,,,,,,,,,,,,,,,,,,,,,,,,,,,,,,,,,
,,,,,,,,,,,,,,,,,,,,,,,,,,,,,,,,,,,,,,,,,,,,,,,,,,,,,,,,,,,,,,,,,,,,
,,,,,,,,,,,,,,,,,,,,,,,,,,,,,,,,,,,,,,,,,,,,,,,,,,,,,,,,,,,,,,,,,,,,
,,,,,,,,,,,,,,,,,,,,,,,,,,,,,,,,,,,,,,,,,,,,,,,,,,,,,,,,,,,,,,,,,,,,
,,,,,,,,,,,,,,,,,,,,,,,,,,,,,,,,,,,,,,,,,,,,,,,,,,,,,,,,,,,,,,,,,,,,
,,,,,,,,,,,,,,,,,,,,,,,,,,,,,,,,,,,,,,,,,,,,,,,,,,,,,,,,,,,,,,,,,,,,
,,,,,,,,,,,,,,,,,,,,,,,,,,,,,,,,,,,,,,,,,,,,,,,,,,,,,,,,,,,,,,,,,,,,
,,,,,,,,,,,,,,,,,,,,,,,,,,,,,,,,,,,,,,,,,,,,,,,,,,,,,,,,,,,,,,,,,,,,
,,,,,,,,,,,,,,,,,,,,,,,,,,,,,,,,,,,,,,,,,,,,,,,,,,,,,,,,,,,,,,,,,,,,
,,,,,,,,,,,,,,,,,,,,,,,,,,,,,,,,,,,,,,,,,,,,,,,,,,,,,,,,,,,,,,,,,,,,
,,,,,,,,,,,,,,,,,,,,,,,,,,,,,,,,,,,,,,,,,,,,,,,,,,,,,,,,,,,,,,,,,,,,
,,,,,,,,,,,,,,,,,,,,,,,,,,,,,,,,,,,,,,,,,,,,,,,,,,,,,,,,,,,,,,,,,,,,
,,,,,,,,,,,,,,,,,,,,,,,,,,,,,,,,,,,,,,,,,,,,,,,,,,,,,,,,,,,,,,,,,,,,
,,,,,,,,,,,,,,,,,,,,,,,,,,,,,,,,,,,,,,,,,,,,,,,,,,,,,,,,,,,,,,,,,,,,
,,,,,,,,,,,,,,,,,,,,,,,,,,,,,,,,,,,,,,,,,,,,,,,,,,,,,,,,,,,,,,,,,,,,
,,,,,,,,,,,,,,,,,,,,,,,,,,,,,,,,,,,,,,,,,,,,,,,,,,,,,,,,,,,,,,,,,,,,
,,,,,,,,,,,,,,,,,,,,,,,,,,,,,,,,,,,,,,,,,,,,,,,,,,,,,,,,,,,,,,,,,,,,
,,,,,,,,,,,,,,,,,,,,,,,,,,,,,,,,,,,,,,,,,,,,,,,,,,,,,,,,,,,,,,,,,,,,
,,,,,,,,,,,,,,,,,,,,,,,,,,,,,,,,,,,,,,,,,,,,,,,,,,,,,,,,,,,,,,,,,,,,
,,,,,,,,,,,,,,,,,,,,,,,,,,,,,,,,,,,,,,,,,,,,,,,,,,,,,,,,,,,,,,,,,,,,
,,,,,,,,,,,,,,,,,,,,,,,,,,,,,,,,,,,,,,,,,,,,,,,,,,,,,,,,,,,,,,,,,,,,
,,,,,,,,,,,,,,,,,,,,,,,,,,,,,,,,,,,,,,,,,,,,,,,,,,,,,,,,,,,,,,,,,,,,
,,,,,,,,,,,,,,,,,,,,,,,,,,,,,,,,,,,,,,,,,,,,,,,,,,,,,,,,,,,,,,,,,,,,
,,,,,,,,,,,,,,,,,,,,,,,,,,,,,,,,,,,,,,,,,,,,,,,,,,,,,,,,,,,,,,,,,,,,
,,,,,,,,,,,,,,,,,,,,,,,,,,,,,,,,,,,,,,,,,,,,,,,,,,,,,,,,,,,,,,,,,,,,
,,,,,,,,,,,,,,,,,,,,,,,,,,,,,,,,,,,,,,,,,,,,,,,,,,,,,,,,,,,,,,,,,,,,
,,,,,,,,,,,,,,,,,,,,,,,,,,,,,,,,,,,,,,,,,,,,,,,,,,,,,,,,,,,,,,,,,,,,
,,,,,,,,,,,,,,,,,,,,,,,,,,,,,,,,,,,,,,,,,,,,,,,,,,,,,,,,,,,,,,,,,,,,
,,,,,,,,,,,,,,,,,,,,,,,,,,,,,,,,,,,,,,,,,,,,,,,,,,,,,,,,,,,,,,,,,,,,
,,,,,,,,,,,,,,,,,,,,,,,,,,,,,,,,,,,,,,,,,,,,,,,,,,,,,,,,,,,,,,,,,,,,
,,,,,,,,,,,,,,,,,,,,,,,,,,,,,,,,,,,,,,,,,,,,,,,,,,,,,,,,,,,,,,,,,,,,
,,,,,,,,,,,,,,,,,,,,,,,,,,,,,,,,,,,,,,,,,,,,,,,,,,,,,,,,,,,,,,,,,,,,
,,,,,,,,,,,,,,,,,,,,,,,,,,,,,,,,,,,,,,,,,,,,,,,,,,,,,,,,,,,,,,,,,,,,
,,,,,,,,,,,,,,,,,,,,,,,,,,,,,,,,,,,,,,,,,,,,,,,,,,,,,,,,,,,,,,,,,,,,
,,,,,,,,,,,,,,,,,,,,,,,,,,,,,,,,,,,,,,,,,,,,,,,,,,,,,,,,,,,,,,,,,,,,
,,,,,,,,,,,,,,,,,,,,,,,,,,,,,,,,,,,,,,,,,,,,,,,,,,,,,,,,,,,,,,,,,,,,
,,,,,,,,,,,,,,,,,,,,,,,,,,,,,,,,,,,,,,,,,,,,,,,,,,,,,,,,,,,,,,,,,,,,
,,,,,,,,,,,,,,,,,,,,,,,,,,,,,,,,,,,,,,,,,,,,,,,,,,,,,,,,,,,,,,,,,,,,
,,,,,,,,,,,,,,,,,,,,,,,,,,,,,,,,,,,,,,,,,,,,,,,,,,,,,,,,,,,,,,,,,,,,
,,,,,,,,,,,,,,,,,,,,,,,,,,,,,,,,,,,,,,,,,,,,,,,,,,,,,,,,,,,,,,,,,,,,
,,,,,,,,,,,,,,,,,,,,,,,,,,,,,,,,,,,,,,,,,,,,,,,,,,,,,,,,,,,,,,,,,,,,
,,,,,,,,,,,,,,,,,,,,,,,,,,,,,,,,,,,,,,,,,,,,,,,,,,,,,,,,,,,,,,,,,,,,
,,,,,,,,,,,,,,,,,,,,,,,,,,,,,,,,,,,,,,,,,,,,,,,,,,,,,,,,,,,,,,,,,,,,
,,,,,,,,,,,,,,,,,,,,,,,,,,,,,,,,,,,,,,,,,,,,,,,,,,,,,,,,,,,,,,,,,,,,
,,,,,,,,,,,,,,,,,,,,,,,,,,,,,,,,,,,,,,,,,,,,,,,,,,,,,,,,,,,,,,,,,,,,
,,,,,,,,,,,,,,,,,,,,,,,,,,,,,,,,,,,,,,,,,,,,,,,,,,,,,,,,,,,,,,,,,,,,
,,,,,,,,,,,,,,,,,,,,,,,,,,,,,,,,,,,,,,,,,,,,,,,,,,,,,,,,,,,,,,,,,,,,
,,,,,,,,,,,,,,,,,,,,,,,,,,,,,,,,,,,,,,,,,,,,,,,,,,,,,,,,,,,,,,,,,,,,
,,,,,,,,,,,,,,,,,,,,,,,,,,,,,,,,,,,,,,,,,,,,,,,,,,,,,,,,,,,,,,,,,,,,
,,,,,,,,,,,,,,,,,,,,,,,,,,,,,,,,,,,,,,,,,,,,,,,,,,,,,,,,,,,,,,,,,,,,
,,,,,,,,,,,,,,,,,,,,,,,,,,,,,,,,,,,,,,,,,,,,,,,,,,,,,,,,,,,,,,,,,,,,
,,,,,,,,,,,,,,,,,,,,,,,,,,,,,,,,,,,,,,,,,,,,,,,,,,,,,,,,,,,,,,,,,,,,
,,,,,,,,,,,,,,,,,,,,,,,,,,,,,,,,,,,,,,,,,,,,,,,,,,,,,,,,,,,,,,,,,,,,
,,,,,,,,,,,,,,,,,,,,,,,,,,,,,,,,,,,,,,,,,,,,,,,,,,,,,,,,,,,,,,,,,,,,
,,,,,,,,,,,,,,,,,,,,,,,,,,,,,,,,,,,,,,,,,,,,,,,,,,,,,,,,,,,,,,,,,,,,
,,,,,,,,,,,,,,,,,,,,,,,,,,,,,,,,,,,,,,,,,,,,,,,,,,,,,,,,,,,,,,,,,,,,
,,,,,,,,,,,,,,,,,,,,,,,,,,,,,,,,,,,,,,,,,,,,,,,,,,,,,,,,,,,,,,,,,,,,
,,,,,,,,,,,,,,,,,,,,,,,,,,,,,,,,,,,,,,,,,,,,,,,,,,,,,,,,,,,,,,,,,,,,
,,,,,,,,,,,,,,,,,,,,,,,,,,,,,,,,,,,,,,,,,,,,,,,,,,,,,,,,,,,,,,,,,,,,
,,,,,,,,,,,,,,,,,,,,,,,,,,,,,,,,,,,,,,,,,,,,,,,,,,,,,,,,,,,,,,,,,,,,
,,,,,,,,,,,,,,,,,,,,,,,,,,,,,,,,,,,,,,,,,,,,,,,,,,,,,,,,,,,,,,,,,,,,
,,,,,,,,,,,,,,,,,,,,,,,,,,,,,,,,,,,,,,,,,,,,,,,,,,,,,,,,,,,,,,,,,,,,
,,,,,,,,,,,,,,,,,,,,,,,,,,,,,,,,,,,,,,,,,,,,,,,,,,,,,,,,,,,,,,,,,,,,
,,,,,,,,,,,,,,,,,,,,,,,,,,,,,,,,,,,,,,,,,,,,,,,,,,,,,,,,,,,,,,,,,,,,
,,,,,,,,,,,,,,,,,,,,,,,,,,,,,,,,,,,,,,,,,,,,,,,,,,,,,,,,,,,,,,,,,,,,
,,,,,,,,,,,,,,,,,,,,,,,,,,,,,,,,,,,,,,,,,,,,,,,,,,,,,,,,,,,,,,,,,,,,
,,,,,,,,,,,,,,,,,,,,,,,,,,,,,,,,,,,,,,,,,,,,,,,,,,,,,,,,,,,,,,,,,,,,
,,,,,,,,,,,,,,,,,,,,,,,,,,,,,,,,,,,,,,,,,,,,,,,,,,,,,,,,,,,,,,,,,,,,
,,,,,,,,,,,,,,,,,,,,,,,,,,,,,,,,,,,,,,,,,,,,,,,,,,,,,,,,,,,,,,,,,,,,
,,,,,,,,,,,,,,,,,,,,,,,,,,,,,,,,,,,,,,,,,,,,,,,,,,,,,,,,,,,,,,,,,,,,
,,,,,,,,,,,,,,,,,,,,,,,,,,,,,,,,,,,,,,,,,,,,,,,,,,,,,,,,,,,,,,,,,,,,
,,,,,,,,,,,,,,,,,,,,,,,,,,,,,,,,,,,,,,,,,,,,,,,,,,,,,,,,,,,,,,,,,,,,
,,,,,,,,,,,,,,,,,,,,,,,,,,,,,,,,,,,,,,,,,,,,,,,,,,,,,,,,,,,,,,,,,,,,
,,,,,,,,,,,,,,,,,,,,,,,,,,,,,,,,,,,,,,,,,,,,,,,,,,,,,,,,,,,,,,,,,,,,
,,,,,,,,,,,,,,,,,,,,,,,,,,,,,,,,,,,,,,,,,,,,,,,,,,,,,,,,,,,,,,,,,,,,
,,,,,,,,,,,,,,,,,,,,,,,,,,,,,,,,,,,,,,,,,,,,,,,,,,,,,,,,,,,,,,,,,,,,
,,,,,,,,,,,,,,,,,,,,,,,,,,,,,,,,,,,,,,,,,,,,,,,,,,,,,,,,,,,,,,,,,,,,
,,,,,,,,,,,,,,,,,,,,,,,,,,,,,,,,,,,,,,,,,,,,,,,,,,,,,,,,,,,,,,,,,,,,
,,,,,,,,,,,,,,,,,,,,,,,,,,,,,,,,,,,,,,,,,,,,,,,,,,,,,,,,,,,,,,,,,,,,
,,,,,,,,,,,,,,,,,,,,,,,,,,,,,,,,,,,,,,,,,,,,,,,,,,,,,,,,,,,,,,,,,,,,
,,,,,,,,,,,,,,,,,,,,,,,,,,,,,,,,,,,,,,,,,,,,,,,,,,,,,,,,,,,,,,,,,,,,
,,,,,,,,,,,,,,,,,,,,,,,,,,,,,,,,,,,,,,,,,,,,,,,,,,,,,,,,,,,,,,,,,,,,
,,,,,,,,,,,,,,,,,,,,,,,,,,,,,,,,,,,,,,,,,,,,,,,,,,,,,,,,,,,,,,,,,,,,
,,,,,,,,,,,,,,,,,,,,,,,,,,,,,,,,,,,,,,,,,,,,,,,,,,,,,,,,,,,,,,,,,,,,
,,,,,,,,,,,,,,,,,,,,,,,,,,,,,,,,,,,,,,,,,,,,,,,,,,,,,,,,,,,,,,,,,,,,
,,,,,,,,,,,,,,,,,,,,,,,,,,,,,,,,,,,,,,,,,,,,,,,,,,,,,,,,,,,,,,,,,,,,
,,,,,,,,,,,,,,,,,,,,,,,,,,,,,,,,,,,,,,,,,,,,,,,,,,,,,,,,,,,,,,,,,,,,
,,,,,,,,,,,,,,,,,,,,,,,,,,,,,,,,,,,,,,,,,,,,,,,,,,,,,,,,,,,,,,,,,,,,
,,,,,,,,,,,,,,,,,,,,,,,,,,,,,,,,,,,,,,,,,,,,,,,,,,,,,,,,,,,,,,,,,,,,
,,,,,,,,,,,,,,,,,,,,,,,,,,,,,,,,,,,,,,,,,,,,,,,,,,,,,,,,,,,,,,,,,,,,
,,,,,,,,,,,,,,,,,,,,,,,,,,,,,,,,,,,,,,,,,,,,,,,,,,,,,,,,,,,,,,,,,,,,
,,,,,,,,,,,,,,,,,,,,,,,,,,,,,,,,,,,,,,,,,,,,,,,,,,,,,,,,,,,,,,,,,,,,
,,,,,,,,,,,,,,,,,,,,,,,,,,,,,,,,,,,,,,,,,,,,,,,,,,,,,,,,,,,,,,,,,,,,
,,,,,,,,,,,,,,,,,,,,,,,,,,,,,,,,,,,,,,,,,,,,,,,,,,,,,,,,,,,,,,,,,,,,
,,,,,,,,,,,,,,,,,,,,,,,,,,,,,,,,,,,,,,,,,,,,,,,,,,,,,,,,,,,,,,,,,,,,
,,,,,,,,,,,,,,,,,,,,,,,,,,,,,,,,,,,,,,,,,,,,,,,,,,,,,,,,,,,,,,,,,,,,
,,,,,,,,,,,,,,,,,,,,,,,,,,,,,,,,,,,,,,,,,,,,,,,,,,,,,,,,,,,,,,,,,,,,
,,,,,,,,,,,,,,,,,,,,,,,,,,,,,,,,,,,,,,,,,,,,,,,,,,,,,,,,,,,,,,,,,,,,
,,,,,,,,,,,,,,,,,,,,,,,,,,,,,,,,,,,,,,,,,,,,,,,,,,,,,,,,,,,,,,,,,,,,
,,,,,,,,,,,,,,,,,,,,,,,,,,,,,,,,,,,,,,,,,,,,,,,,,,,,,,,,,,,,,,,,,,,,
,,,,,,,,,,,,,,,,,,,,,,,,,,,,,,,,,,,,,,,,,,,,,,,,,,,,,,,,,,,,,,,,,,,,
,,,,,,,,,,,,,,,,,,,,,,,,,,,,,,,,,,,,,,,,,,,,,,,,,,,,,,,,,,,,,,,,,,,,
,,,,,,,,,,,,,,,,,,,,,,,,,,,,,,,,,,,,,,,,,,,,,,,,,,,,,,,,,,,,,,,,,,,,
,,,,,,,,,,,,,,,,,,,,,,,,,,,,,,,,,,,,,,,,,,,,,,,,,,,,,,,,,,,,,,,,,,,,
,,,,,,,,,,,,,,,,,,,,,,,,,,,,,,,,,,,,,,,,,,,,,,,,,,,,,,,,,,,,,,,,,,,,
,,,,,,,,,,,,,,,,,,,,,,,,,,,,,,,,,,,,,,,,,,,,,,,,,,,,,,,,,,,,,,,,,,,,
,,,,,,,,,,,,,,,,,,,,,,,,,,,,,,,,,,,,,,,,,,,,,,,,,,,,,,,,,,,,,,,,,,,,
,,,,,,,,,,,,,,,,,,,,,,,,,,,,,,,,,,,,,,,,,,,,,,,,,,,,,,,,,,,,,,,,,,,,
,,,,,,,,,,,,,,,,,,,,,,,,,,,,,,,,,,,,,,,,,,,,,,,,,,,,,,,,,,,,,,,,,,,,
,,,,,,,,,,,,,,,,,,,,,,,,,,,,,,,,,,,,,,,,,,,,,,,,,,,,,,,,,,,,,,,,,,,,
,,,,,,,,,,,,,,,,,,,,,,,,,,,,,,,,,,,,,,,,,,,,,,,,,,,,,,,,,,,,,,,,,,,,
,,,,,,,,,,,,,,,,,,,,,,,,,,,,,,,,,,,,,,,,,,,,,,,,,,,,,,,,,,,,,,,,,,,,
,,,,,,,,,,,,,,,,,,,,,,,,,,,,,,,,,,,,,,,,,,,,,,,,,,,,,,,,,,,,,,,,,,,,
,,,,,,,,,,,,,,,,,,,,,,,,,,,,,,,,,,,,,,,,,,,,,,,,,,,,,,,,,,,,,,,,,,,,
,,,,,,,,,,,,,,,,,,,,,,,,,,,,,,,,,,,,,,,,,,,,,,,,,,,,,,,,,,,,,,,,,,,,
,,,,,,,,,,,,,,,,,,,,,,,,,,,,,,,,,,,,,,,,,,,,,,,,,,,,,,,,,,,,,,,,,,,,
,,,,,,,,,,,,,,,,,,,,,,,,,,,,,,,,,,,,,,,,,,,,,,,,,,,,,,,,,,,,,,,,,,,,
,,,,,,,,,,,,,,,,,,,,,,,,,,,,,,,,,,,,,,,,,,,,,,,,,,,,,,,,,,,,,,,,,,,,
,,,,,,,,,,,,,,,,,,,,,,,,,,,,,,,,,,,,,,,,,,,,,,,,,,,,,,,,,,,,,,,,,,,,
,,,,,,,,,,,,,,,,,,,,,,,,,,,,,,,,,,,,,,,,,,,,,,,,,,,,,,,,,,,,,,,,,,,,
,,,,,,,,,,,,,,,,,,,,,,,,,,,,,,,,,,,,,,,,,,,,,,,,,,,,,,,,,,,,,,,,,,,,
,,,,,,,,,,,,,,,,,,,,,,,,,,,,,,,,,,,,,,,,,,,,,,,,,,,,,,,,,,,,,,,,,,,,
,,,,,,,,,,,,,,,,,,,,,,,,,,,,,,,,,,,,,,,,,,,,,,,,,,,,,,,,,,,,,,,,,,,,
,,,,,,,,,,,,,,,,,,,,,,,,,,,,,,,,,,,,,,,,,,,,,,,,,,,,,,,,,,,,,,,,,,,,
,,,,,,,,,,,,,,,,,,,,,,,,,,,,,,,,,,,,,,,,,,,,,,,,,,,,,,,,,,,,,,,,,,,,
,,,,,,,,,,,,,,,,,,,,,,,,,,,,,,,,,,,,,,,,,,,,,,,,,,,,,,,,,,,,,,,,,,,,
,,,,,,,,,,,,,,,,,,,,,,,,,,,,,,,,,,,,,,,,,,,,,,,,,,,,,,,,,,,,,,,,,,,,
,,,,,,,,,,,,,,,,,,,,,,,,,,,,,,,,,,,,,,,,,,,,,,,,,,,,,,,,,,,,,,,,,,,,
,,,,,,,,,,,,,,,,,,,,,,,,,,,,,,,,,,,,,,,,,,,,,,,,,,,,,,,,,,,,,,,,,,,,
,,,,,,,,,,,,,,,,,,,,,,,,,,,,,,,,,,,,,,,,,,,,,,,,,,,,,,,,,,,,,,,,,,,,
,,,,,,,,,,,,,,,,,,,,,,,,,,,,,,,,,,,,,,,,,,,,,,,,,,,,,,,,,,,,,,,,,,,,
,,,,,,,,,,,,,,,,,,,,,,,,,,,,,,,,,,,,,,,,,,,,,,,,,,,,,,,,,,,,,,,,,,,,
,,,,,,,,,,,,,,,,,,,,,,,,,,,,,,,,,,,,,,,,,,,,,,,,,,,,,,,,,,,,,,,,,,,,
,,,,,,,,,,,,,,,,,,,,,,,,,,,,,,,,,,,,,,,,,,,,,,,,,,,,,,,,,,,,,,,,,,,,
,,,,,,,,,,,,,,,,,,,,,,,,,,,,,,,,,,,,,,,,,,,,,,,,,,,,,,,,,,,,,,,,,,,,
,,,,,,,,,,,,,,,,,,,,,,,,,,,,,,,,,,,,,,,,,,,,,,,,,,,,,,,,,,,,,,,,,,,,
,,,,,,,,,,,,,,,,,,,,,,,,,,,,,,,,,,,,,,,,,,,,,,,,,,,,,,,,,,,,,,,,,,,,
,,,,,,,,,,,,,,,,,,,,,,,,,,,,,,,,,,,,,,,,,,,,,,,,,,,,,,,,,,,,,,,,,,,,
,,,,,,,,,,,,,,,,,,,,,,,,,,,,,,,,,,,,,,,,,,,,,,,,,,,,,,,,,,,,,,,,,,,,
,,,,,,,,,,,,,,,,,,,,,,,,,,,,,,,,,,,,,,,,,,,,,,,,,,,,,,,,,,,,,,,,,,,,
,,,,,,,,,,,,,,,,,,,,,,,,,,,,,,,,,,,,,,,,,,,,,,,,,,,,,,,,,,,,,,,,,,,,
,,,,,,,,,,,,,,,,,,,,,,,,,,,,,,,,,,,,,,,,,,,,,,,,,,,,,,,,,,,,,,,,,,,,
,,,,,,,,,,,,,,,,,,,,,,,,,,,,,,,,,,,,,,,,,,,,,,,,,,,,,,,,,,,,,,,,,,,,
,,,,,,,,,,,,,,,,,,,,,,,,,,,,,,,,,,,,,,,,,,,,,,,,,,,,,,,,,,,,,,,,,,,,
,,,,,,,,,,,,,,,,,,,,,,,,,,,,,,,,,,,,,,,,,,,,,,,,,,,,,,,,,,,,,,,,,,,,
,,,,,,,,,,,,,,,,,,,,,,,,,,,,,,,,,,,,,,,,,,,,,,,,,,,,,,,,,,,,,,,,,,,,
,,,,,,,,,,,,,,,,,,,,,,,,,,,,,,,,,,,,,,,,,,,,,,,,,,,,,,,,,,,,,,,,,,,,
,,,,,,,,,,,,,,,,,,,,,,,,,,,,,,,,,,,,,,,,,,,,,,,,,,,,,,,,,,,,,,,,,,,,
,,,,,,,,,,,,,,,,,,,,,,,,,,,,,,,,,,,,,,,,,,,,,,,,,,,,,,,,,,,,,,,,,,,,
,,,,,,,,,,,,,,,,,,,,,,,,,,,,,,,,,,,,,,,,,,,,,,,,,,,,,,,,,,,,,,,,,,,,
,,,,,,,,,,,,,,,,,,,,,,,,,,,,,,,,,,,,,,,,,,,,,,,,,,,,,,,,,,,,,,,,,,,,
,,,,,,,,,,,,,,,,,,,,,,,,,,,,,,,,,,,,,,,,,,,,,,,,,,,,,,,,,,,,,,,,,,,,
,,,,,,,,,,,,,,,,,,,,,,,,,,,,,,,,,,,,,,,,,,,,,,,,,,,,,,,,,,,,,,,,,,,,
,,,,,,,,,,,,,,,,,,,,,,,,,,,,,,,,,,,,,,,,,,,,,,,,,,,,,,,,,,,,,,,,,,,,
,,,,,,,,,,,,,,,,,,,,,,,,,,,,,,,,,,,,,,,,,,,,,,,,,,,,,,,,,,,,,,,,,,,,
,,,,,,,,,,,,,,,,,,,,,,,,,,,,,,,,,,,,,,,,,,,,,,,,,,,,,,,,,,,,,,,,,,,,
,,,,,,,,,,,,,,,,,,,,,,,,,,,,,,,,,,,,,,,,,,,,,,,,,,,,,,,,,,,,,,,,,,,,
,,,,,,,,,,,,,,,,,,,,,,,,,,,,,,,,,,,,,,,,,,,,,,,,,,,,,,,,,,,,,,,,,,,,
,,,,,,,,,,,,,,,,,,,,,,,,,,,,,,,,,,,,,,,,,,,,,,,,,,,,,,,,,,,,,,,,,,,,
,,,,,,,,,,,,,,,,,,,,,,,,,,,,,,,,,,,,,,,,,,,,,,,,,,,,,,,,,,,,,,,,,,,,
,,,,,,,,,,,,,,,,,,,,,,,,,,,,,,,,,,,,,,,,,,,,,,,,,,,,,,,,,,,,,,,,,,,,
,,,,,,,,,,,,,,,,,,,,,,,,,,,,,,,,,,,,,,,,,,,,,,,,,,,,,,,,,,,,,,,,,,,,
,,,,,,,,,,,,,,,,,,,,,,,,,,,,,,,,,,,,,,,,,,,,,,,,,,,,,,,,,,,,,,,,,,,,
,,,,,,,,,,,,,,,,,,,,,,,,,,,,,,,,,,,,,,,,,,,,,,,,,,,,,,,,,,,,,,,,,,,,
,,,,,,,,,,,,,,,,,,,,,,,,,,,,,,,,,,,,,,,,,,,,,,,,,,,,,,,,,,,,,,,,,,,,
,,,,,,,,,,,,,,,,,,,,,,,,,,,,,,,,,,,,,,,,,,,,,,,,,,,,,,,,,,,,,,,,,,,,
,,,,,,,,,,,,,,,,,,,,,,,,,,,,,,,,,,,,,,,,,,,,,,,,,,,,,,,,,,,,,,,,,,,,
,,,,,,,,,,,,,,,,,,,,,,,,,,,,,,,,,,,,,,,,,,,,,,,,,,,,,,,,,,,,,,,,,,,,
,,,,,,,,,,,,,,,,,,,,,,,,,,,,,,,,,,,,,,,,,,,,,,,,,,,,,,,,,,,,,,,,,,,,
,,,,,,,,,,,,,,,,,,,,,,,,,,,,,,,,,,,,,,,,,,,,,,,,,,,,,,,,,,,,,,,,,,,,
,,,,,,,,,,,,,,,,,,,,,,,,,,,,,,,,,,,,,,,,,,,,,,,,,,,,,,,,,,,,,,,,,,,,
,,,,,,,,,,,,,,,,,,,,,,,,,,,,,,,,,,,,,,,,,,,,,,,,,,,,,,,,,,,,,,,,,,,,
,,,,,,,,,,,,,,,,,,,,,,,,,,,,,,,,,,,,,,,,,,,,,,,,,,,,,,,,,,,,,,,,,,,,
,,,,,,,,,,,,,,,,,,,,,,,,,,,,,,,,,,,,,,,,,,,,,,,,,,,,,,,,,,,,,,,,,,,,
,,,,,,,,,,,,,,,,,,,,,,,,,,,,,,,,,,,,,,,,,,,,,,,,,,,,,,,,,,,,,,,,,,,,
,,,,,,,,,,,,,,,,,,,,,,,,,,,,,,,,,,,,,,,,,,,,,,,,,,,,,,,,,,,,,,,,,,,,
,,,,,,,,,,,,,,,,,,,,,,,,,,,,,,,,,,,,,,,,,,,,,,,,,,,,,,,,,,,,,,,,,,,,
,,,,,,,,,,,,,,,,,,,,,,,,,,,,,,,,,,,,,,,,,,,,,,,,,,,,,,,,,,,,,,,,,,,,
,,,,,,,,,,,,,,,,,,,,,,,,,,,,,,,,,,,,,,,,,,,,,,,,,,,,,,,,,,,,,,,,,,,,
,,,,,,,,,,,,,,,,,,,,,,,,,,,,,,,,,,,,,,,,,,,,,,,,,,,,,,,,,,,,,,,,,,,,
,,,,,,,,,,,,,,,,,,,,,,,,,,,,,,,,,,,,,,,,,,,,,,,,,,,,,,,,,,,,,,,,,,,,
,,,,,,,,,,,,,,,,,,,,,,,,,,,,,,,,,,,,,,,,,,,,,,,,,,,,,,,,,,,,,,,,,,,,
,,,,,,,,,,,,,,,,,,,,,,,,,,,,,,,,,,,,,,,,,,,,,,,,,,,,,,,,,,,,,,,,,,,,
,,,,,,,,,,,,,,,,,,,,,,,,,,,,,,,,,,,,,,,,,,,,,,,,,,,,,,,,,,,,,,,,,,,,
,,,,,,,,,,,,,,,,,,,,,,,,,,,,,,,,,,,,,,,,,,,,,,,,,,,,,,,,,,,,,,,,,,,,
,,,,,,,,,,,,,,,,,,,,,,,,,,,,,,,,,,,,,,,,,,,,,,,,,,,,,,,,,,,,,,,,,,,,
,,,,,,,,,,,,,,,,,,,,,,,,,,,,,,,,,,,,,,,,,,,,,,,,,,,,,,,,,,,,,,,,,,,,
,,,,,,,,,,,,,,,,,,,,,,,,,,,,,,,,,,,,,,,,,,,,,,,,,,,,,,,,,,,,,,,,,,,,
,,,,,,,,,,,,,,,,,,,,,,,,,,,,,,,,,,,,,,,,,,,,,,,,,,,,,,,,,,,,,,,,,,,,
,,,,,,,,,,,,,,,,,,,,,,,,,,,,,,,,,,,,,,,,,,,,,,,,,,,,,,,,,,,,,,,,,,,,
,,,,,,,,,,,,,,,,,,,,,,,,,,,,,,,,,,,,,,,,,,,,,,,,,,,,,,,,,,,,,,,,,,,,
,,,,,,,,,,,,,,,,,,,,,,,,,,,,,,,,,,,,,,,,,,,,,,,,,,,,,,,,,,,,,,,,,,,,
,,,,,,,,,,,,,,,,,,,,,,,,,,,,,,,,,,,,,,,,,,,,,,,,,,,,,,,,,,,,,,,,,,,,
,,,,,,,,,,,,,,,,,,,,,,,,,,,,,,,,,,,,,,,,,,,,,,,,,,,,,,,,,,,,,,,,,,,,
,,,,,,,,,,,,,,,,,,,,,,,,,,,,,,,,,,,,,,,,,,,,,,,,,,,,,,,,,,,,,,,,,,,,
,,,,,,,,,,,,,,,,,,,,,,,,,,,,,,,,,,,,,,,,,,,,,,,,,,,,,,,,,,,,,,,,,,,,
,,,,,,,,,,,,,,,,,,,,,,,,,,,,,,,,,,,,,,,,,,,,,,,,,,,,,,,,,,,,,,,,,,,,
,,,,,,,,,,,,,,,,,,,,,,,,,,,,,,,,,,,,,,,,,,,,,,,,,,,,,,,,,,,,,,,,,,,,
,,,,,,,,,,,,,,,,,,,,,,,,,,,,,,,,,,,,,,,,,,,,,,,,,,,,,,,,,,,,,,,,,,,,
,,,,,,,,,,,,,,,,,,,,,,,,,,,,,,,,,,,,,,,,,,,,,,,,,,,,,,,,,,,,,,,,,,,,
,,,,,,,,,,,,,,,,,,,,,,,,,,,,,,,,,,,,,,,,,,,,,,,,,,,,,,,,,,,,,,,,,,,,
,,,,,,,,,,,,,,,,,,,,,,,,,,,,,,,,,,,,,,,,,,,,,,,,,,,,,,,,,,,,,,,,,,,,
,,,,,,,,,,,,,,,,,,,,,,,,,,,,,,,,,,,,,,,,,,,,,,,,,,,,,,,,,,,,,,,,,,,,
,,,,,,,,,,,,,,,,,,,,,,,,,,,,,,,,,,,,,,,,,,,,,,,,,,,,,,,,,,,,,,,,,,,,
,,,,,,,,,,,,,,,,,,,,,,,,,,,,,,,,,,,,,,,,,,,,,,,,,,,,,,,,,,,,,,,,,,,,
,,,,,,,,,,,,,,,,,,,,,,,,,,,,,,,,,,,,,,,,,,,,,,,,,,,,,,,,,,,,,,,,,,,,
,,,,,,,,,,,,,,,,,,,,,,,,,,,,,,,,,,,,,,,,,,,,,,,,,,,,,,,,,,,,,,,,,,,,
,,,,,,,,,,,,,,,,,,,,,,,,,,,,,,,,,,,,,,,,,,,,,,,,,,,,,,,,,,,,,,,,,,,,
,,,,,,,,,,,,,,,,,,,,,,,,,,,,,,,,,,,,,,,,,,,,,,,,,,,,,,,,,,,,,,,,,,,,
,,,,,,,,,,,,,,,,,,,,,,,,,,,,,,,,,,,,,,,,,,,,,,,,,,,,,,,,,,,,,,,,,,,,
,,,,,,,,,,,,,,,,,,,,,,,,,,,,,,,,,,,,,,,,,,,,,,,,,,,,,,,,,,,,,,,,,,,,
,,,,,,,,,,,,,,,,,,,,,,,,,,,,,,,,,,,,,,,,,,,,,,,,,,,,,,,,,,,,,,,,,,,,
,,,,,,,,,,,,,,,,,,,,,,,,,,,,,,,,,,,,,,,,,,,,,,,,,,,,,,,,,,,,,,,,,,,,
,,,,,,,,,,,,,,,,,,,,,,,,,,,,,,,,,,,,,,,,,,,,,,,,,,,,,,,,,,,,,,,,,,,,
,,,,,,,,,,,,,,,,,,,,,,,,,,,,,,,,,,,,,,,,,,,,,,,,,,,,,,,,,,,,,,,,,,,,
,,,,,,,,,,,,,,,,,,,,,,,,,,,,,,,,,,,,,,,,,,,,,,,,,,,,,,,,,,,,,,,,,,,,
,,,,,,,,,,,,,,,,,,,,,,,,,,,,,,,,,,,,,,,,,,,,,,,,,,,,,,,,,,,,,,,,,,,,
,,,,,,,,,,,,,,,,,,,,,,,,,,,,,,,,,,,,,,,,,,,,,,,,,,,,,,,,,,,,,,,,,,,,
,,,,,,,,,,,,,,,,,,,,,,,,,,,,,,,,,,,,,,,,,,,,,,,,,,,,,,,,,,,,,,,,,,,,
,,,,,,,,,,,,,,,,,,,,,,,,,,,,,,,,,,,,,,,,,,,,,,,,,,,,,,,,,,,,,,,,,,,,
,,,,,,,,,,,,,,,,,,,,,,,,,,,,,,,,,,,,,,,,,,,,,,,,,,,,,,,,,,,,,,,,,,,,
,,,,,,,,,,,,,,,,,,,,,,,,,,,,,,,,,,,,,,,,,,,,,,,,,,,,,,,,,,,,,,,,,,,,
,,,,,,,,,,,,,,,,,,,,,,,,,,,,,,,,,,,,,,,,,,,,,,,,,,,,,,,,,,,,,,,,,,,,
,,,,,,,,,,,,,,,,,,,,,,,,,,,,,,,,,,,,,,,,,,,,,,,,,,,,,,,,,,,,,,,,,,,,
,,,,,,,,,,,,,,,,,,,,,,,,,,,,,,,,,,,,,,,,,,,,,,,,,,,,,,,,,,,,,,,,,,,,
,,,,,,,,,,,,,,,,,,,,,,,,,,,,,,,,,,,,,,,,,,,,,,,,,,,,,,,,,,,,,,,,,,,,
,,,,,,,,,,,,,,,,,,,,,,,,,,,,,,,,,,,,,,,,,,,,,,,,,,,,,,,,,,,,,,,,,,,,
,,,,,,,,,,,,,,,,,,,,,,,,,,,,,,,,,,,,,,,,,,,,,,,,,,,,,,,,,,,,,,,,,,,,
,,,,,,,,,,,,,,,,,,,,,,,,,,,,,,,,,,,,,,,,,,,,,,,,,,,,,,,,,,,,,,,,,,,,
,,,,,,,,,,,,,,,,,,,,,,,,,,,,,,,,,,,,,,,,,,,,,,,,,,,,,,,,,,,,,,,,,,,,
,,,,,,,,,,,,,,,,,,,,,,,,,,,,,,,,,,,,,,,,,,,,,,,,,,,,,,,,,,,,,,,,,,,,
,,,,,,,,,,,,,,,,,,,,,,,,,,,,,,,,,,,,,,,,,,,,,,,,,,,,,,,,,,,,,,,,,,,,
,,,,,,,,,,,,,,,,,,,,,,,,,,,,,,,,,,,,,,,,,,,,,,,,,,,,,,,,,,,,,,,,,,,,
,,,,,,,,,,,,,,,,,,,,,,,,,,,,,,,,,,,,,,,,,,,,,,,,,,,,,,,,,,,,,,,,,,,,
,,,,,,,,,,,,,,,,,,,,,,,,,,,,,,,,,,,,,,,,,,,,,,,,,,,,,,,,,,,,,,,,,,,,
,,,,,,,,,,,,,,,,,,,,,,,,,,,,,,,,,,,,,,,,,,,,,,,,,,,,,,,,,,,,,,,,,,,,
,,,,,,,,,,,,,,,,,,,,,,,,,,,,,,,,,,,,,,,,,,,,,,,,,,,,,,,,,,,,,,,,,,,,
,,,,,,,,,,,,,,,,,,,,,,,,,,,,,,,,,,,,,,,,,,,,,,,,,,,,,,,,,,,,,,,,,,,,
,,,,,,,,,,,,,,,,,,,,,,,,,,,,,,,,,,,,,,,,,,,,,,,,,,,,,,,,,,,,,,,,,,,,
,,,,,,,,,,,,,,,,,,,,,,,,,,,,,,,,,,,,,,,,,,,,,,,,,,,,,,,,,,,,,,,,,,,,
,,,,,,,,,,,,,,,,,,,,,,,,,,,,,,,,,,,,,,,,,,,,,,,,,,,,,,,,,,,,,,,,,,,,
,,,,,,,,,,,,,,,,,,,,,,,,,,,,,,,,,,,,,,,,,,,,,,,,,,,,,,,,,,,,,,,,,,,,
,,,,,,,,,,,,,,,,,,,,,,,,,,,,,,,,,,,,,,,,,,,,,,,,,,,,,,,,,,,,,,,,,,,,
,,,,,,,,,,,,,,,,,,,,,,,,,,,,,,,,,,,,,,,,,,,,,,,,,,,,,,,,,,,,,,,,,,,,
,,,,,,,,,,,,,,,,,,,,,,,,,,,,,,,,,,,,,,,,,,,,,,,,,,,,,,,,,,,,,,,,,,,,
,,,,,,,,,,,,,,,,,,,,,,,,,,,,,,,,,,,,,,,,,,,,,,,,,,,,,,,,,,,,,,,,,,,,
,,,,,,,,,,,,,,,,,,,,,,,,,,,,,,,,,,,,,,,,,,,,,,,,,,,,,,,,,,,,,,,,,,,,
,,,,,,,,,,,,,,,,,,,,,,,,,,,,,,,,,,,,,,,,,,,,,,,,,,,,,,,,,,,,,,,,,,,,
,,,,,,,,,,,,,,,,,,,,,,,,,,,,,,,,,,,,,,,,,,,,,,,,,,,,,,,,,,,,,,,,,,,,
,,,,,,,,,,,,,,,,,,,,,,,,,,,,,,,,,,,,,,,,,,,,,,,,,,,,,,,,,,,,,,,,,,,,
,,,,,,,,,,,,,,,,,,,,,,,,,,,,,,,,,,,,,,,,,,,,,,,,,,,,,,,,,,,,,,,,,,,,
,,,,,,,,,,,,,,,,,,,,,,,,,,,,,,,,,,,,,,,,,,,,,,,,,,,,,,,,,,,,,,,,,,,,
,,,,,,,,,,,,,,,,,,,,,,,,,,,,,,,,,,,,,,,,,,,,,,,,,,,,,,,,,,,,,,,,,,,,
,,,,,,,,,,,,,,,,,,,,,,,,,,,,,,,,,,,,,,,,,,,,,,,,,,,,,,,,,,,,,,,,,,,,
,,,,,,,,,,,,,,,,,,,,,,,,,,,,,,,,,,,,,,,,,,,,,,,,,,,,,,,,,,,,,,,,,,,,
,,,,,,,,,,,,,,,,,,,,,,,,,,,,,,,,,,,,,,,,,,,,,,,,,,,,,,,,,,,,,,,,,,,,
,,,,,,,,,,,,,,,,,,,,,,,,,,,,,,,,,,,,,,,,,,,,,,,,,,,,,,,,,,,,,,,,,,,,
,,,,,,,,,,,,,,,,,,,,,,,,,,,,,,,,,,,,,,,,,,,,,,,,,,,,,,,,,,,,,,,,,,,,
,,,,,,,,,,,,,,,,,,,,,,,,,,,,,,,,,,,,,,,,,,,,,,,,,,,,,,,,,,,,,,,,,,,,
,,,,,,,,,,,,,,,,,,,,,,,,,,,,,,,,,,,,,,,,,,,,,,,,,,,,,,,,,,,,,,,,,,,,
,,,,,,,,,,,,,,,,,,,,,,,,,,,,,,,,,,,,,,,,,,,,,,,,,,,,,,,,,,,,,,,,,,,,
,,,,,,,,,,,,,,,,,,,,,,,,,,,,,,,,,,,,,,,,,,,,,,,,,,,,,,,,,,,,,,,,,,,,
,,,,,,,,,,,,,,,,,,,,,,,,,,,,,,,,,,,,,,,,,,,,,,,,,,,,,,,,,,,,,,,,,,,,
,,,,,,,,,,,,,,,,,,,,,,,,,,,,,,,,,,,,,,,,,,,,,,,,,,,,,,,,,,,,,,,,,,,,
,,,,,,,,,,,,,,,,,,,,,,,,,,,,,,,,,,,,,,,,,,,,,,,,,,,,,,,,,,,,,,,,,,,,
,,,,,,,,,,,,,,,,,,,,,,,,,,,,,,,,,,,,,,,,,,,,,,,,,,,,,,,,,,,,,,,,,,,,
,,,,,,,,,,,,,,,,,,,,,,,,,,,,,,,,,,,,,,,,,,,,,,,,,,,,,,,,,,,,,,,,,,,,
,,,,,,,,,,,,,,,,,,,,,,,,,,,,,,,,,,,,,,,,,,,,,,,,,,,,,,,,,,,,,,,,,,,,
,,,,,,,,,,,,,,,,,,,,,,,,,,,,,,,,,,,,,,,,,,,,,,,,,,,,,,,,,,,,,,,,,,,,
,,,,,,,,,,,,,,,,,,,,,,,,,,,,,,,,,,,,,,,,,,,,,,,,,,,,,,,,,,,,,,,,,,,,
,,,,,,,,,,,,,,,,,,,,,,,,,,,,,,,,,,,,,,,,,,,,,,,,,,,,,,,,,,,,,,,,,,,,
,,,,,,,,,,,,,,,,,,,,,,,,,,,,,,,,,,,,,,,,,,,,,,,,,,,,,,,,,,,,,,,,,,,,
,,,,,,,,,,,,,,,,,,,,,,,,,,,,,,,,,,,,,,,,,,,,,,,,,,,,,,,,,,,,,,,,,,,,
,,,,,,,,,,,,,,,,,,,,,,,,,,,,,,,,,,,,,,,,,,,,,,,,,,,,,,,,,,,,,,,,,,,,
,,,,,,,,,,,,,,,,,,,,,,,,,,,,,,,,,,,,,,,,,,,,,,,,,,,,,,,,,,,,,,,,,,,,
,,,,,,,,,,,,,,,,,,,,,,,,,,,,,,,,,,,,,,,,,,,,,,,,,,,,,,,,,,,,,,,,,,,,
,,,,,,,,,,,,,,,,,,,,,,,,,,,,,,,,,,,,,,,,,,,,,,,,,,,,,,,,,,,,,,,,,,,,
,,,,,,,,,,,,,,,,,,,,,,,,,,,,,,,,,,,,,,,,,,,,,,,,,,,,,,,,,,,,,,,,,,,,
,,,,,,,,,,,,,,,,,,,,,,,,,,,,,,,,,,,,,,,,,,,,,,,,,,,,,,,,,,,,,,,,,,,,
,,,,,,,,,,,,,,,,,,,,,,,,,,,,,,,,,,,,,,,,,,,,,,,,,,,,,,,,,,,,,,,,,,,,
,,,,,,,,,,,,,,,,,,,,,,,,,,,,,,,,,,,,,,,,,,,,,,,,,,,,,,,,,,,,,,,,,,,,
,,,,,,,,,,,,,,,,,,,,,,,,,,,,,,,,,,,,,,,,,,,,,,,,,,,,,,,,,,,,,,,,,,,,
,,,,,,,,,,,,,,,,,,,,,,,,,,,,,,,,,,,,,,,,,,,,,,,,,,,,,,,,,,,,,,,,,,,,
,,,,,,,,,,,,,,,,,,,,,,,,,,,,,,,,,,,,,,,,,,,,,,,,,,,,,,,,,,,,,,,,,,,,
,,,,,,,,,,,,,,,,,,,,,,,,,,,,,,,,,,,,,,,,,,,,,,,,,,,,,,,,,,,,,,,,,,,,
,,,,,,,,,,,,,,,,,,,,,,,,,,,,,,,,,,,,,,,,,,,,,,,,,,,,,,,,,,,,,,,,,,,,
,,,,,,,,,,,,,,,,,,,,,,,,,,,,,,,,,,,,,,,,,,,,,,,,,,,,,,,,,,,,,,,,,,,,
,,,,,,,,,,,,,,,,,,,,,,,,,,,,,,,,,,,,,,,,,,,,,,,,,,,,,,,,,,,,,,,,,,,,
,,,,,,,,,,,,,,,,,,,,,,,,,,,,,,,,,,,,,,,,,,,,,,,,,,,,,,,,,,,,,,,,,,,,
,,,,,,,,,,,,,,,,,,,,,,,,,,,,,,,,,,,,,,,,,,,,,,,,,,,,,,,,,,,,,,,,,,,,
,,,,,,,,,,,,,,,,,,,,,,,,,,,,,,,,,,,,,,,,,,,,,,,,,,,,,,,,,,,,,,,,,,,,
,,,,,,,,,,,,,,,,,,,,,,,,,,,,,,,,,,,,,,,,,,,,,,,,,,,,,,,,,,,,,,,,,,,,
,,,,,,,,,,,,,,,,,,,,,,,,,,,,,,,,,,,,,,,,,,,,,,,,,,,,,,,,,,,,,,,,,,,,
,,,,,,,,,,,,,,,,,,,,,,,,,,,,,,,,,,,,,,,,,,,,,,,,,,,,,,,,,,,,,,,,,,,,
,,,,,,,,,,,,,,,,,,,,,,,,,,,,,,,,,,,,,,,,,,,,,,,,,,,,,,,,,,,,,,,,,,,,
,,,,,,,,,,,,,,,,,,,,,,,,,,,,,,,,,,,,,,,,,,,,,,,,,,,,,,,,,,,,,,,,,,,,
,,,,,,,,,,,,,,,,,,,,,,,,,,,,,,,,,,,,,,,,,,,,,,,,,,,,,,,,,,,,,,,,,,,,
,,,,,,,,,,,,,,,,,,,,,,,,,,,,,,,,,,,,,,,,,,,,,,,,,,,,,,,,,,,,,,,,,,,,
,,,,,,,,,,,,,,,,,,,,,,,,,,,,,,,,,,,,,,,,,,,,,,,,,,,,,,,,,,,,,,,,,,,,
,,,,,,,,,,,,,,,,,,,,,,,,,,,,,,,,,,,,,,,,,,,,,,,,,,,,,,,,,,,,,,,,,,,,
,,,,,,,,,,,,,,,,,,,,,,,,,,,,,,,,,,,,,,,,,,,,,,,,,,,,,,,,,,,,,,,,,,,,
,,,,,,,,,,,,,,,,,,,,,,,,,,,,,,,,,,,,,,,,,,,,,,,,,,,,,,,,,,,,,,,,,,,,
,,,,,,,,,,,,,,,,,,,,,,,,,,,,,,,,,,,,,,,,,,,,,,,,,,,,,,,,,,,,,,,,,,,,
,,,,,,,,,,,,,,,,,,,,,,,,,,,,,,,,,,,,,,,,,,,,,,,,,,,,,,,,,,,,,,,,,,,,
,,,,,,,,,,,,,,,,,,,,,,,,,,,,,,,,,,,,,,,,,,,,,,,,,,,,,,,,,,,,,,,,,,,,
,,,,,,,,,,,,,,,,,,,,,,,,,,,,,,,,,,,,,,,,,,,,,,,,,,,,,,,,,,,,,,,,,,,,
,,,,,,,,,,,,,,,,,,,,,,,,,,,,,,,,,,,,,,,,,,,,,,,,,,,,,,,,,,,,,,,,,,,,
,,,,,,,,,,,,,,,,,,,,,,,,,,,,,,,,,,,,,,,,,,,,,,,,,,,,,,,,,,,,,,,,,,,,
,,,,,,,,,,,,,,,,,,,,,,,,,,,,,,,,,,,,,,,,,,,,,,,,,,,,,,,,,,,,,,,,,,,,
,,,,,,,,,,,,,,,,,,,,,,,,,,,,,,,,,,,,,,,,,,,,,,,,,,,,,,,,,,,,,,,,,,,,
,,,,,,,,,,,,,,,,,,,,,,,,,,,,,,,,,,,,,,,,,,,,,,,,,,,,,,,,,,,,,,,,,,,,
,,,,,,,,,,,,,,,,,,,,,,,,,,,,,,,,,,,,,,,,,,,,,,,,,,,,,,,,,,,,,,,,,,,,
,,,,,,,,,,,,,,,,,,,,,,,,,,,,,,,,,,,,,,,,,,,,,,,,,,,,,,,,,,,,,,,,,,,,
,,,,,,,,,,,,,,,,,,,,,,,,,,,,,,,,,,,,,,,,,,,,,,,,,,,,,,,,,,,,,,,,,,,,
,,,,,,,,,,,,,,,,,,,,,,,,,,,,,,,,,,,,,,,,,,,,,,,,,,,,,,,,,,,,,,,,,,,,
,,,,,,,,,,,,,,,,,,,,,,,,,,,,,,,,,,,,,,,,,,,,,,,,,,,,,,,,,,,,,,,,,,,,
,,,,,,,,,,,,,,,,,,,,,,,,,,,,,,,,,,,,,,,,,,,,,,,,,,,,,,,,,,,,,,,,,,,,
,,,,,,,,,,,,,,,,,,,,,,,,,,,,,,,,,,,,,,,,,,,,,,,,,,,,,,,,,,,,,,,,,,,,
,,,,,,,,,,,,,,,,,,,,,,,,,,,,,,,,,,,,,,,,,,,,,,,,,,,,,,,,,,,,,,,,,,,,
,,,,,,,,,,,,,,,,,,,,,,,,,,,,,,,,,,,,,,,,,,,,,,,,,,,,,,,,,,,,,,,,,,,,
,,,,,,,,,,,,,,,,,,,,,,,,,,,,,,,,,,,,,,,,,,,,,,,,,,,,,,,,,,,,,,,,,,,,
,,,,,,,,,,,,,,,,,,,,,,,,,,,,,,,,,,,,,,,,,,,,,,,,,,,,,,,,,,,,,,,,,,,,
,,,,,,,,,,,,,,,,,,,,,,,,,,,,,,,,,,,,,,,,,,,,,,,,,,,,,,,,,,,,,,,,,,,,
,,,,,,,,,,,,,,,,,,,,,,,,,,,,,,,,,,,,,,,,,,,,,,,,,,,,,,,,,,,,,,,,,,,,
,,,,,,,,,,,,,,,,,,,,,,,,,,,,,,,,,,,,,,,,,,,,,,,,,,,,,,,,,,,,,,,,,,,,
,,,,,,,,,,,,,,,,,,,,,,,,,,,,,,,,,,,,,,,,,,,,,,,,,,,,,,,,,,,,,,,,,,,,
,,,,,,,,,,,,,,,,,,,,,,,,,,,,,,,,,,,,,,,,,,,,,,,,,,,,,,,,,,,,,,,,,,,,
,,,,,,,,,,,,,,,,,,,,,,,,,,,,,,,,,,,,,,,,,,,,,,,,,,,,,,,,,,,,,,,,,,,,
,,,,,,,,,,,,,,,,,,,,,,,,,,,,,,,,,,,,,,,,,,,,,,,,,,,,,,,,,,,,,,,,,,,,
,,,,,,,,,,,,,,,,,,,,,,,,,,,,,,,,,,,,,,,,,,,,,,,,,,,,,,,,,,,,,,,,,,,,
,,,,,,,,,,,,,,,,,,,,,,,,,,,,,,,,,,,,,,,,,,,,,,,,,,,,,,,,,,,,,,,,,,,,
,,,,,,,,,,,,,,,,,,,,,,,,,,,,,,,,,,,,,,,,,,,,,,,,,,,,,,,,,,,,,,,,,,,,
,,,,,,,,,,,,,,,,,,,,,,,,,,,,,,,,,,,,,,,,,,,,,,,,,,,,,,,,,,,,,,,,,,,,
,,,,,,,,,,,,,,,,,,,,,,,,,,,,,,,,,,,,,,,,,,,,,,,,,,,,,,,,,,,,,,,,,,,,
,,,,,,,,,,,,,,,,,,,,,,,,,,,,,,,,,,,,,,,,,,,,,,,,,,,,,,,,,,,,,,,,,,,,
,,,,,,,,,,,,,,,,,,,,,,,,,,,,,,,,,,,,,,,,,,,,,,,,,,,,,,,,,,,,,,,,,,,,
,,,,,,,,,,,,,,,,,,,,,,,,,,,,,,,,,,,,,,,,,,,,,,,,,,,,,,,,,,,,,,,,,,,,
,,,,,,,,,,,,,,,,,,,,,,,,,,,,,,,,,,,,,,,,,,,,,,,,,,,,,,,,,,,,,,,,,,,,
,,,,,,,,,,,,,,,,,,,,,,,,,,,,,,,,,,,,,,,,,,,,,,,,,,,,,,,,,,,,,,,,,,,,
,,,,,,,,,,,,,,,,,,,,,,,,,,,,,,,,,,,,,,,,,,,,,,,,,,,,,,,,,,,,,,,,,,,,
,,,,,,,,,,,,,,,,,,,,,,,,,,,,,,,,,,,,,,,,,,,,,,,,,,,,,,,,,,,,,,,,,,,,
,,,,,,,,,,,,,,,,,,,,,,,,,,,,,,,,,,,,,,,,,,,,,,,,,,,,,,,,,,,,,,,,,,,,
,,,,,,,,,,,,,,,,,,,,,,,,,,,,,,,,,,,,,,,,,,,,,,,,,,,,,,,,,,,,,,,,,,,,
,,,,,,,,,,,,,,,,,,,,,,,,,,,,,,,,,,,,,,,,,,,,,,,,,,,,,,,,,,,,,,,,,,,,
,,,,,,,,,,,,,,,,,,,,,,,,,,,,,,,,,,,,,,,,,,,,,,,,,,,,,,,,,,,,,,,,,,,,
,,,,,,,,,,,,,,,,,,,,,,,,,,,,,,,,,,,,,,,,,,,,,,,,,,,,,,,,,,,,,,,,,,,,
,,,,,,,,,,,,,,,,,,,,,,,,,,,,,,,,,,,,,,,,,,,,,,,,,,,,,,,,,,,,,,,,,,,,
,,,,,,,,,,,,,,,,,,,,,,,,,,,,,,,,,,,,,,,,,,,,,,,,,,,,,,,,,,,,,,,,,,,,
,,,,,,,,,,,,,,,,,,,,,,,,,,,,,,,,,,,,,,,,,,,,,,,,,,,,,,,,,,,,,,,,,,,,
,,,,,,,,,,,,,,,,,,,,,,,,,,,,,,,,,,,,,,,,,,,,,,,,,,,,,,,,,,,,,,,,,,,,
,,,,,,,,,,,,,,,,,,,,,,,,,,,,,,,,,,,,,,,,,,,,,,,,,,,,,,,,,,,,,,,,,,,,
,,,,,,,,,,,,,,,,,,,,,,,,,,,,,,,,,,,,,,,,,,,,,,,,,,,,,,,,,,,,,,,,,,,,
,,,,,,,,,,,,,,,,,,,,,,,,,,,,,,,,,,,,,,,,,,,,,,,,,,,,,,,,,,,,,,,,,,,,
,,,,,,,,,,,,,,,,,,,,,,,,,,,,,,,,,,,,,,,,,,,,,,,,,,,,,,,,,,,,,,,,,,,,
,,,,,,,,,,,,,,,,,,,,,,,,,,,,,,,,,,,,,,,,,,,,,,,,,,,,,,,,,,,,,,,,,,,,
,,,,,,,,,,,,,,,,,,,,,,,,,,,,,,,,,,,,,,,,,,,,,,,,,,,,,,,,,,,,,,,,,,,,
,,,,,,,,,,,,,,,,,,,,,,,,,,,,,,,,,,,,,,,,,,,,,,,,,,,,,,,,,,,,,,,,,,,,
,,,,,,,,,,,,,,,,,,,,,,,,,,,,,,,,,,,,,,,,,,,,,,,,,,,,,,,,,,,,,,,,,,,,
,,,,,,,,,,,,,,,,,,,,,,,,,,,,,,,,,,,,,,,,,,,,,,,,,,,,,,,,,,,,,,,,,,,,
,,,,,,,,,,,,,,,,,,,,,,,,,,,,,,,,,,,,,,,,,,,,,,,,,,,,,,,,,,,,,,,,,,,,
,,,,,,,,,,,,,,,,,,,,,,,,,,,,,,,,,,,,,,,,,,,,,,,,,,,,,,,,,,,,,,,,,,,,
,,,,,,,,,,,,,,,,,,,,,,,,,,,,,,,,,,,,,,,,,,,,,,,,,,,,,,,,,,,,,,,,,,,,
,,,,,,,,,,,,,,,,,,,,,,,,,,,,,,,,,,,,,,,,,,,,,,,,,,,,,,,,,,,,,,,,,,,,
,,,,,,,,,,,,,,,,,,,,,,,,,,,,,,,,,,,,,,,,,,,,,,,,,,,,,,,,,,,,,,,,,,,,
,,,,,,,,,,,,,,,,,,,,,,,,,,,,,,,,,,,,,,,,,,,,,,,,,,,,,,,,,,,,,,,,,,,,
,,,,,,,,,,,,,,,,,,,,,,,,,,,,,,,,,,,,,,,,,,,,,,,,,,,,,,,,,,,,,,,,,,,,
,,,,,,,,,,,,,,,,,,,,,,,,,,,,,,,,,,,,,,,,,,,,,,,,,,,,,,,,,,,,,,,,,,,,
,,,,,,,,,,,,,,,,,,,,,,,,,,,,,,,,,,,,,,,,,,,,,,,,,,,,,,,,,,,,,,,,,,,,
,,,,,,,,,,,,,,,,,,,,,,,,,,,,,,,,,,,,,,,,,,,,,,,,,,,,,,,,,,,,,,,,,,,,
,,,,,,,,,,,,,,,,,,,,,,,,,,,,,,,,,,,,,,,,,,,,,,,,,,,,,,,,,,,,,,,,,,,,
,,,,,,,,,,,,,,,,,,,,,,,,,,,,,,,,,,,,,,,,,,,,,,,,,,,,,,,,,,,,,,,,,,,,
,,,,,,,,,,,,,,,,,,,,,,,,,,,,,,,,,,,,,,,,,,,,,,,,,,,,,,,,,,,,,,,,,,,,
,,,,,,,,,,,,,,,,,,,,,,,,,,,,,,,,,,,,,,,,,,,,,,,,,,,,,,,,,,,,,,,,,,,,
,,,,,,,,,,,,,,,,,,,,,,,,,,,,,,,,,,,,,,,,,,,,,,,,,,,,,,,,,,,,,,,,,,,,
,,,,,,,,,,,,,,,,,,,,,,,,,,,,,,,,,,,,,,,,,,,,,,,,,,,,,,,,,,,,,,,,,,,,
,,,,,,,,,,,,,,,,,,,,,,,,,,,,,,,,,,,,,,,,,,,,,,,,,,,,,,,,,,,,,,,,,,,,
,,,,,,,,,,,,,,,,,,,,,,,,,,,,,,,,,,,,,,,,,,,,,,,,,,,,,,,,,,,,,,,,,,,,
,,,,,,,,,,,,,,,,,,,,,,,,,,,,,,,,,,,,,,,,,,,,,,,,,,,,,,,,,,,,,,,,,,,,
,,,,,,,,,,,,,,,,,,,,,,,,,,,,,,,,,,,,,,,,,,,,,,,,,,,,,,,,,,,,,,,,,,,,
,,,,,,,,,,,,,,,,,,,,,,,,,,,,,,,,,,,,,,,,,,,,,,,,,,,,,,,,,,,,,,,,,,,,
,,,,,,,,,,,,,,,,,,,,,,,,,,,,,,,,,,,,,,,,,,,,,,,,,,,,,,,,,,,,,,,,,,,,
,,,,,,,,,,,,,,,,,,,,,,,,,,,,,,,,,,,,,,,,,,,,,,,,,,,,,,,,,,,,,,,,,,,,
,,,,,,,,,,,,,,,,,,,,,,,,,,,,,,,,,,,,,,,,,,,,,,,,,,,,,,,,,,,,,,,,,,,,
,,,,,,,,,,,,,,,,,,,,,,,,,,,,,,,,,,,,,,,,,,,,,,,,,,,,,,,,,,,,,,,,,,,,
,,,,,,,,,,,,,,,,,,,,,,,,,,,,,,,,,,,,,,,,,,,,,,,,,,,,,,,,,,,,,,,,,,,,
,,,,,,,,,,,,,,,,,,,,,,,,,,,,,,,,,,,,,,,,,,,,,,,,,,,,,,,,,,,,,,,,,,,,
,,,,,,,,,,,,,,,,,,,,,,,,,,,,,,,,,,,,,,,,,,,,,,,,,,,,,,,,,,,,,,,,,,,,
,,,,,,,,,,,,,,,,,,,,,,,,,,,,,,,,,,,,,,,,,,,,,,,,,,,,,,,,,,,,,,,,,,,,
,,,,,,,,,,,,,,,,,,,,,,,,,,,,,,,,,,,,,,,,,,,,,,,,,,,,,,,,,,,,,,,,,,,,
,,,,,,,,,,,,,,,,,,,,,,,,,,,,,,,,,,,,,,,,,,,,,,,,,,,,,,,,,,,,,,,,,,,,
,,,,,,,,,,,,,,,,,,,,,,,,,,,,,,,,,,,,,,,,,,,,,,,,,,,,,,,,,,,,,,,,,,,,
,,,,,,,,,,,,,,,,,,,,,,,,,,,,,,,,,,,,,,,,,,,,,,,,,,,,,,,,,,,,,,,,,,,,
,,,,,,,,,,,,,,,,,,,,,,,,,,,,,,,,,,,,,,,,,,,,,,,,,,,,,,,,,,,,,,,,,,,,
,,,,,,,,,,,,,,,,,,,,,,,,,,,,,,,,,,,,,,,,,,,,,,,,,,,,,,,,,,,,,,,,,,,,
,,,,,,,,,,,,,,,,,,,,,,,,,,,,,,,,,,,,,,,,,,,,,,,,,,,,,,,,,,,,,,,,,,,,
,,,,,,,,,,,,,,,,,,,,,,,,,,,,,,,,,,,,,,,,,,,,,,,,,,,,,,,,,,,,,,,,,,,,
,,,,,,,,,,,,,,,,,,,,,,,,,,,,,,,,,,,,,,,,,,,,,,,,,,,,,,,,,,,,,,,,,,,,
,,,,,,,,,,,,,,,,,,,,,,,,,,,,,,,,,,,,,,,,,,,,,,,,,,,,,,,,,,,,,,,,,,,,
,,,,,,,,,,,,,,,,,,,,,,,,,,,,,,,,,,,,,,,,,,,,,,,,,,,,,,,,,,,,,,,,,,,,
,,,,,,,,,,,,,,,,,,,,,,,,,,,,,,,,,,,,,,,,,,,,,,,,,,,,,,,,,,,,,,,,,,,,
,,,,,,,,,,,,,,,,,,,,,,,,,,,,,,,,,,,,,,,,,,,,,,,,,,,,,,,,,,,,,,,,,,,,
,,,,,,,,,,,,,,,,,,,,,,,,,,,,,,,,,,,,,,,,,,,,,,,,,,,,,,,,,,,,,,,,,,,,
,,,,,,,,,,,,,,,,,,,,,,,,,,,,,,,,,,,,,,,,,,,,,,,,,,,,,,,,,,,,,,,,,,,,
,,,,,,,,,,,,,,,,,,,,,,,,,,,,,,,,,,,,,,,,,,,,,,,,,,,,,,,,,,,,,,,,,,,,
,,,,,,,,,,,,,,,,,,,,,,,,,,,,,,,,,,,,,,,,,,,,,,,,,,,,,,,,,,,,,,,,,,,,
,,,,,,,,,,,,,,,,,,,,,,,,,,,,,,,,,,,,,,,,,,,,,,,,,,,,,,,,,,,,,,,,,,,,
,,,,,,,,,,,,,,,,,,,,,,,,,,,,,,,,,,,,,,,,,,,,,,,,,,,,,,,,,,,,,,,,,,,,
,,,,,,,,,,,,,,,,,,,,,,,,,,,,,,,,,,,,,,,,,,,,,,,,,,,,,,,,,,,,,,,,,,,,
,,,,,,,,,,,,,,,,,,,,,,,,,,,,,,,,,,,,,,,,,,,,,,,,,,,,,,,,,,,,,,,,,,,,
,,,,,,,,,,,,,,,,,,,,,,,,,,,,,,,,,,,,,,,,,,,,,,,,,,,,,,,,,,,,,,,,,,,,
,,,,,,,,,,,,,,,,,,,,,,,,,,,,,,,,,,,,,,,,,,,,,,,,,,,,,,,,,,,,,,,,,,,,
,,,,,,,,,,,,,,,,,,,,,,,,,,,,,,,,,,,,,,,,,,,,,,,,,,,,,,,,,,,,,,,,,,,,
,,,,,,,,,,,,,,,,,,,,,,,,,,,,,,,,,,,,,,,,,,,,,,,,,,,,,,,,,,,,,,,,,,,,
,,,,,,,,,,,,,,,,,,,,,,,,,,,,,,,,,,,,,,,,,,,,,,,,,,,,,,,,,,,,,,,,,,,,
,,,,,,,,,,,,,,,,,,,,,,,,,,,,,,,,,,,,,,,,,,,,,,,,,,,,,,,,,,,,,,,,,,,,
,,,,,,,,,,,,,,,,,,,,,,,,,,,,,,,,,,,,,,,,,,,,,,,,,,,,,,,,,,,,,,,,,,,,
,,,,,,,,,,,,,,,,,,,,,,,,,,,,,,,,,,,,,,,,,,,,,,,,,,,,,,,,,,,,,,,,,,,,
,,,,,,,,,,,,,,,,,,,,,,,,,,,,,,,,,,,,,,,,,,,,,,,,,,,,,,,,,,,,,,,,,,,,
,,,,,,,,,,,,,,,,,,,,,,,,,,,,,,,,,,,,,,,,,,,,,,,,,,,,,,,,,,,,,,,,,,,,
,,,,,,,,,,,,,,,,,,,,,,,,,,,,,,,,,,,,,,,,,,,,,,,,,,,,,,,,,,,,,,,,,,,,
,,,,,,,,,,,,,,,,,,,,,,,,,,,,,,,,,,,,,,,,,,,,,,,,,,,,,,,,,,,,,,,,,,,,
,,,,,,,,,,,,,,,,,,,,,,,,,,,,,,,,,,,,,,,,,,,,,,,,,,,,,,,,,,,,,,,,,,,,
,,,,,,,,,,,,,,,,,,,,,,,,,,,,,,,,,,,,,,,,,,,,,,,,,,,,,,,,,,,,,,,,,,,,
,,,,,,,,,,,,,,,,,,,,,,,,,,,,,,,,,,,,,,,,,,,,,,,,,,,,,,,,,,,,,,,,,,,,
,,,,,,,,,,,,,,,,,,,,,,,,,,,,,,,,,,,,,,,,,,,,,,,,,,,,,,,,,,,,,,,,,,,,
,,,,,,,,,,,,,,,,,,,,,,,,,,,,,,,,,,,,,,,,,,,,,,,,,,,,,,,,,,,,,,,,,,,,
,,,,,,,,,,,,,,,,,,,,,,,,,,,,,,,,,,,,,,,,,,,,,,,,,,,,,,,,,,,,,,,,,,,,
,,,,,,,,,,,,,,,,,,,,,,,,,,,,,,,,,,,,,,,,,,,,,,,,,,,,,,,,,,,,,,,,,,,,
,,,,,,,,,,,,,,,,,,,,,,,,,,,,,,,,,,,,,,,,,,,,,,,,,,,,,,,,,,,,,,,,,,,,
,,,,,,,,,,,,,,,,,,,,,,,,,,,,,,,,,,,,,,,,,,,,,,,,,,,,,,,,,,,,,,,,,,,,
,,,,,,,,,,,,,,,,,,,,,,,,,,,,,,,,,,,,,,,,,,,,,,,,,,,,,,,,,,,,,,,,,,,,
,,,,,,,,,,,,,,,,,,,,,,,,,,,,,,,,,,,,,,,,,,,,,,,,,,,,,,,,,,,,,,,,,,,,
,,,,,,,,,,,,,,,,,,,,,,,,,,,,,,,,,,,,,,,,,,,,,,,,,,,,,,,,,,,,,,,,,,,,
,,,,,,,,,,,,,,,,,,,,,,,,,,,,,,,,,,,,,,,,,,,,,,,,,,,,,,,,,,,,,,,,,,,,
,,,,,,,,,,,,,,,,,,,,,,,,,,,,,,,,,,,,,,,,,,,,,,,,,,,,,,,,,,,,,,,,,,,,
,,,,,,,,,,,,,,,,,,,,,,,,,,,,,,,,,,,,,,,,,,,,,,,,,,,,,,,,,,,,,,,,,,,,
,,,,,,,,,,,,,,,,,,,,,,,,,,,,,,,,,,,,,,,,,,,,,,,,,,,,,,,,,,,,,,,,,,,,
,,,,,,,,,,,,,,,,,,,,,,,,,,,,,,,,,,,,,,,,,,,,,,,,,,,,,,,,,,,,,,,,,,,,
,,,,,,,,,,,,,,,,,,,,,,,,,,,,,,,,,,,,,,,,,,,,,,,,,,,,,,,,,,,,,,,,,,,,
,,,,,,,,,,,,,,,,,,,,,,,,,,,,,,,,,,,,,,,,,,,,,,,,,,,,,,,,,,,,,,,,,,,,
,,,,,,,,,,,,,,,,,,,,,,,,,,,,,,,,,,,,,,,,,,,,,,,,,,,,,,,,,,,,,,,,,,,,
,,,,,,,,,,,,,,,,,,,,,,,,,,,,,,,,,,,,,,,,,,,,,,,,,,,,,,,,,,,,,,,,,,,,
,,,,,,,,,,,,,,,,,,,,,,,,,,,,,,,,,,,,,,,,,,,,,,,,,,,,,,,,,,,,,,,,,,,,
,,,,,,,,,,,,,,,,,,,,,,,,,,,,,,,,,,,,,,,,,,,,,,,,,,,,,,,,,,,,,,,,,,,,
,,,,,,,,,,,,,,,,,,,,,,,,,,,,,,,,,,,,,,,,,,,,,,,,,,,,,,,,,,,,,,,,,,,,
,,,,,,,,,,,,,,,,,,,,,,,,,,,,,,,,,,,,,,,,,,,,,,,,,,,,,,,,,,,,,,,,,,,,
,,,,,,,,,,,,,,,,,,,,,,,,,,,,,,,,,,,,,,,,,,,,,,,,,,,,,,,,,,,,,,,,,,,,
,,,,,,,,,,,,,,,,,,,,,,,,,,,,,,,,,,,,,,,,,,,,,,,,,,,,,,,,,,,,,,,,,,,,
,,,,,,,,,,,,,,,,,,,,,,,,,,,,,,,,,,,,,,,,,,,,,,,,,,,,,,,,,,,,,,,,,,,,
,,,,,,,,,,,,,,,,,,,,,,,,,,,,,,,,,,,,,,,,,,,,,,,,,,,,,,,,,,,,,,,,,,,,
,,,,,,,,,,,,,,,,,,,,,,,,,,,,,,,,,,,,,,,,,,,,,,,,,,,,,,,,,,,,,,,,,,,,
,,,,,,,,,,,,,,,,,,,,,,,,,,,,,,,,,,,,,,,,,,,,,,,,,,,,,,,,,,,,,,,,,,,,
,,,,,,,,,,,,,,,,,,,,,,,,,,,,,,,,,,,,,,,,,,,,,,,,,,,,,,,,,,,,,,,,,,,,
,,,,,,,,,,,,,,,,,,,,,,,,,,,,,,,,,,,,,,,,,,,,,,,,,,,,,,,,,,,,,,,,,,,,
,,,,,,,,,,,,,,,,,,,,,,,,,,,,,,,,,,,,,,,,,,,,,,,,,,,,,,,,,,,,,,,,,,,,
,,,,,,,,,,,,,,,,,,,,,,,,,,,,,,,,,,,,,,,,,,,,,,,,,,,,,,,,,,,,,,,,,,,,
,,,,,,,,,,,,,,,,,,,,,,,,,,,,,,,,,,,,,,,,,,,,,,,,,,,,,,,,,,,,,,,,,,,,
,,,,,,,,,,,,,,,,,,,,,,,,,,,,,,,,,,,,,,,,,,,,,,,,,,,,,,,,,,,,,,,,,,,,
,,,,,,,,,,,,,,,,,,,,,,,,,,,,,,,,,,,,,,,,,,,,,,,,,,,,,,,,,,,,,,,,,,,,
,,,,,,,,,,,,,,,,,,,,,,,,,,,,,,,,,,,,,,,,,,,,,,,,,,,,,,,,,,,,,,,,,,,,
,,,,,,,,,,,,,,,,,,,,,,,,,,,,,,,,,,,,,,,,,,,,,,,,,,,,,,,,,,,,,,,,,,,,
,,,,,,,,,,,,,,,,,,,,,,,,,,,,,,,,,,,,,,,,,,,,,,,,,,,,,,,,,,,,,,,,,,,,
,,,,,,,,,,,,,,,,,,,,,,,,,,,,,,,,,,,,,,,,,,,,,,,,,,,,,,,,,,,,,,,,,,,,
,,,,,,,,,,,,,,,,,,,,,,,,,,,,,,,,,,,,,,,,,,,,,,,,,,,,,,,,,,,,,,,,,,,,
,,,,,,,,,,,,,,,,,,,,,,,,,,,,,,,,,,,,,,,,,,,,,,,,,,,,,,,,,,,,,,,,,,,,
,,,,,,,,,,,,,,,,,,,,,,,,,,,,,,,,,,,,,,,,,,,,,,,,,,,,,,,,,,,,,,,,,,,,
,,,,,,,,,,,,,,,,,,,,,,,,,,,,,,,,,,,,,,,,,,,,,,,,,,,,,,,,,,,,,,,,,,,,
,,,,,,,,,,,,,,,,,,,,,,,,,,,,,,,,,,,,,,,,,,,,,,,,,,,,,,,,,,,,,,,,,,,,
,,,,,,,,,,,,,,,,,,,,,,,,,,,,,,,,,,,,,,,,,,,,,,,,,,,,,,,,,,,,,,,,,,,,
,,,,,,,,,,,,,,,,,,,,,,,,,,,,,,,,,,,,,,,,,,,,,,,,,,,,,,,,,,,,,,,,,,,,
,,,,,,,,,,,,,,,,,,,,,,,,,,,,,,,,,,,,,,,,,,,,,,,,,,,,,,,,,,,,,,,,,,,,
,,,,,,,,,,,,,,,,,,,,,,,,,,,,,,,,,,,,,,,,,,,,,,,,,,,,,,,,,,,,,,,,,,,,
,,,,,,,,,,,,,,,,,,,,,,,,,,,,,,,,,,,,,,,,,,,,,,,,,,,,,,,,,,,,,,,,,,,,
,,,,,,,,,,,,,,,,,,,,,,,,,,,,,,,,,,,,,,,,,,,,,,,,,,,,,,,,,,,,,,,,,,,,
,,,,,,,,,,,,,,,,,,,,,,,,,,,,,,,,,,,,,,,,,,,,,,,,,,,,,,,,,,,,,,,,,,,,
,,,,,,,,,,,,,,,,,,,,,,,,,,,,,,,,,,,,,,,,,,,,,,,,,,,,,,,,,,,,,,,,,,,,
,,,,,,,,,,,,,,,,,,,,,,,,,,,,,,,,,,,,,,,,,,,,,,,,,,,,,,,,,,,,,,,,,,,,
,,,,,,,,,,,,,,,,,,,,,,,,,,,,,,,,,,,,,,,,,,,,,,,,,,,,,,,,,,,,,,,,,,,,
,,,,,,,,,,,,,,,,,,,,,,,,,,,,,,,,,,,,,,,,,,,,,,,,,,,,,,,,,,,,,,,,,,,,
,,,,,,,,,,,,,,,,,,,,,,,,,,,,,,,,,,,,,,,,,,,,,,,,,,,,,,,,,,,,,,,,,,,,
,,,,,,,,,,,,,,,,,,,,,,,,,,,,,,,,,,,,,,,,,,,,,,,,,,,,,,,,,,,,,,,,,,,,
,,,,,,,,,,,,,,,,,,,,,,,,,,,,,,,,,,,,,,,,,,,,,,,,,,,,,,,,,,,,,,,,,,,,
,,,,,,,,,,,,,,,,,,,,,,,,,,,,,,,,,,,,,,,,,,,,,,,,,,,,,,,,,,,,,,,,,,,,
,,,,,,,,,,,,,,,,,,,,,,,,,,,,,,,,,,,,,,,,,,,,,,,,,,,,,,,,,,,,,,,,,,,,
,,,,,,,,,,,,,,,,,,,,,,,,,,,,,,,,,,,,,,,,,,,,,,,,,,,,,,,,,,,,,,,,,,,,
,,,,,,,,,,,,,,,,,,,,,,,,,,,,,,,,,,,,,,,,,,,,,,,,,,,,,,,,,,,,,,,,,,,,
,,,,,,,,,,,,,,,,,,,,,,,,,,,,,,,,,,,,,,,,,,,,,,,,,,,,,,,,,,,,,,,,,,,,
,,,,,,,,,,,,,,,,,,,,,,,,,,,,,,,,,,,,,,,,,,,,,,,,,,,,,,,,,,,,,,,,,,,,
,,,,,,,,,,,,,,,,,,,,,,,,,,,,,,,,,,,,,,,,,,,,,,,,,,,,,,,,,,,,,,,,,,,,
,,,,,,,,,,,,,,,,,,,,,,,,,,,,,,,,,,,,,,,,,,,,,,,,,,,,,,,,,,,,,,,,,,,,
,,,,,,,,,,,,,,,,,,,,,,,,,,,,,,,,,,,,,,,,,,,,,,,,,,,,,,,,,,,,,,,,,,,,
,,,,,,,,,,,,,,,,,,,,,,,,,,,,,,,,,,,,,,,,,,,,,,,,,,,,,,,,,,,,,,,,,,,,
,,,,,,,,,,,,,,,,,,,,,,,,,,,,,,,,,,,,,,,,,,,,,,,,,,,,,,,,,,,,,,,,,,,,
,,,,,,,,,,,,,,,,,,,,,,,,,,,,,,,,,,,,,,,,,,,,,,,,,,,,,,,,,,,,,,,,,,,,
,,,,,,,,,,,,,,,,,,,,,,,,,,,,,,,,,,,,,,,,,,,,,,,,,,,,,,,,,,,,,,,,,,,,
,,,,,,,,,,,,,,,,,,,,,,,,,,,,,,,,,,,,,,,,,,,,,,,,,,,,,,,,,,,,,,,,,,,,
,,,,,,,,,,,,,,,,,,,,,,,,,,,,,,,,,,,,,,,,,,,,,,,,,,,,,,,,,,,,,,,,,,,,
,,,,,,,,,,,,,,,,,,,,,,,,,,,,,,,,,,,,,,,,,,,,,,,,,,,,,,,,,,,,,,,,,,,,
,,,,,,,,,,,,,,,,,,,,,,,,,,,,,,,,,,,,,,,,,,,,,,,,,,,,,,,,,,,,,,,,,,,,
,,,,,,,,,,,,,,,,,,,,,,,,,,,,,,,,,,,,,,,,,,,,,,,,,,,,,,,,,,,,,,,,,,,,
,,,,,,,,,,,,,,,,,,,,,,,,,,,,,,,,,,,,,,,,,,,,,,,,,,,,,,,,,,,,,,,,,,,,
,,,,,,,,,,,,,,,,,,,,,,,,,,,,,,,,,,,,,,,,,,,,,,,,,,,,,,,,,,,,,,,,,,,,
,,,,,,,,,,,,,,,,,,,,,,,,,,,,,,,,,,,,,,,,,,,,,,,,,,,,,,,,,,,,,,,,,,,,
,,,,,,,,,,,,,,,,,,,,,,,,,,,,,,,,,,,,,,,,,,,,,,,,,,,,,,,,,,,,,,,,,,,,
,,,,,,,,,,,,,,,,,,,,,,,,,,,,,,,,,,,,,,,,,,,,,,,,,,,,,,,,,,,,,,,,,,,,
,,,,,,,,,,,,,,,,,,,,,,,,,,,,,,,,,,,,,,,,,,,,,,,,,,,,,,,,,,,,,,,,,,,,
,,,,,,,,,,,,,,,,,,,,,,,,,,,,,,,,,,,,,,,,,,,,,,,,,,,,,,,,,,,,,,,,,,,,
,,,,,,,,,,,,,,,,,,,,,,,,,,,,,,,,,,,,,,,,,,,,,,,,,,,,,,,,,,,,,,,,,,,,
,,,,,,,,,,,,,,,,,,,,,,,,,,,,,,,,,,,,,,,,,,,,,,,,,,,,,,,,,,,,,,,,,,,,
,,,,,,,,,,,,,,,,,,,,,,,,,,,,,,,,,,,,,,,,,,,,,,,,,,,,,,,,,,,,,,,,,,,,
,,,,,,,,,,,,,,,,,,,,,,,,,,,,,,,,,,,,,,,,,,,,,,,,,,,,,,,,,,,,,,,,,,,,
,,,,,,,,,,,,,,,,,,,,,,,,,,,,,,,,,,,,,,,,,,,,,,,,,,,,,,,,,,,,,,,,,,,,
,,,,,,,,,,,,,,,,,,,,,,,,,,,,,,,,,,,,,,,,,,,,,,,,,,,,,,,,,,,,,,,,,,,,
,,,,,,,,,,,,,,,,,,,,,,,,,,,,,,,,,,,,,,,,,,,,,,,,,,,,,,,,,,,,,,,,,,,,
,,,,,,,,,,,,,,,,,,,,,,,,,,,,,,,,,,,,,,,,,,,,,,,,,,,,,,,,,,,,,,,,,,,,
,,,,,,,,,,,,,,,,,,,,,,,,,,,,,,,,,,,,,,,,,,,,,,,,,,,,,,,,,,,,,,,,,,,,
,,,,,,,,,,,,,,,,,,,,,,,,,,,,,,,,,,,,,,,,,,,,,,,,,,,,,,,,,,,,,,,,,,,,
,,,,,,,,,,,,,,,,,,,,,,,,,,,,,,,,,,,,,,,,,,,,,,,,,,,,,,,,,,,,,,,,,,,,
,,,,,,,,,,,,,,,,,,,,,,,,,,,,,,,,,,,,,,,,,,,,,,,,,,,,,,,,,,,,,,,,,,,,
,,,,,,,,,,,,,,,,,,,,,,,,,,,,,,,,,,,,,,,,,,,,,,,,,,,,,,,,,,,,,,,,,,,,
,,,,,,,,,,,,,,,,,,,,,,,,,,,,,,,,,,,,,,,,,,,,,,,,,,,,,,,,,,,,,,,,,,,,
,,,,,,,,,,,,,,,,,,,,,,,,,,,,,,,,,,,,,,,,,,,,,,,,,,,,,,,,,,,,,,,,,,,,
,,,,,,,,,,,,,,,,,,,,,,,,,,,,,,,,,,,,,,,,,,,,,,,,,,,,,,,,,,,,,,,,,,,,
,,,,,,,,,,,,,,,,,,,,,,,,,,,,,,,,,,,,,,,,,,,,,,,,,,,,,,,,,,,,,,,,,,,,
,,,,,,,,,,,,,,,,,,,,,,,,,,,,,,,,,,,,,,,,,,,,,,,,,,,,,,,,,,,,,,,,,,,,
,,,,,,,,,,,,,,,,,,,,,,,,,,,,,,,,,,,,,,,,,,,,,,,,,,,,,,,,,,,,,,,,,,,,
,,,,,,,,,,,,,,,,,,,,,,,,,,,,,,,,,,,,,,,,,,,,,,,,,,,,,,,,,,,,,,,,,,,,
,,,,,,,,,,,,,,,,,,,,,,,,,,,,,,,,,,,,,,,,,,,,,,,,,,,,,,,,,,,,,,,,,,,,
,,,,,,,,,,,,,,,,,,,,,,,,,,,,,,,,,,,,,,,,,,,,,,,,,,,,,,,,,,,,,,,,,,,,
,,,,,,,,,,,,,,,,,,,,,,,,,,,,,,,,,,,,,,,,,,,,,,,,,,,,,,,,,,,,,,,,,,,,
,,,,,,,,,,,,,,,,,,,,,,,,,,,,,,,,,,,,,,,,,,,,,,,,,,,,,,,,,,,,,,,,,,,,
,,,,,,,,,,,,,,,,,,,,,,,,,,,,,,,,,,,,,,,,,,,,,,,,,,,,,,,,,,,,,,,,,,,,
,,,,,,,,,,,,,,,,,,,,,,,,,,,,,,,,,,,,,,,,,,,,,,,,,,,,,,,,,,,,,,,,,,,,
,,,,,,,,,,,,,,,,,,,,,,,,,,,,,,,,,,,,,,,,,,,,,,,,,,,,,,,,,,,,,,,,,,,,
,,,,,,,,,,,,,,,,,,,,,,,,,,,,,,,,,,,,,,,,,,,,,,,,,,,,,,,,,,,,,,,,,,,,
,,,,,,,,,,,,,,,,,,,,,,,,,,,,,,,,,,,,,,,,,,,,,,,,,,,,,,,,,,,,,,,,,,,,
,,,,,,,,,,,,,,,,,,,,,,,,,,,,,,,,,,,,,,,,,,,,,,,,,,,,,,,,,,,,,,,,,,,,
,,,,,,,,,,,,,,,,,,,,,,,,,,,,,,,,,,,,,,,,,,,,,,,,,,,,,,,,,,,,,,,,,,,,
,,,,,,,,,,,,,,,,,,,,,,,,,,,,,,,,,,,,,,,,,,,,,,,,,,,,,,,,,,,,,,,,,,,,
,,,,,,,,,,,,,,,,,,,,,,,,,,,,,,,,,,,,,,,,,,,,,,,,,,,,,,,,,,,,,,,,,,,,
,,,,,,,,,,,,,,,,,,,,,,,,,,,,,,,,,,,,,,,,,,,,,,,,,,,,,,,,,,,,,,,,,,,,
,,,,,,,,,,,,,,,,,,,,,,,,,,,,,,,,,,,,,,,,,,,,,,,,,,,,,,,,,,,,,,,,,,,,
,,,,,,,,,,,,,,,,,,,,,,,,,,,,,,,,,,,,,,,,,,,,,,,,,,,,,,,,,,,,,,,,,,,,
,,,,,,,,,,,,,,,,,,,,,,,,,,,,,,,,,,,,,,,,,,,,,,,,,,,,,,,,,,,,,,,,,,,,
,,,,,,,,,,,,,,,,,,,,,,,,,,,,,,,,,,,,,,,,,,,,,,,,,,,,,,,,,,,,,,,,,,,,
,,,,,,,,,,,,,,,,,,,,,,,,,,,,,,,,,,,,,,,,,,,,,,,,,,,,,,,,,,,,,,,,,,,,
,,,,,,,,,,,,,,,,,,,,,,,,,,,,,,,,,,,,,,,,,,,,,,,,,,,,,,,,,,,,,,,,,,,,
,,,,,,,,,,,,,,,,,,,,,,,,,,,,,,,,,,,,,,,,,,,,,,,,,,,,,,,,,,,,,,,,,,,,
,,,,,,,,,,,,,,,,,,,,,,,,,,,,,,,,,,,,,,,,,,,,,,,,,,,,,,,,,,,,,,,,,,,,
,,,,,,,,,,,,,,,,,,,,,,,,,,,,,,,,,,,,,,,,,,,,,,,,,,,,,,,,,,,,,,,,,,,,
,,,,,,,,,,,,,,,,,,,,,,,,,,,,,,,,,,,,,,,,,,,,,,,,,,,,,,,,,,,,,,,,,,,,
,,,,,,,,,,,,,,,,,,,,,,,,,,,,,,,,,,,,,,,,,,,,,,,,,,,,,,,,,,,,,,,,,,,,
,,,,,,,,,,,,,,,,,,,,,,,,,,,,,,,,,,,,,,,,,,,,,,,,,,,,,,,,,,,,,,,,,,,,
,,,,,,,,,,,,,,,,,,,,,,,,,,,,,,,,,,,,,,,,,,,,,,,,,,,,,,,,,,,,,,,,,,,,
,,,,,,,,,,,,,,,,,,,,,,,,,,,,,,,,,,,,,,,,,,,,,,,,,,,,,,,,,,,,,,,,,,,,
,,,,,,,,,,,,,,,,,,,,,,,,,,,,,,,,,,,,,,,,,,,,,,,,,,,,,,,,,,,,,,,,,,,,
,,,,,,,,,,,,,,,,,,,,,,,,,,,,,,,,,,,,,,,,,,,,,,,,,,,,,,,,,,,,,,,,,,,,
,,,,,,,,,,,,,,,,,,,,,,,,,,,,,,,,,,,,,,,,,,,,,,,,,,,,,,,,,,,,,,,,,,,,
,,,,,,,,,,,,,,,,,,,,,,,,,,,,,,,,,,,,,,,,,,,,,,,,,,,,,,,,,,,,,,,,,,,,
,,,,,,,,,,,,,,,,,,,,,,,,,,,,,,,,,,,,,,,,,,,,,,,,,,,,,,,,,,,,,,,,,,,,
,,,,,,,,,,,,,,,,,,,,,,,,,,,,,,,,,,,,,,,,,,,,,,,,,,,,,,,,,,,,,,,,,,,,
,,,,,,,,,,,,,,,,,,,,,,,,,,,,,,,,,,,,,,,,,,,,,,,,,,,,,,,,,,,,,,,,,,,,
,,,,,,,,,,,,,,,,,,,,,,,,,,,,,,,,,,,,,,,,,,,,,,,,,,,,,,,,,,,,,,,,,,,,
,,,,,,,,,,,,,,,,,,,,,,,,,,,,,,,,,,,,,,,,,,,,,,,,,,,,,,,,,,,,,,,,,,,,
,,,,,,,,,,,,,,,,,,,,,,,,,,,,,,,,,,,,,,,,,,,,,,,,,,,,,,,,,,,,,,,,,,,,
,,,,,,,,,,,,,,,,,,,,,,,,,,,,,,,,,,,,,,,,,,,,,,,,,,,,,,,,,,,,,,,,,,,,
,,,,,,,,,,,,,,,,,,,,,,,,,,,,,,,,,,,,,,,,,,,,,,,,,,,,,,,,,,,,,,,,,,,,
,,,,,,,,,,,,,,,,,,,,,,,,,,,,,,,,,,,,,,,,,,,,,,,,,,,,,,,,,,,,,,,,,,,,
,,,,,,,,,,,,,,,,,,,,,,,,,,,,,,,,,,,,,,,,,,,,,,,,,,,,,,,,,,,,,,,,,,,,
,,,,,,,,,,,,,,,,,,,,,,,,,,,,,,,,,,,,,,,,,,,,,,,,,,,,,,,,,,,,,,,,,,,,
,,,,,,,,,,,,,,,,,,,,,,,,,,,,,,,,,,,,,,,,,,,,,,,,,,,,,,,,,,,,,,,,,,,,
,,,,,,,,,,,,,,,,,,,,,,,,,,,,,,,,,,,,,,,,,,,,,,,,,,,,,,,,,,,,,,,,,,,,
,,,,,,,,,,,,,,,,,,,,,,,,,,,,,,,,,,,,,,,,,,,,,,,,,,,,,,,,,,,,,,,,,,,,
,,,,,,,,,,,,,,,,,,,,,,,,,,,,,,,,,,,,,,,,,,,,,,,,,,,,,,,,,,,,,,,,,,,,
