Account ID,Org Name,Supply ID,Supply name,D-A5 Length of pipe in network (km),D-A5 Reason not available,D-A6 Number of drinking water abstraction points,D-A6 Reason not available,D-A7 Main drinking water network source type,D-A7 Comments,D-EH1.1 Number of residential connections,D-EH1.1 Reason not available,D-EH1.1 Method of determining connections,D-EH1.1 Comments,D-EH1.2 Number of residential units,D-EH1.2 Reason not available,D-EH1.2 Method of determining units,D-EH1.2 Comments,D-EH2.1 Number of non-residential connections,D-EH2.1 Reason not available,D-EH2.1 Method of determining connections,D-EH2.1 Comments,D-EH2.2 Number of non-residential units,D-EH2.2 Reason not available,D-EH2.2 Method of determining units,D-EH2.2 Comments,D-EH3 Total population served,D-EH3 Reason not available,D-A5 to D-EH3 Data confidence,D-EH4 Total volume of water supplied to network (m3/year),D-EH4 Reason not available,D-EH7 Volume of non-residential water use (m3/year),D-EH7 Reason not available,D-EH4 and D-EH7 Data confidence,D-EH8 Number of resource consents held,D-EH8 Reason not available,D-EH8 Data confidence,D-EH17 Amount of sludge produced (tonnes/year),D-EH17 Reason not available,D-EH20.1 Disposal route for sludge,D-EH20.1 Comments,D-EH20.1 Reason not available,D-EH18 Amount of backwash water used (m3/year),D-EH18 Reason not available,D-EH20.2 Disposal route for backwash water,D-EH20.2 Comments,D-EH20.2 Reason not available,D-EH19 Amount of screenings removed (tonnes/year),D-EH19 Reason not available,D-EH20.3 Disposal route for screenings,D-EH20.3 Comments,D-EH20.3 Reason not available,D-EH17 to D-EH20.3 Data confidence,D-EH21 Fish passage impeded assessment,D-EH21 Comments,D-EH22 Processes to prevent fish ingress,D-EH22 Comments,D-EH21 to D-EH22 Data confidence,D-R15 Average system pressure (kPa),D-R15 Reason not available,D-R16 Reference level for water pressure set?,D-R17 Reference level for water pressure (kPa),D-R17 Reason not available,D-R18 Number of properties below reference pressure level,D-R18 Reason not available,D-R15 to D-R18 Data confidence,D-RE1 Total drinking water loss across network (m3/year),D-RE1 Includes private water loss?,D-RE1 Reason not available,D-RE2.1 Current annual real loss - CARL (m3/year),D-RE2.1 Reason not available,D-RE2.2 Unavoidable annual real losses - UARL (m3/year),D-RE2.2 Reason not available,D-RE3 Infrastructure leakage index - ILI,D-RE1 to D-RE3 Data confidence,D-RE4 Median residential water consumption (L/connection/day),D-RE4 Reason not available,D-RE4 Data confidence
ACC-00008585,Ashburton District Council,ASH003,Ashburton,242,,8,,Bore,,9734,,Other (Please identify in the comments section),Rates - total charges/SUIDs,9558,,Other (Please identify in the comments section),Unbilled plus billed rural residential connections,877,,Number of connections known,,877,,Number of metered connections,,20450,,4 - Reliable,5413672,,516789,,4 - Reliable,3,,5 - Highly Reliable,0,,Measure Not Applicable,,,,Measure Not Applicable,Measure Not Applicable,,Measure Not Applicable,0,Measure Not Applicable,Measure Not Applicable,,,5 - Highly Reliable,Measure Not Applicable,,Measure Not Applicable,,5 - Highly Reliable,400,,Yes,250,,,Data Not Available,2 - Uncertain,2192000,No,,2175000,,177340,,12.26,3 - Less Reliable,607,,3 - Less Reliable
ACC-00008585,Ashburton District Council,CHE002,Chertsey,10,,1,,Bore,,89,,Other (Please identify in the comments section),Rates - total charges/SUIDs,89,,Other (Please identify in the comments section),Unbilled plus billed rural residential connections,0,,Number of connections known,,0,,Number of metered connections,,210,,4 - Reliable,36316,,0,,4 - Reliable,1,,5 - Highly Reliable,0,,Measure Not Applicable,,,,Measure Not Applicable,Measure Not Applicable,,Measure Not Applicable,0,Measure Not Applicable,Measure Not Applicable,,,5 - Highly Reliable,Measure Not Applicable,,Measure Not Applicable,,5 - Highly Reliable,340,,Yes,250,,,Data Not Available,2 - Uncertain,7665,Yes,,,Data Not Available,3504,,2.5,3 - Less Reliable,590,,3 - Less Reliable
ACC-00008585,Ashburton District Council,DRO001,Dromore,24,,1,,Bore,,35,,Other (Please identify in the comments section),Rates - total charges/SUIDs,35,,Other (Please identify in the comments section),Same as connections,0,,Number of connections known,,0,,Other (Please identify in the comments section),Same as connections,100,,4 - Reliable,67646,,0,,4 - Reliable,1,,5 - Highly Reliable,0,,Measure Not Applicable,,,,Measure Not Applicable,Measure Not Applicable,,Measure Not Applicable,0,Measure Not Applicable,Measure Not Applicable,,,5 - Highly Reliable,Measure Not Applicable,,Measure Not Applicable,,5 - Highly Reliable,250,,Yes,250,,,Data Not Available,2 - Uncertain,45260,Yes,,,Data Not Available,4117,,11,3 - Less Reliable,,Data Not Available,1 - Very Uncertain
ACC-00008585,Ashburton District Council,HAK001,Hakatere,2,,1,,Bore,,109,,Other (Please identify in the comments section),Rates - total charges/SUIDs,109,,Other (Please identify in the comments section),Same as connections,0,,Number of connections known,,0,,Other (Please identify in the comments section),Same as connections,270,,4 - Reliable,15943,,0,,4 - Reliable,1,,5 - Highly Reliable,0,,Measure Not Applicable,,,2800,,Other (Please identify in the comments section),Transferred to Ashburton wastewater treatment plant; ultimately to land,,0,Measure Not Applicable,Measure Not Applicable,,,5 - Highly Reliable,Measure Not Applicable,,Measure Not Applicable,,5 - Highly Reliable,290,,Yes,250,,,Data Not Available,2 - Uncertain,730,Yes,,,Data Not Available,1314,,0.6,3 - Less Reliable,,Data Not Available,1 - Very Uncertain
ACC-00008585,Ashburton District Council,HIN001,Hinds,8,,1,,Bore,,144,,Number of metered connections,Rates - total charges/SUIDs,144,,Number of connections known,Unbilled plus billed rural residential connections,21,,Number of connections known,,18,,Number of metered connections,,340,,4 - Reliable,94040,,10632,,4 - Reliable,1,,5 - Highly Reliable,0,,Measure Not Applicable,,,,Measure Not Applicable,Measure Not Applicable,,Measure Not Applicable,0,Measure Not Applicable,Measure Not Applicable,,,5 - Highly Reliable,Measure Not Applicable,,Measure Not Applicable,,5 - Highly Reliable,350,,Yes,250,,,Data Not Available,2 - Uncertain,28063,No,,26179,,3448,,7.59,4 - Reliable,533,,4 - Reliable
ACC-00008585,Ashburton District Council,MAY001,Mayfield,4,,1,,Bore,,69,,Number of metered connections,,69,,Number of connections known,,14,,Number of connections known,,14,,Other (Please identify in the comments section),Same as connections,150,,4 - Reliable,24972.4,,7569,,4 - Reliable,1,,5 - Highly Reliable,0,,Measure Not Applicable,,,,Measure Not Applicable,Measure Not Applicable,,Measure Not Applicable,0,Measure Not Applicable,Measure Not Applicable,,,5 - Highly Reliable,Measure Not Applicable,,Measure Not Applicable,,5 - Highly Reliable,330,,Yes,250,,,Data Not Available,2 - Uncertain,2408,No,,1932,,1730,,2.2,4 - Reliable,395,,4 - Reliable
ACC-00008585,Ashburton District Council,MET001,Methven,47,,1,,Infiltration gallery,,1342,,Other (Please identify in the comments section),Rates - total charges/SUIDs,1105,,Other (Please identify in the comments section),Unbilled plus billed rural residential connections,237,,Number of connections known,,237,,Number of metered connections,,2330,,4 - Reliable,1057215,,248759,,4 - Reliable,3,,5 - Highly Reliable,0,,Measure Not Applicable,,,45313,,Land,Soakage basins,,0,Measure Not Applicable,Land,Backwashed to soakage basins,,5 - Highly Reliable,Measure Not Applicable,,Measure Not Applicable,,5 - Highly Reliable,340,,Yes,250,,,Data Not Available,2 - Uncertain,561700,No,,550900,,53470,,10.3,3 - Less Reliable,380,,4 - Reliable
ACC-00008585,Ashburton District Council,MON001,Montalto,149,,2,,River/stream/creek,,35,,Other (Please identify in the comments section),Rates - total charges/SUIDs less non-res billed,35,,Other (Please identify in the comments section),Same as connections,0,,Number of connections known,,15,,Other (Please identify in the comments section),,90,,4 - Reliable,306495,,0,,4 - Reliable,1,,5 - Highly Reliable,0,,Measure Not Applicable,,,,Measure Not Applicable,Measure Not Applicable,,Measure Not Applicable,0,Measure Not Applicable,Measure Not Applicable,,,5 - Highly Reliable,Yes,,Yes,,5 - Highly Reliable,200,,Yes,250,,,Data Not Available,2 - Uncertain,,,Data Not Available,,Data Not Available,,Data Not Available,,1 - Very Uncertain,,Data Not Available,1 - Very Uncertain
ACC-00008585,Ashburton District Council,MTS001,Mt Somers,14,,1,,Infiltration gallery,,123,,Other (Please identify in the comments section),Rates - total charges/SUIDs less non-res billed,123,,Other (Please identify in the comments section),Same as connections,15,,Number of connections known,,15,,Other (Please identify in the comments section),Same as connections,330,,4 - Reliable,55120,,8242,,4 - Reliable,2,,5 - Highly Reliable,0,,Measure Not Applicable,,,6411,,Land,Soakage basins,,0,Measure Not Applicable,Land,Backwashed to soakage basins,,5 - Highly Reliable,Measure Not Applicable,,Measure Not Applicable,,5 - Highly Reliable,380,,Yes,250,,,Data Not Available,2 - Uncertain,21170,Yes,,,Data Not Available,4993,,4.2,3 - Less Reliable,341,,3 - Less Reliable
ACC-00008585,Ashburton District Council,RAK001,Rakaia,16,,1,,Bore,,638,,Other (Please identify in the comments section),Rates - total charges/SUIDs,559,,Other (Please identify in the comments section),Unbilled plus billed rural residential connections,79,,Number of connections known,,79,,Number of metered connections,,1340,,4 - Reliable,266165,,33301,,4 - Reliable,1,,5 - Highly Reliable,0,,Measure Not Applicable,,,,Measure Not Applicable,Measure Not Applicable,,Measure Not Applicable,0,Measure Not Applicable,Measure Not Applicable,,,5 - Highly Reliable,Measure Not Applicable,,Measure Not Applicable,,5 - Highly Reliable,340,,Yes,250,,,Data Not Available,2 - Uncertain,114610,Yes,,114208,,402,,11.5,3 - Less Reliable,490,,3 - Less Reliable
ACC-00008580,Auckland Council,ATI003,Atiu Creek Regional Park,,Measure Not Applicable,1,,Lake,,6,,Number of metered connections,,2,,Number of connections known,,2,,Number of connections known,,,Measure Not Applicable,,,400,,2 - Uncertain,,,,Data Not Available,5 - Highly Reliable,1,,,,Measure Not Applicable,,,Measure Not Applicable,,Data Not Available,Land,Discharge not directly measured,,,Measure Not Applicable,,,Measure Not Applicable,4 - Reliable,No,,No,,5 - Highly Reliable,,Measure Not Applicable,No,,Measure Not Applicable,,Measure Not Applicable,5 - Highly Reliable,,,Measure Not Applicable,,Measure Not Applicable,,Measure Not Applicable,,5 - Highly Reliable,,Measure Not Applicable,5 - Highly Reliable
ACC-00008580,Auckland Council,AWH300,Awhitu Regional Park,,Measure Not Applicable,1,,Bore,,6,,Number of metered connections,,0,,Number of connections known,,0,,Number of connections known,,,Data Not Available,,,400,,2 - Uncertain,9074,,,Data Not Available,5 - Highly Reliable,1,,,,Measure Not Applicable,,,Measure Not Applicable,,Data Not Available,Land,Discharge not directly measured,,,Measure Not Applicable,,,Measure Not Applicable,4 - Reliable,No,,No,,5 - Highly Reliable,,Measure Not Applicable,No,,Measure Not Applicable,,Measure Not Applicable,5 - Highly Reliable,,,Measure Not Applicable,,Measure Not Applicable,,Measure Not Applicable,,5 - Highly Reliable,,Measure Not Applicable,5 - Highly Reliable
ACC-00008580,Auckland Council,MAH003,Mahurangi Regional Park,,Measure Not Applicable,1,,Bore,,5,,Number of metered connections,,3,,Number of connections known,,3,,Number of connections known,,,Measure Not Applicable,,,400,,2 - Uncertain,3319,,,Data Not Available,5 - Highly Reliable,1,,,,Measure Not Applicable,,,Measure Not Applicable,,Data Not Available,Land,Discharge not directly measured,,,Measure Not Applicable,,,Measure Not Applicable,4 - Reliable,No,,No,,5 - Highly Reliable,,Measure Not Applicable,No,,Measure Not Applicable,,Measure Not Applicable,5 - Highly Reliable,,,Measure Not Applicable,,Measure Not Applicable,,Measure Not Applicable,,5 - Highly Reliable,,Measure Not Applicable,5 - Highly Reliable
ACC-00008580,Auckland Council,MAR007,Martins Bay Holiday Camp,,Measure Not Applicable,1,,Bore,,6,,Number of metered connections,,7,,Number of connections known,,7,,Number of connections known,,,Measure Not Applicable,,,400,,2 - Uncertain,5119,,,Data Not Available,5 - Highly Reliable,,,,,Measure Not Applicable,,,Measure Not Applicable,,Data Not Available,Land,Discharge not directly measured,,,Measure Not Applicable,,,Measure Not Applicable,4 - Reliable,No,,No,,5 - Highly Reliable,,Measure Not Applicable,No,,Measure Not Applicable,,Measure Not Applicable,5 - Highly Reliable,,,Measure Not Applicable,,Measure Not Applicable,,Measure Not Applicable,,5 - Highly Reliable,,Measure Not Applicable,5 - Highly Reliable
ACC-00008580,Auckland Council,MIL008,Mill Bay,,Measure Not Applicable,1,,Other (Please identify in the comments section),linked supply,0,,Number of metered connections,,4,,Number of connections known,,4,,Number of connections known,,,Measure Not Applicable,,,400,,2 - Uncertain,,Data Not Available,,Data Not Available,5 - Highly Reliable,,,,,Measure Not Applicable,,,Measure Not Applicable,,,,,Measure Not Applicable,,Measure Not Applicable,,,Measure Not Applicable,4 - Reliable,No,,No,,5 - Highly Reliable,,Measure Not Applicable,No,,Measure Not Applicable,,Measure Not Applicable,5 - Highly Reliable,,,Measure Not Applicable,,Measure Not Applicable,,Measure Not Applicable,,5 - Highly Reliable,,Measure Not Applicable,5 - Highly Reliable
ACC-00008580,Auckland Council,MUR008,Muriwai Regional Park,,Measure Not Applicable,1,,Other (Please identify in the comments section),linked supply,7,,Number of metered connections,,4,,Number of connections known,,4,,Number of connections known,,,Measure Not Applicable,,,400,,2 - Uncertain,,Data Not Available,,Data Not Available,5 - Highly Reliable,,,,,Measure Not Applicable,,,Measure Not Applicable,,,,,Measure Not Applicable,,Measure Not Applicable,,,Measure Not Applicable,4 - Reliable,No,,No,,5 - Highly Reliable,,Measure Not Applicable,No,,Measure Not Applicable,,Measure Not Applicable,5 - Highly Reliable,,,Measure Not Applicable,,Measure Not Applicable,,Measure Not Applicable,,5 - Highly Reliable,,Measure Not Applicable,5 - Highly Reliable
ACC-00008580,Auckland Council,OMA015,Omana Regional Park,,Measure Not Applicable,1,,Bore,,2,,Number of metered connections,,3,,Number of connections known,,3,,Number of connections known,,,Measure Not Applicable,,,400,,2 - Uncertain,3459,,,Data Not Available,5 - Highly Reliable,,,,,Measure Not Applicable,,,Measure Not Applicable,,Data Not Available,Land,Discharge not directly measured,,,Measure Not Applicable,,,Measure Not Applicable,4 - Reliable,No,,No,,5 - Highly Reliable,,Measure Not Applicable,No,,Measure Not Applicable,,Measure Not Applicable,5 - Highly Reliable,,,Measure Not Applicable,,Measure Not Applicable,,Measure Not Applicable,,5 - Highly Reliable,,Measure Not Applicable,5 - Highly Reliable
ACC-00008580,Auckland Council,PIH300,Piha Domain Campground,,Measure Not Applicable,1,,Bore,,5,,Number of metered connections,,2,,Number of connections known,,2,,Number of connections known,,,Measure Not Applicable,,,400,,2 - Uncertain,5529,,,Data Not Available,5 - Highly Reliable,,,,,Measure Not Applicable,,,Measure Not Applicable,,Data Not Available,Land,Discharge not directly measured,,,Measure Not Applicable,,,Measure Not Applicable,4 - Reliable,No,,No,,5 - Highly Reliable,,Measure Not Applicable,No,,Measure Not Applicable,,Measure Not Applicable,5 - Highly Reliable,,,Measure Not Applicable,,Measure Not Applicable,,Measure Not Applicable,,5 - Highly Reliable,,Measure Not Applicable,5 - Highly Reliable
ACC-00008580,Auckland Council,SCA002,Scandrett Regional Park,,Measure Not Applicable,1,,Bore,,4,,Number of metered connections,,1,,Number of connections known,,1,,Number of connections known,,,Measure Not Applicable,,,400,,2 - Uncertain,900,,,Data Not Available,5 - Highly Reliable,,,,,Measure Not Applicable,,,Measure Not Applicable,,Data Not Available,Land,Discharge not directly measured,,,Measure Not Applicable,,,Measure Not Applicable,4 - Reliable,No,,No,,5 - Highly Reliable,,Measure Not Applicable,No,,Measure Not Applicable,,Measure Not Applicable,5 - Highly Reliable,,,Measure Not Applicable,,Measure Not Applicable,,Measure Not Applicable,,5 - Highly Reliable,,Measure Not Applicable,5 - Highly Reliable
ACC-00008580,Auckland Council,SHA002,Shakespear Regional Park,,Measure Not Applicable,1,,Other (Please identify in the comments section),linked supply,4,,Number of metered connections,,4,,Number of connections known,,,,Number of connections known,,,Measure Not Applicable,,,400,,2 - Uncertain,3308,,,Data Not Available,5 - Highly Reliable,,,,,Measure Not Applicable,,,Measure Not Applicable,,,,,Measure Not Applicable,,Measure Not Applicable,,,Measure Not Applicable,4 - Reliable,No,,No,,5 - Highly Reliable,,Measure Not Applicable,No,,Measure Not Applicable,,Measure Not Applicable,5 - Highly Reliable,,,Measure Not Applicable,,Measure Not Applicable,,Measure Not Applicable,,5 - Highly Reliable,,Measure Not Applicable,5 - Highly Reliable
ACC-00008580,Auckland Council,TAP007,Tapapakanga Regional Park,,Measure Not Applicable,1,,Bore,,2,,Number of metered connections,,4,,Number of connections known,,4,,Number of connections known,,,Measure Not Applicable,,,400,,2 - Uncertain,9673,,,Data Not Available,5 - Highly Reliable,,,,,Measure Not Applicable,,,Measure Not Applicable,,Data Not Available,Land,Discharge not directly measured,,,Measure Not Applicable,,,Measure Not Applicable,4 - Reliable,No,,No,,5 - Highly Reliable,,Measure Not Applicable,No,,Measure Not Applicable,,Measure Not Applicable,5 - Highly Reliable,,,Measure Not Applicable,,Measure Not Applicable,,Measure Not Applicable,,5 - Highly Reliable,,Measure Not Applicable,5 - Highly Reliable
ACC-00008580,Auckland Council,TAW001,Tawharanui Regional Park,,Measure Not Applicable,1,,Bore,,4,,Number of metered connections,,4,,Number of connections known,,4,,Number of connections known,,,Measure Not Applicable,,,400,,2 - Uncertain,4432,,,Data Not Available,5 - Highly Reliable,,,,,Measure Not Applicable,,,Measure Not Applicable,,Data Not Available,Land,Discharge not directly measured,,,Measure Not Applicable,,,Measure Not Applicable,4 - Reliable,No,,No,,5 - Highly Reliable,,Measure Not Applicable,No,,Measure Not Applicable,,Measure Not Applicable,5 - Highly Reliable,,,Measure Not Applicable,,Measure Not Applicable,,Measure Not Applicable,,5 - Highly Reliable,,Measure Not Applicable,5 - Highly Reliable
ACC-00008580,Auckland Council,WAH002,Waharau Regional Park,,Measure Not Applicable,1,,Bore,,3,,Number of metered connections,,6,,Number of connections known,,6,,Number of connections known,,,Measure Not Applicable,,,400,,2 - Uncertain,5095,,,Data Not Available,5 - Highly Reliable,,,,,Measure Not Applicable,,,Measure Not Applicable,,Data Not Available,Land,Discharge not directly measured,,,Measure Not Applicable,,,Measure Not Applicable,4 - Reliable,No,,No,,5 - Highly Reliable,,Measure Not Applicable,No,,Measure Not Applicable,,Measure Not Applicable,5 - Highly Reliable,,,Measure Not Applicable,,Measure Not Applicable,,Measure Not Applicable,,5 - Highly Reliable,,Measure Not Applicable,5 - Highly Reliable
ACC-00008580,Auckland Council,WAI222,Waitawa Regional Park,,Measure Not Applicable,2,,Bore,,5,,Number of metered connections,,3,,Number of connections known,,3,,Number of connections known,,,Measure Not Applicable,,,400,,2 - Uncertain,3552,,,Data Not Available,5 - Highly Reliable,,,,,Measure Not Applicable,,,Measure Not Applicable,,Data Not Available,Land,Discharge not directly measured,,,Measure Not Applicable,,,Measure Not Applicable,4 - Reliable,No,,No,,5 - Highly Reliable,,Measure Not Applicable,No,,Measure Not Applicable,,Measure Not Applicable,5 - Highly Reliable,,,Measure Not Applicable,,Measure Not Applicable,,Measure Not Applicable,,5 - Highly Reliable,,Measure Not Applicable,5 - Highly Reliable
ACC-00008580,Auckland Council,WHA018,Whangateau Camping Ground,,Measure Not Applicable,1,,Other (Please identify in the comments section),Tankered in,3,,Number of metered connections,,2,,Number of connections known,,2,,Number of connections known,,,Measure Not Applicable,,,400,,2 - Uncertain,3000,,,Data Not Available,5 - Highly Reliable,,,,,Measure Not Applicable,,,Measure Not Applicable,,,,,,,,,,,,,,,,,,,,,,,,,,,,,,,,,,,,
ACC-00008498,Buller District Council,INA002,Inangahua Junction,24.34,,1,,Bore,,4,,Other (Please identify in the comments section),No. of Tobys less non-residential connections,22,,Other (Please identify in the comments section),Rateable residential propertiels with water,10,,Other (Please identify in the comments section),1 connection to 1 non-residential assumed,10,,Other (Please identify in the comments section),Rateable non-residential propertiels with water,100,,3 - Less Reliable,10851.8,,,Data Not Available,4 - Reliable,1,,5 - Highly Reliable,,Measure Not Applicable,,,Measure Not Applicable,,Measure Not Applicable,,,Measure Not Applicable,,Measure Not Applicable,Measure Not Applicable,,,3 - Less Reliable,Measure Not Applicable,,Measure Not Applicable,,5 - Highly Reliable,,Measure Not Applicable,No,,Measure Not Applicable,,Measure Not Applicable,5 - Highly Reliable,,,Data Not Available,,Data Not Available,,Data Not Available,,4 - Reliable,399,,2 - Uncertain
ACC-00008498,Buller District Council,LIT003,Little Wanganui,2.08,,1,,River/stream/creek,,20,,Other (Please identify in the comments section),No. of Tobys less non-residential connections,78,,Other (Please identify in the comments section),Rateable residential propertiels with water,4,,Other (Please identify in the comments section),1 connection to 1 non-residential assumed,4,,Other (Please identify in the comments section),Rateable non-residential propertiels with water,50,,3 - Less Reliable,,Data Not Available,,Data Not Available,4 - Reliable,1,,5 - Highly Reliable,,Measure Not Applicable,,,Measure Not Applicable,,Measure Not Applicable,,,Measure Not Applicable,,Measure Not Applicable,Measure Not Applicable,,,5 - Highly Reliable,No,,No,,4 - Reliable,,Measure Not Applicable,No,,Measure Not Applicable,,Measure Not Applicable,5 - Highly Reliable,,,Data Not Available,,Data Not Available,,Data Not Available,,4 - Reliable,,Data Not Available,4 - Reliable
ACC-00008498,Buller District Council,MOK001,Mokihinui,2.43,,2,,River/stream/creek,,20,,Other (Please identify in the comments section),No. of Tobys less non-residential connections,38,,Other (Please identify in the comments section),Rateable residential propertiels with water,4,,Other (Please identify in the comments section),1 connection to 1 non-residential assumed,4,,Other (Please identify in the comments section),Rateable non-residential propertiels with water,100,,3 - Less Reliable,,Data Not Available,,Data Not Available,4 - Reliable,1,,5 - Highly Reliable,,Measure Not Applicable,,,Measure Not Applicable,,Measure Not Applicable,,,Measure Not Applicable,,Measure Not Applicable,Measure Not Applicable,,,5 - Highly Reliable,No,,No,,4 - Reliable,,Measure Not Applicable,No,,Measure Not Applicable,,Measure Not Applicable,5 - Highly Reliable,,,Data Not Available,,Data Not Available,,Data Not Available,,4 - Reliable,,Data Not Available,4 - Reliable
ACC-00008498,Buller District Council,PUN001,Punakaiki,5.67,,1,,River/stream/creek,,23,,Other (Please identify in the comments section),No. of Tobys less non-residential connections,65,,Other (Please identify in the comments section),Rateable residential propertiels with water,7,,Other (Please identify in the comments section),1 connection to 1 non-residential assumed,7,,Other (Please identify in the comments section),Rateable non-residential propertiels with water,230,,3 - Less Reliable,21280.72,,,Data Not Available,4 - Reliable,1,,5 - Highly Reliable,,Measure Not Applicable,,,Measure Not Applicable,,Data Not Available,Land,Backwash disposed of via surface water channel into highway drain,,,Measure Not Applicable,Measure Not Applicable,,,3 - Less Reliable,No,,No,,4 - Reliable,250,,No,,Measure Not Applicable,,Measure Not Applicable,3 - Less Reliable,,,Data Not Available,,Data Not Available,,Data Not Available,,4 - Reliable,250,,3 - Less Reliable
ACC-00008498,Buller District Council,REE001,Reefton,30.98,,1,,Bore,,516,,Other (Please identify in the comments section),No. of Tobys less non-residential connections,497,,Other (Please identify in the comments section),Rateable residential propertiels with water,105,,Other (Please identify in the comments section),1 connection to 1 non-residential assumed,105,,Other (Please identify in the comments section),Rateable non-residential propertiels with water,951,,3 - Less Reliable,355383.03,,,Data Not Available,4 - Reliable,1,,5 - Highly Reliable,,Measure Not Applicable,,,Measure Not Applicable,,Data Not Available,Other (Please identify in the comments section),Backwash water disposed of into the sewer network (backwash is infrequent),,,Measure Not Applicable,Measure Not Applicable,,,3 - Less Reliable,Measure Not Applicable,,Measure Not Applicable,,5 - Highly Reliable,,Measure Not Applicable,No,,Measure Not Applicable,,Measure Not Applicable,5 - Highly Reliable,,,Data Not Available,,Data Not Available,,Data Not Available,,4 - Reliable,1005,,3 - Less Reliable
ACC-00008498,Buller District Council,WAI001,Waimangaroa,12.49,,2,,River/stream/creek,,61,,Other (Please identify in the comments section),No. of Tobys less non-residential connections,86,,Other (Please identify in the comments section),Rateable residential propertiels with water,36,,Other (Please identify in the comments section),1 connection to 1 non-residential assumed,36,,Other (Please identify in the comments section),Rateable non-residential propertiels with water,300,,3 - Less Reliable,,Data Not Available,,Data Not Available,4 - Reliable,2,,5 - Highly Reliable,,Measure Not Applicable,,,Measure Not Applicable,,Measure Not Applicable,,,Measure Not Applicable,,Measure Not Applicable,Measure Not Applicable,,,5 - Highly Reliable,No,,No,,4 - Reliable,,Measure Not Applicable,No,,Measure Not Applicable,,Measure Not Applicable,5 - Highly Reliable,,,Data Not Available,,Data Not Available,,Data Not Available,,4 - Reliable,593,,2 - Uncertain
ACC-00008498,Buller District Council,WES001,Westport,124.62,,1,,River/stream/creek,,2044,,Other (Please identify in the comments section),No. of Tobys less non-residential connections,2261,,Other (Please identify in the comments section),Rateable residential propertiels with water,432,,Other (Please identify in the comments section),1 connection to 1 non-residential assumed,432,,Other (Please identify in the comments section),Rateable non-residential propertiels with water,4974,,3 - Less Reliable,1296695,,,Data Not Available,2 - Uncertain,2,,5 - Highly Reliable,,Measure Not Applicable,,,Measure Not Applicable,26620,,Other (Please identify in the comments section),Suction is used to remove the sediment from the bottom of the backwash pond and send away,,,Measure Not Applicable,Measure Not Applicable,,,4 - Reliable,Yes,,No,,4 - Reliable,800,,Yes,700,,,Measure Not Applicable,3 - Less Reliable,338300,Yes,,323300,,116370,,2.79,2 - Uncertain,687,,3 - Less Reliable
ACC-00001075,Carterton District Council,CAR001,Carterton,95,,4,,Bore,,2812,,Number of metered connections,,2812,,Other (Please identify in the comments section),rating units,230,,Other (Please identify in the comments section),"review of rating information, restidential compared to commercial...",,Data Not Available,,,5856,,4 - Reliable,840483,,67238,,3 - Less Reliable,2,,5 - Highly Reliable,,Measure Not Applicable,,,Measure Not Applicable,,Data Not Available,Land,"Backwash is to a natural stream through wetlands, or bag filters to landfill",,,Data Not Available,Land,,Data Not Available,3 - Less Reliable,Yes,,Yes,,4 - Reliable,580,,No,,Data Not Available,,Data Not Available,3 - Less Reliable,171525,No,,147500,,94960,,1.55,4 - Reliable,163,,4 - Reliable
ACC-00001635,Central Hawke's Bay District Council,KAI012,Kairakau Beach,3,,2,,Bore,,81,,Estimation by residential buildings,,81,,Number of connections known,,47,,Number of connections known,,47,,Number of connections known,,203,,4 - Reliable,17147,,,Data Not Available,1 - Very Uncertain,2,,5 - Highly Reliable,,Data Not Available,Other (Please identify in the comments section),Tankered to WWTP,,,Data Not Available,Other (Please identify in the comments section),Tankered to WWTP,,,Data Not Available,Landfill,,,5 - Highly Reliable,Measure Not Applicable,,Measure Not Applicable,,5 - Highly Reliable,17,,No,,Data Not Available,,Data Not Available,1 - Very Uncertain,,,Data Not Available,,Data Not Available,,Data Not Available,,1 - Very Uncertain,,Data Not Available,1 - Very Uncertain
ACC-00001635,Central Hawke's Bay District Council,POR003,Porangahau,16,,1,,Bore,,73,,Estimation by residential buildings,,73,,Number of connections known,,25,,Number of connections known,,25,,Number of connections known,,138,,4 - Reliable,70781,,,Data Not Available,1 - Very Uncertain,1,,5 - Highly Reliable,,Data Not Available,Measure Not Applicable,,,,Data Not Available,Other (Please identify in the comments section),Discharge to Wastewater network,,,Data Not Available,Landfill,,,5 - Highly Reliable,Measure Not Applicable,,Measure Not Applicable,,5 - Highly Reliable,40,,No,,Data Not Available,,Data Not Available,1 - Very Uncertain,,,Data Not Available,,Data Not Available,,Data Not Available,,1 - Very Uncertain,,Data Not Available,1 - Very Uncertain
ACC-00001635,Central Hawke's Bay District Council,TAK001,Takapau,16,,1,,Bore,,221,,Estimation by residential buildings,,221,,Number of connections known,,81,,Number of connections known,,81,,Number of connections known,,432,,4 - Reliable,153721,,,Data Not Available,1 - Very Uncertain,1,,5 - Highly Reliable,,Data Not Available,Land,,,,Data Not Available,Measure Not Applicable,,,,Data Not Available,Landfill,,,5 - Highly Reliable,Measure Not Applicable,,Measure Not Applicable,,5 - Highly Reliable,18,,No,,Data Not Available,,Data Not Available,1 - Very Uncertain,,,Data Not Available,,Data Not Available,,Data Not Available,,1 - Very Uncertain,,Data Not Available,1 - Very Uncertain
ACC-00001635,Central Hawke's Bay District Council,WAI004,Waipukurau,84,,5,,Bore,,1894,,Estimation by residential buildings,,1894,,Number of connections known,,531,,Number of connections known,,531,,Number of connections known,,3275,,4 - Reliable,658191,,,Data Not Available,1 - Very Uncertain,1,,5 - Highly Reliable,,Data Not Available,Measure Not Applicable,,,,Data Not Available,Measure Not Applicable,,,,Data Not Available,Landfill,,,5 - Highly Reliable,Measure Not Applicable,,Measure Not Applicable,,5 - Highly Reliable,64,,No,,Data Not Available,,Data Not Available,1 - Very Uncertain,,,Data Not Available,,Data Not Available,,Data Not Available,,1 - Very Uncertain,,Data Not Available,1 - Very Uncertain
ACC-00001635,Central Hawke's Bay District Council,WAI005,Waipawa,84,,2,,Bore,,857,,Estimation by residential buildings,,857,,Number of connections known,,224,,Number of connections known,,224,,Number of connections known,,1439,,4 - Reliable,1690373,,,Data Not Available,1 - Very Uncertain,2,,5 - Highly Reliable,,Data Not Available,Measure Not Applicable,,,,Data Not Available,Measure Not Applicable,,,,Data Not Available,Landfill,,,5 - Highly Reliable,Measure Not Applicable,,Measure Not Applicable,,5 - Highly Reliable,35,,No,,Data Not Available,,Data Not Available,1 - Very Uncertain,,,Data Not Available,,Data Not Available,,Data Not Available,,1 - Very Uncertain,,Data Not Available,1 - Very Uncertain
ACC-00008538,Central Otago District Council,CRO001,Cromwell,180,,2,,Bore,,3893,,Number of metered connections,,,Data Not Available,,,736,,Number of metered connections,,,Data Not Available,,,8719,,4 - Reliable,2024460,,555215,,4 - Reliable,3,,5 - Highly Reliable,,Measure Not Applicable,Measure Not Applicable,No sludge removal or backwash performed,,0,Measure Not Applicable,Measure Not Applicable,,Measure Not Applicable,0,Measure Not Applicable,Measure Not Applicable,No screening performed,Measure Not Applicable,4 - Reliable,Measure Not Applicable,,Measure Not Applicable,,5 - Highly Reliable,650,,No,,Measure Not Applicable,,,4 - Reliable,221737,Yes,,183860,,128455,,1.4,4 - Reliable,655,,4 - Reliable
ACC-00008538,Central Otago District Council,LAK028,Lake Dunstan,142,,3,,Bore,,3734,,Number of metered connections,,,Data Not Available,,,457,,Number of metered connections,,,Data Not Available,,,7347,,4 - Reliable,2083545,,307772,,4 - Reliable,4,,5 - Highly Reliable,0,Data Not Available,Other (Please identify in the comments section),"Backwash of membranes only. Cleanwater to Clutha River - consented discharge
CIP Water to Alexandra Wastewater Treatment Plant",,52000,,Other (Please identify in the comments section),"Cleanwater to Clutha River
CIP Water to Alexandra Wastewater Treatment Plant",,0,Measure Not Applicable,,,,4 - Reliable,Measure Not Applicable,,Measure Not Applicable,,5 - Highly Reliable,650,,No,,Measure Not Applicable,,,4 - Reliable,643665,Yes,,612995,,105364,,5.5,4 - Reliable,685,,4 - Reliable
ACC-00008538,Central Otago District Council,NAS001,Naseby,11,,1,,River/stream/creek,,334,,Number of metered connections,,,Data Not Available,,,19,,Number of metered connections,,,Data Not Available,,,153,,4 - Reliable,35322,,8525,,4 - Reliable,0,,5 - Highly Reliable,0,Data Not Available,Other (Please identify in the comments section),Backwash discharges to the reticulated wastewater system,,5460,,Other (Please identify in the comments section),Naseby Wastewater Treatment Plant,,0,Measure Not Applicable,,,,3 - Less Reliable,Yes,,Yes,,5 - Highly Reliable,300,,No,,Measure Not Applicable,,,4 - Reliable,2741,Yes,,2057,,6056,,0.3,4 - Reliable,170,,4 - Reliable
ACC-00008538,Central Otago District Council,OMA005,Omakau/Ophir,13,,1,,Infiltration gallery,,211,,Number of metered connections,,,Data Not Available,,,47,,Number of metered connections,,,Data Not Available,,,378,,4 - Reliable,63287,,16076,,4 - Reliable,2,,5 - Highly Reliable,0,Data Not Available,Land,Backwash discharges to land,,7280,,Land,,,0,Measure Not Applicable,Measure Not Applicable,No screening performed,Measure Not Applicable,3 - Less Reliable,Measure Not Applicable,,Measure Not Applicable,,5 - Highly Reliable,270,,No,,Measure Not Applicable,,,4 - Reliable,9396,Yes,,8262,,8219,,1,4 - Reliable,605,,4 - Reliable
ACC-00008538,Central Otago District Council,PAT003,Patearoa,44,,1,,River/stream/creek,,60,,Number of metered connections,,,Data Not Available,,,39,,Number of metered connections,,,Data Not Available,,,167,,4 - Reliable,100907,,8100,,4 - Reliable,3,,5 - Highly Reliable,,Measure Not Applicable,Measure Not Applicable,No sludge removal or backwash performed,,0,Measure Not Applicable,Measure Not Applicable,,Measure Not Applicable,0,Measure Not Applicable,,,,,Measure Not Applicable,,Measure Not Applicable,,5 - Highly Reliable,700,,No,,Measure Not Applicable,,,4 - Reliable,76856,Yes,,76285,,24354,,3.1,4 - Reliable,381,,4 - Reliable
ACC-00008538,Central Otago District Council,PIS002,Pisa Village,40,,2,,Bore,,273,,Number of metered connections,,,Data Not Available,,,1,,Number of metered connections,,,Data Not Available,,,452,,4 - Reliable,124116,,419,,4 - Reliable,1,,5 - Highly Reliable,,Measure Not Applicable,Measure Not Applicable,No sludge removal or backwash performed,,0,Measure Not Applicable,Measure Not Applicable,,Measure Not Applicable,0,Measure Not Applicable,Measure Not Applicable,No screening performed,Measure Not Applicable,,Measure Not Applicable,,Measure Not Applicable,,5 - Highly Reliable,500,,Yes,500,,,Data Not Available,2 - Uncertain,10304,Yes,,7917,,6643,,1.2,4 - Reliable,874,,4 - Reliable
ACC-00008538,Central Otago District Council,RAN002,Ranfurly,42,,2,,River/stream/creek,,432,,Number of metered connections,,,Data Not Available,,,111,,Number of metered connections,,,Data Not Available,,,810,,4 - Reliable,183267,,50171,,4 - Reliable,6,,5 - Highly Reliable,0,Data Not Available,Land,Backwash discharges to land,,5460,,Land,,,0,Measure Not Applicable,,,,3 - Less Reliable,Yes,,Yes,,5 - Highly Reliable,470,,No,,Measure Not Applicable,,,4 - Reliable,59313,Yes,,56669,,23231,,2.4,4 - Reliable,333,,4 - Reliable
ACC-00008538,Central Otago District Council,ROX001,Roxburgh,31,,2,,Bore,,457,,Number of metered connections,,,Data Not Available,,,86,,Number of metered connections,,,Data Not Available,,,765,,4 - Reliable,210459,,46363,,4 - Reliable,2,,5 - Highly Reliable,,Measure Not Applicable,Measure Not Applicable,Cartridge filtration only. No sludge removal or backwash performed,,0,Measure Not Applicable,Measure Not Applicable,,Measure Not Applicable,0,Measure Not Applicable,Measure Not Applicable,No screening performed,Measure Not Applicable,,Measure Not Applicable,,Measure Not Applicable,,5 - Highly Reliable,780,,No,,Measure Not Applicable,,,4 - Reliable,87962,Yes,,85323,,21342,,4,4 - Reliable,370,,4 - Reliable
ACC-00001252,Chatham Islands Council,KAI041,"Kaingoroa, Chatham Is.",9,,1,,Lake,,19,,Other (Please identify in the comments section),Targeted rates database and LTP,19,,Other (Please identify in the comments section),Targeted rates database and LTP,2,,Other (Please identify in the comments section),Targeted rates database and LTP,2,,Other (Please identify in the comments section),Targeted rates database and LTP,60,,3 - Less Reliable,4113,,,Data Not Available,3 - Less Reliable,0,,5 - Highly Reliable,,Measure Not Applicable,Measure Not Applicable,,,,Data Not Available,Land,,,,Measure Not Applicable,,,Data Not Available,1 - Very Uncertain,No,,Yes,,5 - Highly Reliable,200,Data Not Available,No,,Data Not Available,,Data Not Available,1 - Very Uncertain,,,Data Not Available,,Data Not Available,,Data Not Available,,1 - Very Uncertain,570,,3 - Less Reliable
ACC-00001252,Chatham Islands Council,WAI158,"Waitangi, Chatham Is.",8,,1,,Bore,,72,,Other (Please identify in the comments section),Targeted rates database and LTP,72,,Other (Please identify in the comments section),Targeted rates database and LTP,26,,Other (Please identify in the comments section),Targeted rates database and LTP,26,,Other (Please identify in the comments section),Targeted rates database and LTP,170,,3 - Less Reliable,17492,,,Data Not Available,3 - Less Reliable,0,,5 - Highly Reliable,,Measure Not Applicable,Measure Not Applicable,,,,Data Not Available,Land,,,,Measure Not Applicable,,,Data Not Available,1 - Very Uncertain,Measure Not Applicable,,Measure Not Applicable,,5 - Highly Reliable,300,Data Not Available,No,,Data Not Available,,Data Not Available,1 - Very Uncertain,,,Data Not Available,,Data Not Available,,Data Not Available,,1 - Very Uncertain,510,,3 - Less Reliable
ACC-00008533,Christchurch City Council,AKA001,Akaroa,36,,6,,River/stream/creek,,1120,,Other (Please identify in the comments section),"Determined by spatially intersecting rating unit and water rate data with Water Supply Pressure Zone GIS layers. The 3WBI Service-Connected Buildings FME Workbench integrates this tabular and spatial data, categorizes residential connections and aggregates the results by water supply.",1154,,Other (Please identify in the comments section),"Determined by spatially intersecting rating unit and water rate data with Water Supply Pressure Zone GIS layers. The 3WBI Service-Connected Buildings FME Workbench integrates this tabular and spatial data, categorizes residential units and aggregates the results by water supply.",67,,Other (Please identify in the comments section),"Determined by spatially intersecting rating unit and water rate data with Water Supply Pressure Zone GIS layers. The 3WBI Service-Connected Buildings FME Workbench integrates this tabular and spatial data, categorizes non-residential connections and aggregates the results by water supply.",101,,Other (Please identify in the comments section),"Determined by spatially intersecting rating unit and water rate data with Water Supply Pressure Zone GIS layers. The 3WBI Service-Connected Buildings FME Workbench integrates this tabular and spatial data, categorizes non-residential units and aggregates the results by water supply.",903,,5 - Highly Reliable,297573.314,,46387,,3 - Less Reliable,8,,5 - Highly Reliable,,Data Not Available,Other (Please identify in the comments section),Wastewater Network,,13240,,Other (Please identify in the comments section),Wastewater Network,,,Data Not Available,Land,,,4 - Reliable,Yes,,Yes,,4 - Reliable,882,,No,,Measure Not Applicable,,,5 - Highly Reliable,134786,No,,118653.0664,,63982.46969,,1.854462119,3 - Less Reliable,165,,4 - Reliable
ACC-00008533,Christchurch City Council,BIR001,Birdlings Flat,6,,1,,Bore,,154,,Other (Please identify in the comments section),"Determined by spatially intersecting rating unit and water rate data with Water Supply Pressure Zone GIS layers. The 3WBI Service-Connected Buildings FME Workbench integrates this tabular and spatial data, categorizes residential connections and aggregates the results by water supply.",154,,Other (Please identify in the comments section),"Determined by spatially intersecting rating unit and water rate data with Water Supply Pressure Zone GIS layers. The 3WBI Service-Connected Buildings FME Workbench integrates this tabular and spatial data, categorizes residential units and aggregates the results by water supply.",3,,Other (Please identify in the comments section),"Determined by spatially intersecting rating unit and water rate data with Water Supply Pressure Zone GIS layers. The 3WBI Service-Connected Buildings FME Workbench integrates this tabular and spatial data, categorizes non-residential connections and aggregates the results by water supply.",3,,Other (Please identify in the comments section),"Determined by spatially intersecting rating unit and water rate data with Water Supply Pressure Zone GIS layers. The 3WBI Service-Connected Buildings FME Workbench integrates this tabular and spatial data, categorizes non-residential units and aggregates the results by water supply.",252,,5 - Highly Reliable,32163.16145,,,Data Not Available,5 - Highly Reliable,2,,5 - Highly Reliable,0,,Measure Not Applicable,,,0,,Measure Not Applicable,,,0,,Measure Not Applicable,,,5 - Highly Reliable,Measure Not Applicable,,Measure Not Applicable,,5 - Highly Reliable,,Data Not Available,No,,Measure Not Applicable,,,5 - Highly Reliable,,,Data Not Available,18278.6744,,5098.307225,,3.585243806,3 - Less Reliable,209,,3 - Less Reliable
ACC-00008533,Christchurch City Council,BRO013,Brooklands/Kainga,24,,2,,Bore,,707,,Other (Please identify in the comments section),"Determined by spatially intersecting rating unit and water rate data with Water Supply Pressure Zone GIS layers. The 3WBI Service-Connected Buildings FME Workbench integrates this tabular and spatial data, categorizes residential connections and aggregates the results by water supply.",533,,Other (Please identify in the comments section),"Determined by spatially intersecting rating unit and water rate data with Water Supply Pressure Zone GIS layers. The 3WBI Service-Connected Buildings FME Workbench integrates this tabular and spatial data, categorizes residential units and aggregates the results by water supply.",9,,Other (Please identify in the comments section),"Determined by spatially intersecting rating unit and water rate data with Water Supply Pressure Zone GIS layers. The 3WBI Service-Connected Buildings FME Workbench integrates this tabular and spatial data, categorizes non-residential connections and aggregates the results by water supply.",14,,Other (Please identify in the comments section),"Determined by spatially intersecting rating unit and water rate data with Water Supply Pressure Zone GIS layers. The 3WBI Service-Connected Buildings FME Workbench integrates this tabular and spatial data, categorizes non-residential units and aggregates the results by water supply.",1329,,5 - Highly Reliable,195953.2719,,12931,,3 - Less Reliable,1,,5 - Highly Reliable,0,,Measure Not Applicable,,,0,,Measure Not Applicable,,,0,,Measure Not Applicable,,,5 - Highly Reliable,Measure Not Applicable,,Measure Not Applicable,,5 - Highly Reliable,389,,No,,Measure Not Applicable,,,5 - Highly Reliable,81909,No,,76271.787,,16499.46747,,4.622681742,3 - Less Reliable,411,,4 - Reliable
ACC-00008533,Christchurch City Council,BUR005,Burnside Community Drinking Water Station,Measure Not Applicable,Measure Not Applicable,1,,Bore,,,,Measure Not Applicable,,,,Measure Not Applicable,,,,Measure Not Applicable,,,,Measure Not Applicable,,,Measure Not Applicable,5 - Highly Reliable,419,,,,5 - Highly Reliable,1,,5 - Highly Reliable,0,,Measure Not Applicable,,,0,,Measure Not Applicable,,,0,,Measure Not Applicable,,,5 - Highly Reliable,Measure Not Applicable,,Measure Not Applicable,,5 - Highly Reliable,,Measure Not Applicable,No,,Measure Not Applicable,,,5 - Highly Reliable,,,Measure Not Applicable,,Measure Not Applicable,,Measure Not Applicable,,5 - Highly Reliable,,,5 - Highly Reliable
ACC-00008533,Christchurch City Council,CHR009,Christchurch,3566,,126,,Bore,,156094,,Other (Please identify in the comments section),"Determined by spatially intersecting rating unit and water rate data with Water Supply Pressure Zone GIS layers. The 3WBI Service-Connected Buildings FME Workbench integrates this tabular and spatial data, categorizes residential connections and aggregates the results by water supply.",165951,,Other (Please identify in the comments section),"Determined by spatially intersecting rating unit and water rate data with Water Supply Pressure Zone GIS layers. The 3WBI Service-Connected Buildings FME Workbench integrates this tabular and spatial data, categorizes residential units and aggregates the results by water supply.",11197,,Other (Please identify in the comments section),"Determined by spatially intersecting rating unit and water rate data with Water Supply Pressure Zone GIS layers. The 3WBI Service-Connected Buildings FME Workbench integrates this tabular and spatial data, categorizes non-residential connections and aggregates the results by water supply.",17793,,Other (Please identify in the comments section),"Determined by spatially intersecting rating unit and water rate data with Water Supply Pressure Zone GIS layers. The 3WBI Service-Connected Buildings FME Workbench integrates this tabular and spatial data, categorizes non-residential units and aggregates the results by water supply.",384096,,5 - Highly Reliable,51283271.83,,10770670,,3 - Less Reliable,1,,5 - Highly Reliable,0,,Measure Not Applicable,,,0,,Measure Not Applicable,,,0,,Measure Not Applicable,,,5 - Highly Reliable,Measure Not Applicable,,Measure Not Applicable,,5 - Highly Reliable,563,,No,,Measure Not Applicable,,,5 - Highly Reliable,15333872,No,,14603858.83,,3377558.268,,4.323791825,3 - Less Reliable,411,,4 - Reliable
ACC-00008533,Christchurch City Council,DUV001,Duvauchelle,11,,1,,River/stream/creek,,290,,Other (Please identify in the comments section),"Determined by spatially intersecting rating unit and water rate data with Water Supply Pressure Zone GIS layers. The 3WBI Service-Connected Buildings FME Workbench integrates this tabular and spatial data, categorizes residential connections and aggregates the results by water supply.",288,,Other (Please identify in the comments section),"Determined by spatially intersecting rating unit and water rate data with Water Supply Pressure Zone GIS layers. The 3WBI Service-Connected Buildings FME Workbench integrates this tabular and spatial data, categorizes residential units and aggregates the results by water supply.",11,,Other (Please identify in the comments section),"Determined by spatially intersecting rating unit and water rate data with Water Supply Pressure Zone GIS layers. The 3WBI Service-Connected Buildings FME Workbench integrates this tabular and spatial data, categorizes non-residential connections and aggregates the results by water supply.",17,,Other (Please identify in the comments section),"Determined by spatially intersecting rating unit and water rate data with Water Supply Pressure Zone GIS layers. The 3WBI Service-Connected Buildings FME Workbench integrates this tabular and spatial data, categorizes non-residential units and aggregates the results by water supply.",288,,5 - Highly Reliable,52992.09328,,2930,,3 - Less Reliable,2,,5 - Highly Reliable,0,,Measure Not Applicable,,,0,,Measure Not Applicable,,,,Data Not Available,,,,5 - Highly Reliable,Yes,,Yes,,4 - Reliable,,Data Not Available,No,,Measure Not Applicable,,,5 - Highly Reliable,38513,No,,20818.63513,,9667.04398,,2.153567851,3 - Less Reliable,176,,3 - Less Reliable
ACC-00008533,Christchurch City Council,KEY001,Keyes Community Drinking Water Station,Measure Not Applicable,Measure Not Applicable,1,,Bore,,,,Measure Not Applicable,,,,Measure Not Applicable,,,,Measure Not Applicable,,,,Measure Not Applicable,,,Measure Not Applicable,5 - Highly Reliable,388,,,,5 - Highly Reliable,1,,5 - Highly Reliable,0,,Measure Not Applicable,,,0,,Measure Not Applicable,,,0,,Measure Not Applicable,,,5 - Highly Reliable,Measure Not Applicable,,Measure Not Applicable,,5 - Highly Reliable,,Measure Not Applicable,No,,Measure Not Applicable,,,5 - Highly Reliable,,,Measure Not Applicable,,Measure Not Applicable,,Measure Not Applicable,,5 - Highly Reliable,,,5 - Highly Reliable
ACC-00008533,Christchurch City Council,LIT001,Little River,11,,2,,River/stream/creek,,60,,Other (Please identify in the comments section),"Determined by spatially intersecting rating unit and water rate data with Water Supply Pressure Zone GIS layers. The 3WBI Service-Connected Buildings FME Workbench integrates this tabular and spatial data, categorizes residential connections and aggregates the results by water supply.",60,,Other (Please identify in the comments section),"Determined by spatially intersecting rating unit and water rate data with Water Supply Pressure Zone GIS layers. The 3WBI Service-Connected Buildings FME Workbench integrates this tabular and spatial data, categorizes residential units and aggregates the results by water supply.",15,,Other (Please identify in the comments section),"Determined by spatially intersecting rating unit and water rate data with Water Supply Pressure Zone GIS layers. The 3WBI Service-Connected Buildings FME Workbench integrates this tabular and spatial data, categorizes non-residential connections and aggregates the results by water supply.",26,,Other (Please identify in the comments section),"Determined by spatially intersecting rating unit and water rate data with Water Supply Pressure Zone GIS layers. The 3WBI Service-Connected Buildings FME Workbench integrates this tabular and spatial data, categorizes non-residential units and aggregates the results by water supply.",384,,5 - Highly Reliable,18940.48594,,1332,,2 - Uncertain,3,,5 - Highly Reliable,,Data Not Available,Land,,,0,,Measure Not Applicable,,,,Data Not Available,,,,5 - Highly Reliable,Yes,,Yes,,4 - Reliable,,Data Not Available,No,,Measure Not Applicable,,,5 - Highly Reliable,,,Data Not Available,10799.8536,,6520.524615,,1.656285995,3 - Less Reliable,316,,3 - Less Reliable
ACC-00008533,Christchurch City Council,WAI138,Wainui,7,,1,,Bore,,177,,Other (Please identify in the comments section),"Determined by spatially intersecting rating unit and water rate data with Water Supply Pressure Zone GIS layers. The 3WBI Service-Connected Buildings FME Workbench integrates this tabular and spatial data, categorizes residential connections and aggregates the results by water supply.",180,,Other (Please identify in the comments section),"Determined by spatially intersecting rating unit and water rate data with Water Supply Pressure Zone GIS layers. The 3WBI Service-Connected Buildings FME Workbench integrates this tabular and spatial data, categorizes residential units and aggregates the results by water supply.",2,,Other (Please identify in the comments section),"Determined by spatially intersecting rating unit and water rate data with Water Supply Pressure Zone GIS layers. The 3WBI Service-Connected Buildings FME Workbench integrates this tabular and spatial data, categorizes non-residential connections and aggregates the results by water supply.",2,,Other (Please identify in the comments section),"Determined by spatially intersecting rating unit and water rate data with Water Supply Pressure Zone GIS layers. The 3WBI Service-Connected Buildings FME Workbench integrates this tabular and spatial data, categorizes non-residential units and aggregates the results by water supply.",138,,5 - Highly Reliable,32826.74219,,,Data Not Available,5 - Highly Reliable,2,,5 - Highly Reliable,0,,Measure Not Applicable,,,0,,Measure Not Applicable,,,0,,Measure Not Applicable,,,5 - Highly Reliable,Measure Not Applicable,,Measure Not Applicable,,5 - Highly Reliable,,Data Not Available,No,,Measure Not Applicable,,,5 - Highly Reliable,,,Data Not Available,14397.13729,,4706.24259,,3.059157495,3 - Less Reliable,182,,3 - Less Reliable
ACC-00008586,Clutha District Council,BAL001,Balclutha,61,,1,,River/stream/creek,,1911,,Other (Please identify in the comments section),Asset Data Base,1911,,Other (Please identify in the comments section),Asset Data Base,147,,Other (Please identify in the comments section),Asset Data Base,147,,Number of metered connections,,4002,,4 - Reliable,658066,,80361,Data Not Available,4 - Reliable,2,,5 - Highly Reliable,,Data Not Available,Landfill,"Settling pond is drained, sludge is removed and dried, then transported to landfill as required",,,Data Not Available,Other (Please identify in the comments section),Settling pond to sewer - unmetered,Data Not Available,,Measure Not Applicable,Measure Not Applicable,,Measure Not Applicable,3 - Less Reliable,Yes,,Yes,,5 - Highly Reliable,60,,Yes,250,,,Data Not Available,3 - Less Reliable,130502,No,,130502,,62962,,2.1,3 - Less Reliable,823,,4 - Reliable
ACC-00008586,Clutha District Council,CLY005,Clydevale-Pomahaka Rural,356,,4,,Bore,,478,,Other (Please identify in the comments section),Asset Data Base,3151,,Other (Please identify in the comments section),Asset Data Base,5,,Other (Please identify in the comments section),Asset Data Base,18,,Number of metered connections,,850,,4 - Reliable,822515,,,Data Not Available,4 - Reliable,1,,5 - Highly Reliable,0,Measure Not Applicable,Measure Not Applicable,No sludge produced,Measure Not Applicable,0,Measure Not Applicable,Measure Not Applicable,,Measure Not Applicable,,Measure Not Applicable,Measure Not Applicable,,Measure Not Applicable,5 - Highly Reliable,Measure Not Applicable,,Measure Not Applicable,,5 - Highly Reliable,61,,Yes,150,,,Data Not Available,3 - Less Reliable,113710,No,,113710,,80996,,2.1,3 - Less Reliable,4401,,4 - Reliable
ACC-00008586,Clutha District Council,GLE001,Glenkenich Rural,274,,2,,River/stream/creek,,389,,Other (Please identify in the comments section),Asset Data Base,2068,,Other (Please identify in the comments section),Asset Data Base,0,,Other (Please identify in the comments section),Asset Data Base,-,,Number of metered connections,,705,,4 - Reliable,661046,,,Data Not Available,4 - Reliable,3,,5 - Highly Reliable,13,,Other (Please identify in the comments section),sewer,,65707,,Freshwater,,,,Measure Not Applicable,Measure Not Applicable,,Measure Not Applicable,3 - Less Reliable,Yes,,Yes,,4 - Reliable,72,,Yes,150,,,Data Not Available,3 - Less Reliable,166447,No,,166447,,66656,,2.5,3 - Less Reliable,4632,,4 - Reliable
ACC-00008586,Clutha District Council,KAI005,Kaitangata,78,,1,,River/stream/creek,,447,,Other (Please identify in the comments section),Asset Data Base,855,,Other (Please identify in the comments section),Asset Data Base,25,,Other (Please identify in the comments section),Asset Data Base,25,,Number of metered connections,,830,,4 - Reliable,245372,,,Data Not Available,4 - Reliable,2,,5 - Highly Reliable,,Data Not Available,Freshwater,Included in backwash,Measure Not Applicable,96885,,Freshwater,,,,Measure Not Applicable,Measure Not Applicable,,Measure Not Applicable,3 - Less Reliable,No,,No,,2 - Uncertain,69,,Yes,250,,,Data Not Available,3 - Less Reliable,45086,No,,45086,,33332,,1.3,3 - Less Reliable,1247,,4 - Reliable
ACC-00008586,Clutha District Council,LAW001,Lawrence,22,,1,,River/stream/creek,,314,,Other (Please identify in the comments section),Asset Data Base,325,,Other (Please identify in the comments section),Asset Data Base,57,,Other (Please identify in the comments section),Asset Data Base,57,,Number of metered connections,,430,,4 - Reliable,120788,,,Data Not Available,4 - Reliable,3,,5 - Highly Reliable,,Data Not Available,Freshwater,Included in backwash,Measure Not Applicable,32348,,Land,,,,Measure Not Applicable,Measure Not Applicable,,Measure Not Applicable,3 - Less Reliable,No,,No,,4 - Reliable,70,,Yes,250,,,Data Not Available,3 - Less Reliable,47120,No,,47120,,18693,,2.5,3 - Less Reliable,819,,4 - Reliable
ACC-00008586,Clutha District Council,MIL001,Milton,74,,1,,River/stream/creek,,1224,,Other (Please identify in the comments section),Asset Data Base,1239,,Other (Please identify in the comments section),Asset Data Base,75,,Other (Please identify in the comments section),Asset Data Base,75,,Number of metered connections,,2929,,4 - Reliable,691523,,,Data Not Available,4 - Reliable,2,,5 - Highly Reliable,6696.5,,Other (Please identify in the comments section),Transported to sewer as required.,,0,,Other (Please identify in the comments section),Recycled,,,Measure Not Applicable,Measure Not Applicable,,Measure Not Applicable,3 - Less Reliable,Yes,,Yes,,4 - Reliable,70,,Yes,250,,,Data Not Available,3 - Less Reliable,250759,No,,250759,,62617,,4.6,3 - Less Reliable,1746,,4 - Reliable
ACC-00008586,Clutha District Council,MOA001,Moa Flat,249,,1,,River/stream/creek,,296,,Other (Please identify in the comments section),Asset Data Base,2669,,Other (Please identify in the comments section),Asset Data Base,2,,Other (Please identify in the comments section),Asset Data Base,2,,Number of metered connections,,534,,4 - Reliable,661734,,,Data Not Available,4 - Reliable,4,,5 - Highly Reliable,,Data Not Available,Freshwater,,Data Not Available,45286,,Freshwater,,,,Measure Not Applicable,Measure Not Applicable,,Measure Not Applicable,3 - Less Reliable,Yes,,Yes,,4 - Reliable,71,,Yes,150,,,Data Not Available,3 - Less Reliable,122564,No,,122564,,74422,,1.6,3 - Less Reliable,6104,,4 - Reliable
ACC-00008586,Clutha District Council,NOR003,North Bruce Rural,376,,1,,River/stream/creek,,488,,Other (Please identify in the comments section),Asset Data Base,1913,,Other (Please identify in the comments section),Asset Data Base,-,,Other (Please identify in the comments section),Asset Data Base,-,,Number of metered connections,,708,,4 - Reliable,413374,,,Data Not Available,4 - Reliable,2,,5 - Highly Reliable,,Data Not Available,Freshwater,Included in backwash,Data Not Available,37012,,Freshwater,,,,Measure Not Applicable,Measure Not Applicable,,Measure Not Applicable,3 - Less Reliable,Yes,,Yes,,4 - Reliable,86,,Yes,150,,,Data Not Available,3 - Less Reliable,119477,No,,119477,,117337,,1,3 - Less Reliable,1450,,4 - Reliable
ACC-00008586,Clutha District Council,OWA001,Owaka,11,,2,,Bore,,212,,Other (Please identify in the comments section),Asset Data Base,427,,Other (Please identify in the comments section),Asset Data Base,4,,Other (Please identify in the comments section),Asset Data Base,4,,Number of metered connections,,315,,4 - Reliable,44246,,,Data Not Available,4 - Reliable,1,,5 - Highly Reliable,0,Measure Not Applicable,Measure Not Applicable,,Measure Not Applicable,0,Measure Not Applicable,Measure Not Applicable,,Measure Not Applicable,,Measure Not Applicable,Measure Not Applicable,,Measure Not Applicable,5 - Highly Reliable,Measure Not Applicable,,Measure Not Applicable,,5 - Highly Reliable,70,,Yes,250,,,Data Not Available,3 - Less Reliable,11998,No,,11998,,9678,,1.2,3 - Less Reliable,385,,4 - Reliable
ACC-00008586,Clutha District Council,RIC009,Richardson Rural,284,,2,,River/stream/creek,,700,,Other (Please identify in the comments section),Asset Data Base,3445,,Other (Please identify in the comments section),Asset Data Base,3,,Other (Please identify in the comments section),Asset Data Base,3,,Number of metered connections,,1016,,4 - Reliable,738676,,,Data Not Available,4 - Reliable,4,,5 - Highly Reliable,3289,,Stockpile,Settling pond,Data Not Available,85237,,Other (Please identify in the comments section),Settling pond to river,,,Measure Not Applicable,Measure Not Applicable,,Measure Not Applicable,3 - Less Reliable,Yes,,Yes,,4 - Reliable,67,,Yes,150,,,Data Not Available,3 - Less Reliable,96293,No,,96293,,74320,,1.3,3 - Less Reliable,1992,,4 - Reliable
ACC-00008586,Clutha District Council,STI002,Stirling/South Bruce,109,,2,,River/stream/creek,,344,,Other (Please identify in the comments section),Asset Data Base,1830,,Other (Please identify in the comments section),Asset Data Base,9,,Other (Please identify in the comments section),Asset Data Base,9,,Number of metered connections,,743,,4 - Reliable,471786,,,Data Not Available,4 - Reliable,2,,5 - Highly Reliable,,Data Not Available,Stockpile,Settling pond,Data Not Available,27653,,Other (Please identify in the comments section),Settling pond to river,,,Measure Not Applicable,Measure Not Applicable,,Measure Not Applicable,3 - Less Reliable,Yes,,Yes,,5 - Highly Reliable,63,,Yes,250,,,Data Not Available,3 - Less Reliable,58089,No,,58089,,28798,,1.5,3 - Less Reliable,1740,,4 - Reliable
ACC-00008586,Clutha District Council,TAP001,Tapanui,21,,1,,River/stream/creek,,390,,Other (Please identify in the comments section),Asset Data Base,390,,Other (Please identify in the comments section),Asset Data Base,86,,Other (Please identify in the comments section),Asset Data Base,86,,Number of metered connections,,760,,4 - Reliable,130703,,,Data Not Available,4 - Reliable,2,,5 - Highly Reliable,,Data Not Available,Freshwater,Included in backwash,Data Not Available,44897,,Freshwater,,,,Measure Not Applicable,Measure Not Applicable,,Measure Not Applicable,3 - Less Reliable,Yes,,Yes,,4 - Reliable,70,,Yes,250,,,Data Not Available,3 - Less Reliable,20766,No,,20766,,20365,,1,3 - Less Reliable,471,,4 - Reliable
ACC-00008586,Clutha District Council,TUA004,Tuapeka West,147,,1,,River/stream/creek,,168,,Other (Please identify in the comments section),Asset Data Base,886,,Other (Please identify in the comments section),Asset Data Base,-,,Other (Please identify in the comments section),Asset Data Base,-,,Number of metered connections,,276,,4 - Reliable,208333,,,Data Not Available,4 - Reliable,1,,5 - Highly Reliable,,Data Not Available,Measure Not Applicable,,Measure Not Applicable,0,Measure Not Applicable,Measure Not Applicable,,Measure Not Applicable,,Measure Not Applicable,Measure Not Applicable,,Measure Not Applicable,3 - Less Reliable,Yes,,Yes,,5 - Highly Reliable,71,,Yes,150,,,Data Not Available,3 - Less Reliable,35686,No,,35686,,29924,,1.2,3 - Less Reliable,2068,,4 - Reliable
ACC-00008586,Clutha District Council,WAI016,Waitahuna Rural,416,,1,,River/stream/creek,,453,,Other (Please identify in the comments section),Asset Data Base,2998,,Other (Please identify in the comments section),Asset Data Base,-,,Other (Please identify in the comments section),Asset Data Base,-,,Number of metered connections,,922,,4 - Reliable,579098,,,Data Not Available,4 - Reliable,2,,5 - Highly Reliable,,Data Not Available,Land,Tree block,Data Not Available,21095,,Freshwater,,,,Measure Not Applicable,Measure Not Applicable,,Measure Not Applicable,3 - Less Reliable,Yes,,Yes,,4 - Reliable,66,,Yes,150,,,Data Not Available,3 - Less Reliable,106493,No,,106493,,100104,,1.1,3 - Less Reliable,1721,,4 - Reliable
ACC-00006268,Department of Conservation,MTC001,Aoraki Mount Cook,4,,2,,River/stream/creek,,34,,Estimation by residential buildings,,65,,Other (Please identify in the comments section),count the number of houses and flats,24,,Number of connections known,,383,,Other (Please identify in the comments section),"Count rooms available hotel, motel and staff accom attached to main hotel",1160,,3 - Less Reliable,102000,,73840,,4 - Reliable,3,,5 - Highly Reliable,,Measure Not Applicable,,,Measure Not Applicable,,Measure Not Applicable,,,Measure Not Applicable,1,,Freshwater,stream sand and stones at intake swept out to below intake,,5 - Highly Reliable,Measure Not Applicable,,Measure Not Applicable,,5 - Highly Reliable,300,,No,,Measure Not Applicable,,Measure Not Applicable,4 - Reliable,891,Yes,,891,,,Data Not Available,,4 - Reliable,1149,,2 - Uncertain
ACC-00006268,Department of Conservation,WHA015,Whakapapa,5,,1,,River/stream/creek,,21,,Estimation by residential buildings,,21,,Estimation by residential buildings,,21,,Estimation by non-residential buildings,,21,,Estimation by non-residential buildings,,355,,3 - Less Reliable,78715,,,Data Not Available,1 - Very Uncertain,1,,4 - Reliable,0,,Measure Not Applicable,,,3000,,Land,Reviewing options to discharge via sewer reticulation or to stream,,0,,Measure Not Applicable,,,4 - Reliable,No,,Data Not Available,,4 - Reliable,770,,No,,Measure Not Applicable,,Measure Not Applicable,3 - Less Reliable,,,Data Not Available,,,,Data Not Available,,2 - Uncertain,,Data Not Available,2 - Uncertain
ACC-00006269,Department of Corrections,CHR008,Christchurch,14,,2,,Bore,,46,,Other (Please identify in the comments section),Review of available data for potable water connections,46,,Other (Please identify in the comments section),Review of available data for potable water connections,6,,Estimation by non-residential buildings,,6,,Estimation by non-residential buildings,,1600,,3 - Less Reliable,292000,,,Data Not Available,2 - Uncertain,2,,5 - Highly Reliable,,,Measure Not Applicable,,,,Measure Not Applicable,Measure Not Applicable,,,,Measure Not Applicable,Measure Not Applicable,,Measure Not Applicable,2 - Uncertain,Measure Not Applicable,,Measure Not Applicable,,5 - Highly Reliable,300,,Yes,196,,0,,2 - Uncertain,,,Data Not Available,,Data Not Available,,Data Not Available,,1 - Very Uncertain,,Data Not Available,1 - Very Uncertain
ACC-00006269,Department of Corrections,KAI002,Kaitoke,5,,2,,Bore,,12,,Other (Please identify in the comments section),Review of available data for potable water connections,12,,Other (Please identify in the comments section),Review of available data for potable water connections,3,,Estimation by non-residential buildings,,3,,Estimation by non-residential buildings,,650,,3 - Less Reliable,135156,,20400,,4 - Reliable,2,,5 - Highly Reliable,0,,Other (Please identify in the comments section),Disposed as wastewater,,3588,,Other (Please identify in the comments section),Disposed as wastewater,,,Measure Not Applicable,Measure Not Applicable,,Measure Not Applicable,2 - Uncertain,Measure Not Applicable,,Measure Not Applicable,,5 - Highly Reliable,400,,Yes,196,,0,,2 - Uncertain,,,Data Not Available,,Data Not Available,,Data Not Available,,1 - Very Uncertain,,Data Not Available,1 - Very Uncertain
ACC-00006269,Department of Corrections,WAI013,Waikeria,12,,2,,Bore,,7,,Other (Please identify in the comments section),Review of available data for potable water connections,7,,Other (Please identify in the comments section),Review of available data for potable water connections,4,,Estimation by non-residential buildings,,4,,Estimation by non-residential buildings,,1300,,3 - Less Reliable,151576,,3779,,4 - Reliable,1,,5 - Highly Reliable,0,,Other (Please identify in the comments section),Disposed as wastewater,,1729,,Other (Please identify in the comments section),Disposed as wastewater,,,Measure Not Applicable,Measure Not Applicable,,Measure Not Applicable,2 - Uncertain,Measure Not Applicable,,Measure Not Applicable,,5 - Highly Reliable,400,,Yes,196,,,Data Not Available,2 - Uncertain,,,Data Not Available,,Data Not Available,,Data Not Available,,1 - Very Uncertain,,Data Not Available,1 - Very Uncertain
ACC-00008513,Dunedin City Council,DUN001,Dunedin City,1364,,10,,River/stream/creek,,44743,,Other (Please identify in the comments section),"Number of properties paying full (connected) water rates, minus those areas listed below",48868,,Other (Please identify in the comments section),"Sum of rating units of use. Definition of unit of use from the LINZ Rating Valuations Rules 2008 ""...Each physical component within a rating unit, which is capable of separate use,
constitutes a single unit of use. For example, a property comprising a dwelling
and a flat must be recorded as having two units of use...""",3794,,Number of metered connections,,7412,,Other (Please identify in the comments section),Units of use on metered properties,112515,,5 - Highly Reliable,15200611,,3268604,,4 - Reliable,24,,5 - Highly Reliable,,Data Not Available,Marine,"Two of the Dunedin City plants (Mt Grand & Port Chalmers) use sedimentation (clarification). However, these waste streames divert into the backwash pits/pond are measured as a combined backwash/sediment discharge. The Sludge component is discharged into the sewer network which is then processed at one of our wastewater treatment plants which is then discharged into the marine environment.",,679054,,Other (Please identify in the comments section),Mt Grand & Southern WTPs dispose to sewer and the Port Chalmer WTP disposes to freshwater,,4,,Landfill,"Port Chalmers has no screening, Mt Grand is disposed to landfill.",,4 - Reliable,Yes,,No,,4 - Reliable,694,,Yes,300,,182,,4 - Reliable,2814500,Yes,,1308700,,1505800,,0.87,1 - Very Uncertain,677,,1 - Very Uncertain
ACC-00008513,Dunedin City Council,OUT001,Outram,19,,2,,Infiltration gallery,,385,,Other (Please identify in the comments section),Number of properties paying full (connected) water rates,392,,Other (Please identify in the comments section),"Sum of rating units of use. Definition of unit of use from the LINZ Rating Valuations Rules 2008 ""...Each physical component within a rating unit, which is capable of separate use,
constitutes a single unit of use. For example, a property comprising a dwelling
and a flat must be recorded as having two units of use...""",60,,Number of metered connections,,78,,Other (Please identify in the comments section),Units of use on metered properties,750,,4 - Reliable,109281,,25359,,4 - Reliable,2,,5 - Highly Reliable,,Measure Not Applicable,Measure Not Applicable,Sludge is not produced at the plant from a sedimentation process and therefore this measure is not applicable.,Measure Not Applicable,,Measure Not Applicable,Measure Not Applicable,No filter to backwash,Measure Not Applicable,,Measure Not Applicable,Measure Not Applicable,,Measure Not Applicable,5 - Highly Reliable,No,,Yes,,4 - Reliable,343,,Yes,300,,1,,4 - Reliable,8200,Yes,,,Data Not Available,8200,,0,1 - Very Uncertain,650,,1 - Very Uncertain
ACC-00008513,Dunedin City Council,WAI015,Waikouaiti,63,,1,,River/stream/creek,,1048,,Other (Please identify in the comments section),Number of properties paying full (connected) water rates. Inc Karitane.,1062,,Other (Please identify in the comments section),"Sum of rating units of use. Definition of unit of use from the LINZ Rating Valuations Rules 2008 ""...Each physical component within a rating unit, which is capable of separate use,
constitutes a single unit of use. For example, a property comprising a dwelling
and a flat must be recorded as having two units of use...""",67,,Number of metered connections,,131,,Other (Please identify in the comments section),Units of use on metered properties,1642,,4 - Reliable,408428,,64968,,4 - Reliable,3,,5 - Highly Reliable,,Measure Not Applicable,Measure Not Applicable,Sludge is not produced at the plant from a sedimentation process and therefore this measure is not applicable.,Measure Not Applicable,19710,,Freshwater,,,0.05,,Land,,,4 - Reliable,No,,Yes,,4 - Reliable,780,,Yes,300,,0,,4 - Reliable,150700,Yes,,95500,,55200,,1.73,1 - Very Uncertain,650,,1 - Very Uncertain
ACC-00008513,Dunedin City Council,WES002,West Taieri,117,,1,,River/stream/creek,,152,,Other (Please identify in the comments section),Number of properties paying full (connected) water rates,188,,Other (Please identify in the comments section),"Sum of rating units of use. Definition of unit of use from the LINZ Rating Valuations Rules 2008 ""...Each physical component within a rating unit, which is capable of separate use,
constitutes a single unit of use. For example, a property comprising a dwelling
and a flat must be recorded as having two units of use...""",2,,Number of metered connections,,45,,Other (Please identify in the comments section),Units of use on metered properties,450,,4 - Reliable,491760,,446030,,3 - Less Reliable,2,,5 - Highly Reliable,,Measure Not Applicable,Measure Not Applicable,Sludge is not produced at the plant from a sedimentation process and therefore this measure is not applicable.,Measure Not Applicable,76396,,Freshwater,,,0.2,,Land,,,4 - Reliable,Yes,,Yes,,4 - Reliable,900,,Yes,300,,7,,4 - Reliable,40349,Yes,,32940,,7409,,4.4,1 - Very Uncertain,650,,1 - Very Uncertain
ACC-00008510,Far North District Council,KAI006,Kaikohe,67,,2,,Bore,,1601,,Number of metered connections,,,Data Not Available,,,406,,Number of metered connections,,,Data Not Available,,,4007,,4 - Reliable,5716000,,,Data Not Available,4 - Reliable,2,,,,Data Not Available,Freshwater,,,,Data Not Available,Freshwater,,,,Data Not Available,Freshwater,,,4 - Reliable,Yes,,Yes,,4 - Reliable,58,,Yes,250,,,,,942000,Yes,,842000,,59,Data Not Available,1.5,4 - Reliable,,Measure Not Applicable,4 - Reliable
ACC-00008510,Far North District Council,KAI008,Kaitaia,87,,2,,Bore,,3012,,Number of metered connections,,,Data Not Available,,,533,,Number of metered connections,,,Data Not Available,,,5450,,4 - Reliable,1017700,,,Data Not Available,4 - Reliable,2,,,,Data Not Available,Freshwater,,,,Data Not Available,Freshwater,,,,Data Not Available,Freshwater,,,4 - Reliable,Yes,,No,,4 - Reliable,52,,Yes,250,,,,,2474000,Yes,,2250000,,69,Data Not Available,3,4 - Reliable,,Measure Not Applicable,4 - Reliable
ACC-00008510,Far North District Council,KAW002,Kawakawa,42,,1,,Infiltration gallery,,1167,,Number of metered connections,,,Data Not Available,,,188,,Number of metered connections,,,Data Not Available,,,2559,,4 - Reliable,4821000,,,Data Not Available,4 - Reliable,1,,,,Data Not Available,Freshwater,,,,Data Not Available,Freshwater,,,,Data Not Available,Freshwater,,,4 - Reliable,Yes,,Yes,,4 - Reliable,52,,Yes,250,,,,,1796000,Yes,,1731000,,75,Data Not Available,5.39,4 - Reliable,,Measure Not Applicable,4 - Reliable
ACC-00008510,Far North District Council,KER001,Kerikeri,74,,2,,River/stream/creek,,3012,,Number of metered connections,,,Data Not Available,,,506,,Number of metered connections,,,Data Not Available,,,5553,,4 - Reliable,7475000,,,Data Not Available,4 - Reliable,2,,,,Data Not Available,Freshwater,,,,Data Not Available,Freshwater,,,,Data Not Available,Freshwater,,,4 - Reliable,Yes,,Yes,,4 - Reliable,45,,Yes,250,,,,,280100,Yes,,270000,,61,Data Not Available,4.39,4 - Reliable,,Measure Not Applicable,4 - Reliable
ACC-00008510,Far North District Council,OKA003,Okaihau,9,,1,,Bore,,132,,Number of metered connections,,,Data Not Available,,,53,,Number of metered connections,,,Data Not Available,,,409,,4 - Reliable,452000,,,Data Not Available,4 - Reliable,2,,,,Data Not Available,Freshwater,,,,Data Not Available,Freshwater,,,,Data Not Available,Freshwater,,,4 - Reliable,Yes,,No,,4 - Reliable,30,,Yes,250,,,,,5000,Yes,,4100,,4,Data Not Available,1.13,4 - Reliable,,Measure Not Applicable,4 - Reliable
ACC-00008510,Far North District Council,OMA002,Omapere,19,,2,,River/stream/creek,,369,,Number of metered connections,,,Data Not Available,,,55,,Number of metered connections,,,Data Not Available,,,893,,4 - Reliable,876000,,,Data Not Available,4 - Reliable,2,,,,Data Not Available,Freshwater,,,,Data Not Available,Freshwater,,,,Data Not Available,Freshwater,,,4 - Reliable,Yes,,Yes,,4 - Reliable,61,,Yes,250,,,,,28100,Yes,,26800,,15,Data Not Available,1.7,4 - Reliable,,Measure Not Applicable,4 - Reliable
ACC-00008510,Far North District Council,OMA003,Omanaia Rawene,35,,1,,River/stream/creek,,234,,Number of metered connections,,,Data Not Available,,,95,,Number of metered connections,,,Data Not Available,,,710,,4 - Reliable,144000,,,Data Not Available,4 - Reliable,2,,,,Data Not Available,Freshwater,,,,Data Not Available,Freshwater,,,,Data Not Available,Freshwater,,,4 - Reliable,Yes,,Yes,,4 - Reliable,60,,Yes,250,,,,,45200,Yes,,43900,,19,Data Not Available,2.2,4 - Reliable,,Measure Not Applicable,4 - Reliable
ACC-00008510,Far North District Council,PAI001,Paihia,57,,1,,River/stream/creek,,1178,,Number of metered connections,,,Data Not Available,,,431,,Number of metered connections,,,Data Not Available,,,4641,,4 - Reliable,14400,,,Data Not Available,4 - Reliable,2,,,,Data Not Available,Freshwater,,,,Data Not Available,Freshwater,,,,Data Not Available,Freshwater,,,4 - Reliable,Yes,,Yes,,4 - Reliable,43,,,,,,,,367200,Yes,,353800,,43,Data Not Available,8.16,4 - Reliable,,Measure Not Applicable,4 - Reliable
ACC-00001008,Gisborne District Council,GIS001,Gisborne,434,,5,,Lake,,11412,,Estimation by residential buildings,,12465,,Estimation by residential buildings,,1087,,Estimation by non-residential buildings,,1410,,Estimation by non-residential buildings,,37431,,4 - Reliable,5088256,,1569307,,5 - Highly Reliable,8,,5 - Highly Reliable,,Data Not Available,Land,,,396300,,Freshwater,,,,Measure Not Applicable,Measure Not Applicable,,Measure Not Applicable,4 - Reliable,Yes,,Yes,,5 - Highly Reliable,601,,Yes,300,,0,,4 - Reliable,39008,Yes,,762773,,33428,,2.3,4 - Reliable,603,,
ACC-00001008,Gisborne District Council,TEK002,Te Karaka,8,,1,,Bore,,155,,Estimation by residential buildings,,166,,Estimation by residential buildings,,14,,Estimation by non-residential buildings,,14,,Estimation by non-residential buildings,,579,,4 - Reliable,49539,,5475,,4 - Reliable,1,,5 - Highly Reliable,,Data Not Available,Other (Please identify in the comments section),Disposal at WWTP,,876,,Freshwater,,,,Measure Not Applicable,Measure Not Applicable,,Measure Not Applicable,4 - Reliable,Measure Not Applicable,,Measure Not Applicable,,5 - Highly Reliable,,Measure Not Applicable,No,,Measure Not Applicable,,Measure Not Applicable,5 - Highly Reliable,,,Data Not Available,,Data Not Available,,Data Not Available,,,,Measure Not Applicable,
ACC-00001008,Gisborne District Council,WHA004,Whatatutu,,Data Not Available,2,,Bore,,41,,Estimation by residential buildings,,41,,Estimation by residential buildings,,1,,Estimation by non-residential buildings,,1,,Estimation by non-residential buildings,,195,,4 - Reliable,4812,,365,,4 - Reliable,2,,5 - Highly Reliable,,Data Not Available,Other (Please identify in the comments section),Disposal at WWTP,,187,,Freshwater,,,,Measure Not Applicable,Measure Not Applicable,,Measure Not Applicable,4 - Reliable,Measure Not Applicable,,Measure Not Applicable,,5 - Highly Reliable,,Measure Not Applicable,No,,Measure Not Applicable,,Measure Not Applicable,5 - Highly Reliable,,,Data Not Available,,Data Not Available,,Data Not Available,,,,Measure Not Applicable,
ACC-00008531,Gore District Council,GOR001,Gore,125,,7,,Bore,,3565,,Other (Please identify in the comments section),Rating Database,3944,,Other (Please identify in the comments section),Rating Database,497,,Other (Please identify in the comments section),Rating Database,497,,Other (Please identify in the comments section),Rating Database,8181,,4 - Reliable,1408614,,121731,,4 - Reliable,5,,5 - Highly Reliable,,Measure Not Applicable,Measure Not Applicable,,Measure Not Applicable,69133,,Other (Please identify in the comments section),Wastewater Network,,,Measure Not Applicable,Measure Not Applicable,,Measure Not Applicable,5 - Highly Reliable,Measure Not Applicable,,Measure Not Applicable,,5 - Highly Reliable,397,,Yes,100,,0,,4 - Reliable,395900,Yes,,388495,,79849,,4.8,2 - Uncertain,603,,2 - Uncertain
ACC-00008531,Gore District Council,MAT002,Mataura,28,,2,,River/stream/creek,,724,,Other (Please identify in the comments section),Rating Database,785,,Other (Please identify in the comments section),Rating Database,78,,Other (Please identify in the comments section),Rating Database,78,,Other (Please identify in the comments section),Rating Database,1650,,4 - Reliable,340020,,16333,,4 - Reliable,7,,5 - Highly Reliable,,Data Not Available,Other (Please identify in the comments section),Wastewater Network,,3224,,Other (Please identify in the comments section),Wastewater Network,,,Measure Not Applicable,Measure Not Applicable,,Measure Not Applicable,2 - Uncertain,Yes,,Yes,,5 - Highly Reliable,397,,Yes,100,,0,,4 - Reliable,107600,Yes,,100991,,16685,,6.1,2 - Uncertain,642,,2 - Uncertain
ACC-00001018,Greater Wellington Regional Council,BAT001,Battle Hill,1,,1,,Bore,,,Measure Not Applicable,,,1,,,,4,,Estimation by non-residential buildings,,,Measure Not Applicable,,,100,,4 - Reliable,1000,,,Measure Not Applicable,4 - Reliable,1,,5 - Highly Reliable,0,,Measure Not Applicable,,Measure Not Applicable,,Measure Not Applicable,,,Measure Not Applicable,,Measure Not Applicable,Measure Not Applicable,,,5 - Highly Reliable,Measure Not Applicable,,Measure Not Applicable,,5 - Highly Reliable,300,,Yes,300,,0,Measure Not Applicable,4 - Reliable,,,Data Not Available,,Data Not Available,,Data Not Available,,4 - Reliable,120,,4 - Reliable
ACC-00001018,Greater Wellington Regional Council,kai040,Kaitoke,1,,1,,Bore,,,Measure Not Applicable,,,0,,,,4,,Estimation by non-residential buildings,,,Measure Not Applicable,,,500,,4 - Reliable,1566,,,Measure Not Applicable,4 - Reliable,1,,5 - Highly Reliable,0,,Measure Not Applicable,,Measure Not Applicable,,Measure Not Applicable,,,Measure Not Applicable,,Measure Not Applicable,Measure Not Applicable,,,5 - Highly Reliable,Measure Not Applicable,,Measure Not Applicable,,5 - Highly Reliable,300,,Yes,300,,0,Measure Not Applicable,4 - Reliable,,,Data Not Available,,Data Not Available,,Data Not Available,,4 - Reliable,420,,4 - Reliable
ACC-00001015,Grey District Council,BLA001,Blackball,12,,1,,Infiltration gallery,,176,,Other (Please identify in the comments section),Estimated by total connection - 10%.,176,,Other (Please identify in the comments section),All residences and businesses are connected.,20,,Other (Please identify in the comments section),Businesses counted.,20,,Other (Please identify in the comments section),All businesses are connected.,280,,4 - Reliable,82156,,,Measure Not Applicable,4 - Reliable,2,,5 - Highly Reliable,0,,Measure Not Applicable,,,0,,Measure Not Applicable,,,0,,Measure Not Applicable,,,5 - Highly Reliable,Measure Not Applicable,,Measure Not Applicable,,5 - Highly Reliable,450,,Yes,200,,0,,4 - Reliable,45000,Yes,,45000,,6532,,6.89,3 - Less Reliable,1203,,4 - Reliable
ACC-00001015,Grey District Council,GRE001,Greater Greymouth,213,,2,,Bore,,4396,,Other (Please identify in the comments section),Estimated by total connection - 10%.,4396,,Other (Please identify in the comments section),All residences and businesses are connected.,488,,Other (Please identify in the comments section),10% of total connections.,488,,Other (Please identify in the comments section),All businesses are connected.,9450,,4 - Reliable,3450342,,,Measure Not Applicable,4 - Reliable,2,,5 - Highly Reliable,0,,Measure Not Applicable,,,0,,Measure Not Applicable,,,0,,Measure Not Applicable,,,5 - Highly Reliable,Measure Not Applicable,,Measure Not Applicable,,5 - Highly Reliable,500,,Yes,200,,40,,4 - Reliable,2400000,Yes,,2400000,,144927,,16.5,3 - Less Reliable,1973,,4 - Reliable
ACC-00001003,Hamilton City Council,HAM001,Hamilton,1552,,1,,River/stream/creek,,59593,,Other (Please identify in the comments section),Residential connections is determined from the rating category of the property at 1 July 2024.,59593,,Other (Please identify in the comments section),Residential connections is determined from the rating category of the property at 1 July 2024.,5490,,Other (Please identify in the comments section),Non-residential connections is determined from the rating category of the property at 1 July 2024.,5490,,,,192000,,3 - Less Reliable,22362344,,4181574,,4 - Reliable,7,,5 - Highly Reliable,727,,Other (Please identify in the comments section),Sewer,,457240,,Freshwater,,,1,,Other (Please identify in the comments section),Majority (95%) back to the Waikato River; some disposed of to land (Asian Golden Clam contaminated grit/sand),,,Yes,,Yes,,3 - Less Reliable,380,,Yes,200,,127,,2 - Uncertain,3321673,Yes,,3321673,,1071507,,3.1,3 - Less Reliable,650,,3 - Less Reliable
ACC-00008532,Hastings District Council,CLI001,Clive,12,,2,,Bore,,426,,Other (Please identify in the comments section),Total connections as per IPS asset database.  Small supply so Non-Res connections known and subtracted from total count.,392,,Other (Please identify in the comments section),Rating UAC total count,7,,Other (Please identify in the comments section),Total connections as per IPS asset database.  Small supply so Non-Res connections known and subtracted from total count.,50,,Other (Please identify in the comments section),Rating UAC total count,1153,,4 - Reliable,124406,,7738,,1 - Very Uncertain,2,,5 - Highly Reliable,,Measure Not Applicable,,,Measure Not Applicable,,Measure Not Applicable,,,Measure Not Applicable,,Measure Not Applicable,,,Measure Not Applicable,5 - Highly Reliable,Measure Not Applicable,,Measure Not Applicable,,5 - Highly Reliable,350,,Yes,100,,0,,4 - Reliable,21203.51524,No,,16230,,6812.3454,,2.382439387,2 - Uncertain,573.2470562,,1 - Very Uncertain
ACC-00008532,Hastings District Council,HAS001,Hastings,608,,10,,Bore,,20557,,Other (Please identify in the comments section),GIS property classification/Rating UAC total count >=1,22719,,Other (Please identify in the comments section),Rating UAC total count,1771,,Other (Please identify in the comments section),GIS property classification/Rating UAC total count >=1,2923,,Other (Please identify in the comments section),Rating UAC total count,65026,,4 - Reliable,16194532,,2464225,,3 - Less Reliable,2,,5 - Highly Reliable,,Measure Not Applicable,,,Measure Not Applicable,,Measure Not Applicable,,,Measure Not Applicable,,Measure Not Applicable,,,Measure Not Applicable,5 - Highly Reliable,Measure Not Applicable,,Measure Not Applicable,,5 - Highly Reliable,650,,Yes,300,,300,,3 - Less Reliable,4192181.392,No,,3582848,,630737.3886,,5.68,3 - Less Reliable,717.8127081,,3 - Less Reliable
ACC-00008532,Hastings District Council,HAU002,Haumoana-Te Awanga,33,,4,,Bore,,868,,Other (Please identify in the comments section),Total connections as per IPS asset database.  Small supply so Non-Res connections known and subtracted from total count.,822,,Other (Please identify in the comments section),Rating UAC total count,31,,Other (Please identify in the comments section),Total connections as per IPS asset database.  Small supply so Non-Res connections known and subtracted from total count.,61,,Other (Please identify in the comments section),Rating UAC total count,1996,,4 - Reliable,487369,,35113,,1 - Very Uncertain,1,,5 - Highly Reliable,,Measure Not Applicable,,,Measure Not Applicable,,Measure Not Applicable,,,Measure Not Applicable,,Measure Not Applicable,,,Measure Not Applicable,5 - Highly Reliable,Measure Not Applicable,,Measure Not Applicable,,5 - Highly Reliable,300,,Yes,100,,0,,4 - Reliable,179254.6633,No,,164580,,13682.025,,12.02892116,2 - Uncertain,756.3843729,,1 - Very Uncertain
ACC-00008532,Hastings District Council,OMA008,Omahu,1,,2,,Bore,,36,,Other (Please identify in the comments section),Total connections as per IPS asset database.  Small supply so Non-Res connections known and subtracted from total count.,35,,Other (Please identify in the comments section),Rating UAC total count,3,,Other (Please identify in the comments section),Total connections as per IPS asset database.  Small supply so Non-Res connections known and subtracted from total count.,2,,Other (Please identify in the comments section),Rating UAC total count,237,,4 - Reliable,28018,,1752,,1 - Very Uncertain,1,,5 - Highly Reliable,,Measure Not Applicable,,,Measure Not Applicable,,Measure Not Applicable,,,Measure Not Applicable,,Measure Not Applicable,,,Measure Not Applicable,5 - Highly Reliable,Measure Not Applicable,,Measure Not Applicable,,5 - Highly Reliable,350,,Yes,100,,0,,4 - Reliable,7503.688571,No,,6520,,570.7359,,11.4238477,1 - Very Uncertain,1261.096714,,1 - Very Uncertain
ACC-00008532,Hastings District Council,TEP009,Te Pohue,2,,1,,Spring,,18,,Other (Please identify in the comments section),Total connections as per IPS asset database.  Small supply so Non-Res connections known and subtracted from total count.,20,,Other (Please identify in the comments section),Rating UAC total count,1,,Other (Please identify in the comments section),Total connections as per IPS asset database.  Small supply so Non-Res connections known and subtracted from total count.,0,,Other (Please identify in the comments section),Rating UAC total count,62,,4 - Reliable,13315,,0,,1 - Very Uncertain,1,,5 - Highly Reliable,,Measure Not Applicable,,,Measure Not Applicable,,Measure Not Applicable,,,Measure Not Applicable,,Measure Not Applicable,,,Measure Not Applicable,5 - Highly Reliable,Measure Not Applicable,,Measure Not Applicable,,5 - Highly Reliable,250,,Yes,100,,0,,4 - Reliable,5776.930952,No,,5420,,307.33365,,17.63555667,1 - Very Uncertain,990.9616507,,1 - Very Uncertain
ACC-00008532,Hastings District Council,WAI007,Waimarama,11,,3,,Spring,,330,,Other (Please identify in the comments section),Total connections as per IPS asset database.  Small supply so Non-Res connections known and subtracted from total count.,318,,Other (Please identify in the comments section),Rating UAC total count,8,,Other (Please identify in the comments section),Total connections as per IPS asset database.  Small supply so Non-Res connections known and subtracted from total count.,19,,Other (Please identify in the comments section),Rating UAC total count,260,,4 - Reliable,105572,,6132,,1 - Very Uncertain,1,,5 - Highly Reliable,,Measure Not Applicable,,,Measure Not Applicable,,Measure Not Applicable,,,Measure Not Applicable,,Measure Not Applicable,,,Measure Not Applicable,5 - Highly Reliable,Measure Not Applicable,,Measure Not Applicable,,5 - Highly Reliable,300,,Yes,100,,0,,4 - Reliable,44838.32571,No,,41960,,4686.631633,,8.953125247,2 - Uncertain,301.0378948,,1 - Very Uncertain
ACC-00008532,Hastings District Council,WAI087,Waipatiki,3,,1,,Bore,,72,,Other (Please identify in the comments section),Total connections as per IPS asset database.  Small supply so Non-Res connections known and subtracted from total count.,70,,Other (Please identify in the comments section),Rating UAC total count,2,,Other (Please identify in the comments section),Total connections as per IPS asset database.  Small supply so Non-Res connections known and subtracted from total count.,4,,Other (Please identify in the comments section),Rating UAC total count,20,,4 - Reliable,9635,,1898,,1 - Very Uncertain,1,,5 - Highly Reliable,,Measure Not Applicable,,,Measure Not Applicable,1156,,Other (Please identify in the comments section),To WWTP with final disposal to land.,,,Measure Not Applicable,,,Measure Not Applicable,5 - Highly Reliable,Measure Not Applicable,,Measure Not Applicable,,5 - Highly Reliable,300,,Yes,100,,0,,4 - Reliable,445,No,,0,,1123.576432,,0,1 - Very Uncertain,187.5268479,,1 - Very Uncertain
ACC-00008532,Hastings District Council,WAI135,Waipatu,1,,1,,Bore,,12,,Other (Please identify in the comments section),Total connections as per IPS asset database.  Small supply so Non-Res connections known and subtracted from total count.,12,,Other (Please identify in the comments section),Rating UAC total count,0,,Other (Please identify in the comments section),Total connections as per IPS asset database.  Small supply so Non-Res connections known and subtracted from total count.,0,,Other (Please identify in the comments section),Rating UAC total count,40,,4 - Reliable,5639,,0,,1 - Very Uncertain,1,,5 - Highly Reliable,,Measure Not Applicable,,,Measure Not Applicable,,Measure Not Applicable,,,Measure Not Applicable,,Measure Not Applicable,,,Measure Not Applicable,5 - Highly Reliable,Measure Not Applicable,,Measure Not Applicable,,5 - Highly Reliable,300,,Yes,100,,0,,3 - Less Reliable,660,No,,420,,148.5477,,2.827374641,1 - Very Uncertain,1072.278974,,1 - Very Uncertain
ACC-00008532,Hastings District Council,WHA029,Whakatu,4,,1,,Bore,,142,,Other (Please identify in the comments section),Total connections as per IPS asset database.  Small supply so Non-Res connections known and subtracted from total count.,113,,Other (Please identify in the comments section),Rating UAC total count,6,,Other (Please identify in the comments section),Total connections as per IPS asset database.  Small supply so Non-Res connections known and subtracted from total count.,22,,Other (Please identify in the comments section),Rating UAC total count,417,,4 - Reliable,40186,,1460,,1 - Very Uncertain,1,,5 - Highly Reliable,,Measure Not Applicable,,,Measure Not Applicable,,Measure Not Applicable,,,Measure Not Applicable,,Measure Not Applicable,,,Measure Not Applicable,5 - Highly Reliable,Measure Not Applicable,,Measure Not Applicable,,5 - Highly Reliable,350,,Yes,100,,0,,4 - Reliable,6284.781905,No,,4650,,2316.8229,,2.007058891,2 - Uncertain,586.4927281,,1 - Very Uncertain
ACC-00008532,Hastings District Council,WHI007,Whirinaki-Esk,26,,3,,Bore,,299,,Other (Please identify in the comments section),Total connections as per IPS asset database.  Small supply so Non-Res connections known and subtracted from total count.,222,,Other (Please identify in the comments section),Rating UAC total count,10,,Other (Please identify in the comments section),Total connections as per IPS asset database.  Small supply so Non-Res connections known and subtracted from total count.,32,,Other (Please identify in the comments section),Rating UAC total count,748,,4 - Reliable,245212,,20039,,1 - Very Uncertain,2,,5 - Highly Reliable,,Measure Not Applicable,,,Measure Not Applicable,,Measure Not Applicable,,,Measure Not Applicable,,Measure Not Applicable,,,Measure Not Applicable,5 - Highly Reliable,Measure Not Applicable,,Measure Not Applicable,,5 - Highly Reliable,550,,Yes,100,,0,,4 - Reliable,85193.12571,No,,77560,,13837.30168,,5.605139052,2 - Uncertain,1401.840197,,1 - Very Uncertain
ACC-00008587,Hauraki District Council,KER005,Plains,362,,3,,River/stream/creek,,2711,,Number of metered connections,,1976,,Estimation by residential buildings,,125,,Number of metered connections,,113,,Estimation by non-residential buildings,,4703,,4 - Reliable,4876588,,81225,,3 - Less Reliable,11,,5 - Highly Reliable,3410,,Other (Please identify in the comments section),"Sludge goes to drying ponds, which are then desludged and carted to available consented land for drying.",,978580,,"Backwash water goes to settling ponds then to freshwater. Sludge removed to landfill, last done this year.",,,,Measure Not Applicable,Measure Not Applicable,,,5 - Highly Reliable,Yes,,Yes,,5 - Highly Reliable,350,,Yes,200,,0,,4 - Reliable,1054076,Yes,,695,,124.3867924,,5.59,3 - Less Reliable,356.1643836,,4 - Reliable
ACC-00008587,Hauraki District Council,PAE001,Paeroa,141,,1,,River/stream/creek,,2587,,Number of metered connections,,2417,,Estimation by residential buildings,,233,,Number of metered connections,,192,,Estimation by non-residential buildings,,5752,,4 - Reliable,1463921,,115121,,3 - Less Reliable,3,,5 - Highly Reliable,18,,Freshwater,,,137755,,"Backwash water discharged to freshwater , chemical washes to sewer system.",,,,Measure Not Applicable,Measure Not Applicable,,,5 - Highly Reliable,Yes,,Yes,,5 - Highly Reliable,450,,Yes,200,,0,,4 - Reliable,323026,Yes,,233,,76.47466883,,3.05,3 - Less Reliable,504.109589,,3 - Less Reliable
ACC-00008587,Hauraki District Council,WAI003,Waihi,92,,2,,River/stream/creek,,2966,,Number of metered connections,,2901,,Estimation by residential buildings,,180,,Number of metered connections,,156,,Estimation by non-residential buildings,,6904,,4 - Reliable,1246113,,76173,,3 - Less Reliable,4,,5 - Highly Reliable,14,,Freshwater,,,67827,,Backwash water discharged to sewer system.,,,,Measure Not Applicable,Measure Not Applicable,,,5 - Highly Reliable,Yes,,Yes,,5 - Highly Reliable,450,,Yes,200,,0,,4 - Reliable,564132,Yes,,428,,59.7979828,,7.159173148,3 - Less Reliable,361.6438356,,4 - Reliable
ACC-00001034,Horowhenua District Council,FOX003,Foxton and Foxton Beach,56,,5,Highly reliable,Bore,Highly reliable,3197,,Other (Please identify in the comments section),Pulled from authority SQL reporting services lastest estimate inclduing known missing connections.,2874,,Estimation by residential buildings,,167,,Estimation by non-residential buildings,,,,,,8408,,4 - Reliable,694638,,34,,3 - Less Reliable,6,,5 - Highly Reliable,,Data Not Available,Other (Please identify in the comments section),sewer line,,19710,,Other (Please identify in the comments section),"sewer, stockpile, landfill",,,Measure Not Applicable,,"water plant sludge has no large solids, its sludge",,4 - Reliable,Measure Not Applicable,,Measure Not Applicable,,5 - Highly Reliable,355,,Yes,250,,0,,4 - Reliable,65408,Yes,,68941,,49231,,2.5,4 - Reliable,386,,4 - Reliable
ACC-00001034,Horowhenua District Council,LEV001,Levin,229,,1,Highly reliable,Infiltration gallery,Highly reliable,9711,,Other (Please identify in the comments section),Pulled from authority SQL reporting services lastest estimate inclduing known missing connections.,8600,,Estimation by residential buildings,,790,,Estimation by non-residential buildings,,,,,,25484,,4 - Reliable,3745645,,427642,,3 - Less Reliable,4,,5 - Highly Reliable,,Data Not Available,Stockpile,Sludge discharged to ponds,,323064,,Landfill,stockpile to landfill,,,Measure Not Applicable,,"water plant sludge has no large solids, its sludge",,4 - Reliable,Yes,,Yes,,5 - Highly Reliable,558,,Yes,250,,0,,4 - Reliable,1279836,Yes,,420042,,307739,,4.2,4 - Reliable,719,,4 - Reliable
ACC-00001034,Horowhenua District Council,SHA001,Shannon,28,,1,Highly reliable,Infiltration gallery,Highly reliable,836,,Other (Please identify in the comments section),Pulled from authority SQL reporting services lastest estimate inclduing known missing connections.,631,,Estimation by residential buildings,,71,,Estimation by non-residential buildings,,,,,,2207,,4 - Reliable,196761,,1231,,3 - Less Reliable,4,,5 - Highly Reliable,,Data Not Available,Other (Please identify in the comments section),sewer line,,572,,Other (Please identify in the comments section),"sewer, stockpile, landfill",,,Measure Not Applicable,,"water plant sludge has no large solids, its sludge",,4 - Reliable,Yes,,Yes,,5 - Highly Reliable,522,,Yes,250,,0,,4 - Reliable,71686,Yes,,71919,,21287,,3.5,4 - Reliable,685,,4 - Reliable
ACC-00001034,Horowhenua District Council,TOK002,Tokomaru,6,,1,Highly reliable,Infiltration gallery,Highly reliable,226,,Other (Please identify in the comments section),Pulled from authority SQL reporting services lastest estimate inclduing known missing connections.,156,,Estimation by residential buildings,,31,,Estimation by non-residential buildings,,,,,,594,,4 - Reliable,48354,,0,,3 - Less Reliable,2,,5 - Highly Reliable,,Data Not Available,Other (Please identify in the comments section),sewer line,,5110,,Other (Please identify in the comments section),"Sewer, stockpile, landfill",,,Measure Not Applicable,,"water plant sludge has no large solids, its sludge",,4 - Reliable,Yes,,Yes,,5 - Highly Reliable,343,,Yes,250,,0,,4 - Reliable,8176,Yes,,8234,,3241,,2.5,4 - Reliable,576,,4 - Reliable
ACC-00001012,Hurunui District Council,AMB001,Amberley,412,,7,,Bore,,4149,,Other (Please identify in the comments section),Number of metered and unmetered(trickle feed) residential connections,0,Data Not Available,Data Not Available,,1835,,Other (Please identify in the comments section),Number of metered and unmetered(trickle feed) non-residential connections,0,Data Not Available,Data Not Available,,3791,,3 - Less Reliable,2561313,,1126629,,4 - Reliable,5,,4 - Reliable,0,Measure Not Applicable,Measure Not Applicable,,Measure Not Applicable,0,Measure Not Applicable,Measure Not Applicable,,Measure Not Applicable,0,Measure Not Applicable,Measure Not Applicable,,,5 - Highly Reliable,Measure Not Applicable,,Measure Not Applicable,,5 - Highly Reliable,559,,Yes,250,,0,,3 - Less Reliable,507879,No,,482327,,260746,,1.8,3 - Less Reliable,472,,3 - Less Reliable
ACC-00001012,Hurunui District Council,AMU001,Amuri Plains Rural Water Sup.,75,,3,,Bore,,82,,Other (Please identify in the comments section),"Number of trickle feed connections to properties designated residential, recreational",0,Data Not Available,Data Not Available,,84,,Other (Please identify in the comments section),"Number of trickle feed connections to properties designated commercial, agricultural etc.",0,Data Not Available,Data Not Available,,699,,3 - Less Reliable,212028.5,,137779.618,,4 - Reliable,1,,4 - Reliable,0,Measure Not Applicable,Measure Not Applicable,,Measure Not Applicable,0,Measure Not Applicable,Measure Not Applicable,,Measure Not Applicable,0,Measure Not Applicable,Measure Not Applicable,,,5 - Highly Reliable,Measure Not Applicable,,Measure Not Applicable,,5 - Highly Reliable,687,,Yes,250,,0,,3 - Less Reliable,53310,Yes,,53098,,28865,,1.8,3 - Less Reliable,876,,3 - Less Reliable
ACC-00001012,Hurunui District Council,ASH002,Ashley Rural,403,,4,,Bore,,78,,Other (Please identify in the comments section),"Number of trickle feed connections to properties designated residential, recreational",0,Data Not Available,Data Not Available,,1522,,Number of connections known,"Number of trickle feed connections to properties designated commercial, agricultural etc.",0,Data Not Available,Data Not Available,,4527,,3 - Less Reliable,820009,,730935,,4 - Reliable,1,,4 - Reliable,0,Measure Not Applicable,Measure Not Applicable,,Measure Not Applicable,0,Measure Not Applicable,Measure Not Applicable,,Measure Not Applicable,0,Measure Not Applicable,Measure Not Applicable,,,5 - Highly Reliable,Measure Not Applicable,,Measure Not Applicable,,5 - Highly Reliable,680,,Yes,250,,2,,3 - Less Reliable,65448,Yes,,64628,,144940,,0.4,4 - Reliable,600,,1 - Very Uncertain
ACC-00001012,Hurunui District Council,BAL003,Balmoral Rural,43,,2,,River/stream/creek,,9,,Other (Please identify in the comments section),"Number of trickle feed connections to properties designated residential, recreational",0,Data Not Available,Data Not Available,,47,,Other (Please identify in the comments section),"Number of trickle feed connections to properties designated commercial, agricultural etc.",0,Data Not Available,Data Not Available,,273,,3 - Less Reliable,156622,,139059,,4 - Reliable,2,,4 - Reliable,0,Measure Not Applicable,Measure Not Applicable,,Measure Not Applicable,0,Measure Not Applicable,Measure Not Applicable,,Measure Not Applicable,0,Measure Not Applicable,Measure Not Applicable,,,5 - Highly Reliable,Yes,,No,,3 - Less Reliable,687,,Yes,250,,0,,4 - Reliable,12932,Yes,,12775,,17383,,0.7,3 - Less Reliable,600,,1 - Very Uncertain
ACC-00001012,Hurunui District Council,BLY001,Blythe,28,,1,,Bore,,2,,Other (Please identify in the comments section),"Number of trickle feed connections to properties designated residential, recreational",0,Data Not Available,Data Not Available,,26,,Other (Please identify in the comments section),"Number of trickle feed connections to properties designated commercial, agricultural etc.",0,Data Not Available,Data Not Available,,28,,3 - Less Reliable,53363,,29673,,4 - Reliable,1,,4 - Reliable,0,Measure Not Applicable,Measure Not Applicable,,Measure Not Applicable,0,Measure Not Applicable,Measure Not Applicable,,Measure Not Applicable,0,Measure Not Applicable,Measure Not Applicable,,,5 - Highly Reliable,Measure Not Applicable,,Measure Not Applicable,,5 - Highly Reliable,687,,Yes,250,,0,,3 - Less Reliable,21112,Yes,,21059,,7407,,2.8,3 - Less Reliable,600,,1 - Very Uncertain
ACC-00001012,Hurunui District Council,CHE001,Cheviot,205,,2,,Bore,,477,,Other (Please identify in the comments section),"Number of trickle feed connections to properties designated residential, recreational",0,Data Not Available,Data Not Available,,220,,Other (Please identify in the comments section),"Number of trickle feed connections to properties designated commercial, agricultural etc.",0,Data Not Available,Data Not Available,,888,,3 - Less Reliable,440628,,277327,,4 - Reliable,1,,4 - Reliable,0,Measure Not Applicable,Measure Not Applicable,,Measure Not Applicable,0,Measure Not Applicable,Measure Not Applicable,,Measure Not Applicable,0,Measure Not Applicable,Measure Not Applicable,,,5 - Highly Reliable,Measure Not Applicable,,Measure Not Applicable,,5 - Highly Reliable,882,,Yes,250,,2,,3 - Less Reliable,54478,Yes,,54037,,90711,,0.6,4 - Reliable,600,,1 - Very Uncertain
ACC-00001012,Hurunui District Council,CUL001,Culverden,9,,1,,Bore,,160,,Number of metered connections,,0,Data Not Available,Data Not Available,,79,,Number of metered connections,,0,Data Not Available,Data Not Available,,366,,3 - Less Reliable,137970,,53935,,5 - Highly Reliable,1,,4 - Reliable,0,Measure Not Applicable,Measure Not Applicable,,Measure Not Applicable,0,Measure Not Applicable,Measure Not Applicable,,Measure Not Applicable,0,Measure Not Applicable,Measure Not Applicable,,,5 - Highly Reliable,Measure Not Applicable,,Measure Not Applicable,,5 - Highly Reliable,559,,Yes,250,,0,,5 - Highly Reliable,35653,No,,33567,,5902,,5.5,4 - Reliable,546,,5 - Highly Reliable
ACC-00001012,Hurunui District Council,HAN001,Hanmer,46,,3,,Infiltration gallery,,1248,,Other (Please identify in the comments section),Number of metered and unmetered(trickle feed) residential connections,0,Data Not Available,Data Not Available,,160,,Other (Please identify in the comments section),Number of metered and unmetered(trickle feed) non-residential connections,0,Data Not Available,Data Not Available,,948,,3 - Less Reliable,63019,,114556,,3 - Less Reliable,4,,4 - Reliable,0,Measure Not Applicable,Other (Please identify in the comments section),Sewer,Data Not Available,29000,,Other (Please identify in the comments section),Sewer,,0.2,Data Not Available,Other (Please identify in the comments section),sewer,,2 - Uncertain,Yes,,No,,4 - Reliable,490,,Yes,250,,25,,3 - Less Reliable,63019,No,,55640,,39963,,1.3,4 - Reliable,211,,4 - Reliable
ACC-00001012,Hurunui District Council,HAW001,Waikari Basin,268,,2,,Bore,,408,,Other (Please identify in the comments section),Number of metered and unmetered(trickle feed) residential connections,0,Data Not Available,Data Not Available,,428,,Other (Please identify in the comments section),Number of metered and unmetered(trickle feed) non-residential connections,0,Data Not Available,Data Not Available,,1350,,3 - Less Reliable,582029,,325679,,3 - Less Reliable,1,,4 - Reliable,0,Measure Not Applicable,Measure Not Applicable,,Measure Not Applicable,0,Measure Not Applicable,Measure Not Applicable,,Measure Not Applicable,0,Measure Not Applicable,Measure Not Applicable,,,5 - Highly Reliable,Measure Not Applicable,,Measure Not Applicable,,5 - Highly Reliable,667,,Yes,250,,0,,4 - Reliable,143425,Yes,,138413,,98405,,1.5,3 - Less Reliable,550,,2 - Uncertain
ACC-00001012,Hurunui District Council,KAI039,Kaiwara,93,,1,,Infiltration gallery,,1,,Other (Please identify in the comments section),"Number of trickle feed connections to properties designated residential, recreational",0,Data Not Available,Data Not Available,,76,,Other (Please identify in the comments section),"Number of trickle feed connections to properties designated commercial, agricultural etc.",0,Data Not Available,Data Not Available,,129,,3 - Less Reliable,243090,,123200,,3 - Less Reliable,1,,4 - Reliable,0,Measure Not Applicable,Measure Not Applicable,,Measure Not Applicable,0,Measure Not Applicable,Measure Not Applicable,,Measure Not Applicable,0,Measure Not Applicable,Measure Not Applicable,,,5 - Highly Reliable,Yes,,Yes,,4 - Reliable,882,,Yes,250,,0,,4 - Reliable,116584,No,,116341,,35604,,3.3,3 - Less Reliable,600,,3 - Less Reliable
ACC-00001012,Hurunui District Council,LOW010,Lower Waitohi,134,,1,,Bore,,69,,Other (Please identify in the comments section),"Number of trickle feed connections to properties designated residential, recreational",0,Data Not Available,Data Not Available,,80,,Other (Please identify in the comments section),"Number of trickle feed connections to properties designated commercial, agricultural etc.",0,Data Not Available,Data Not Available,,315,,3 - Less Reliable,209328,,127173,,3 - Less Reliable,1,,4 - Reliable,0,Measure Not Applicable,Measure Not Applicable,,Measure Not Applicable,0,Measure Not Applicable,Measure Not Applicable,,Measure Not Applicable,0,Measure Not Applicable,Measure Not Applicable,,,5 - Highly Reliable,Measure Not Applicable,,Measure Not Applicable,,5 - Highly Reliable,882,,Yes,250,,0,,3 - Less Reliable,64084,No,,63875,,59808,,1.1,3 - Less Reliable,600,,1 - Very Uncertain
ACC-00001012,Hurunui District Council,MOT016,Hurunui #1,324,,1,,Infiltration gallery,,246,,Other (Please identify in the comments section),"Number of trickle feed connections to properties designated residential, recreational",0,Data Not Available,Data Not Available,,288,,Other (Please identify in the comments section),"Number of trickle feed connections to properties designated commercial, agricultural etc.",0,Data Not Available,Data Not Available,,681,,3 - Less Reliable,668899,,485790,,3 - Less Reliable,2,,4 - Reliable,1,,Stockpile,,,1305,,Freshwater,,,0.1,,Stockpile,,,4 - Reliable,Yes,,Measure Not Applicable,,5 - Highly Reliable,882,,Yes,250,,0,,3 - Less Reliable,668899,No,,123203,,131088,,0.9,4 - Reliable,600,,1 - Very Uncertain
ACC-00001012,Hurunui District Council,PAR009,Parnassus Rural,74,,1,,Bore,,31,,Other (Please identify in the comments section),"Number of trickle feed connections to properties designated residential, recreational",0,Data Not Available,Data Not Available,,45,,Other (Please identify in the comments section),"Number of trickle feed connections to properties designated commercial, agricultural etc.",0,Data Not Available,Data Not Available,,210,,3 - Less Reliable,176003,,89618,,3 - Less Reliable,1,,4 - Reliable,,Measure Not Applicable,Measure Not Applicable,,Measure Not Applicable,,Measure Not Applicable,Measure Not Applicable,,Measure Not Applicable,0,Measure Not Applicable,Measure Not Applicable,,,4 - Reliable,Measure Not Applicable,,Measure Not Applicable,,5 - Highly Reliable,882,,Yes,250,,0,,3 - Less Reliable,76826,No,,76650,,32680,,2.3,3 - Less Reliable,600,,1 - Very Uncertain
ACC-00001012,Hurunui District Council,WAI026,Waiau Township,9,,1,,Bore,,130,,Number of metered connections,,0,Data Not Available,Data Not Available,,63,,Number of metered connections,,0,Data Not Available,Data Not Available,,255,,3 - Less Reliable,47198,,12643,,4 - Reliable,1,,4 - Reliable,,Data Not Available,Land,Soakpit,,4000,,Land,Soakpit,,,Data Not Available,Land,soakpit,,2 - Uncertain,Measure Not Applicable,,Measure Not Applicable,,4 - Reliable,490,,Yes,250,,0,,3 - Less Reliable,3979,Yes,,3110,,5304,,0.6,3 - Less Reliable,577,,4 - Reliable
ACC-00001012,Hurunui District Council,WAI067,Waiau Rural,111,,1,,Bore,,10,,Other (Please identify in the comments section),"Number of trickle feed connections to properties designated residential, recreational",0,Data Not Available,Data Not Available,,91,,Other (Please identify in the comments section),"Number of trickle feed connections to properties designated commercial, agricultural etc.",0,Data Not Available,Data Not Available,,435,,3 - Less Reliable,291489,,220537,,3 - Less Reliable,1,,4 - Reliable,,Measure Not Applicable,Measure Not Applicable,,Measure Not Applicable,,Measure Not Applicable,Measure Not Applicable,,Measure Not Applicable,0,Measure Not Applicable,Measure Not Applicable,,,4 - Reliable,Yes,,Measure Not Applicable,,4 - Reliable,882,,Yes,250,,0,,3 - Less Reliable,65428,No,,65136,,46771,,1.4,3 - Less Reliable,600,,1 - Very Uncertain
ACC-00001012,Hurunui District Council,WAI068,Waipara Township,6,,1,,Bore,,139,,Other (Please identify in the comments section),Number of metered and unmetered(trickle feed) residential connections,0,Data Not Available,Data Not Available,,41,,Other (Please identify in the comments section),Number of metered and unmetered(trickle feed) non-residential connections,0,Data Not Available,Data Not Available,,285,,3 - Less Reliable,46538,,9118,,3 - Less Reliable,1,,4 - Reliable,,Measure Not Applicable,Measure Not Applicable,,Measure Not Applicable,,Measure Not Applicable,Measure Not Applicable,,Measure Not Applicable,0,Measure Not Applicable,Measure Not Applicable,,,4 - Reliable,Yes,,Measure Not Applicable,,4 - Reliable,490,,Yes,250,,0,,3 - Less Reliable,4224,Yes,,3426,,4333,,0.8,4 - Reliable,614,,4 - Reliable
ACC-00008502,Invercargill City Council,INV001,Invecargill,434,,1,,River/stream/creek,,19936,,Other (Please identify in the comments section),Rates Type Report  - rated connections 24-25 rating year,21094,,Other (Please identify in the comments section),Rates Type Report  - rated connections 24-25 rating year,1533,,Other (Please identify in the comments section),Rates Type Report  - rated connections 24-25 rating year,1533,,Other (Please identify in the comments section),Rates Type Report  - rated connections 24-25 rating year,50197,,3 - Less Reliable,8104727,,2401548,,3 - Less Reliable,2,,5 - Highly Reliable,1416,,Landfill,Dried sludge to landfill for the year,,780943,,Other (Please identify in the comments section),Most backwash water returned to intake with solids removed for landfill.,,5,,Landfill,Specific tonnes not measured. A best guess only,,3 - Less Reliable,No,,Yes,,5 - Highly Reliable,390,,Yes,370,,2000,,3 - Less Reliable,1377804,Yes,,946538,,431266,,2.2,3 - Less Reliable,224,,4 - Reliable
ACC-00001004,Kaikoura District Council,FER003,Fernleigh Rural Water Supply,30,,1,,Bore,,50,,Estimation by residential buildings,,0,,Estimation by residential buildings,,50,,Estimation by non-residential buildings,,0,,Estimation by non-residential buildings,,150,,4 - Reliable,200000,,125000,,3 - Less Reliable,1,,5 - Highly Reliable,0,,Measure Not Applicable,,,0,Measure Not Applicable,Measure Not Applicable,,,0,Measure Not Applicable,Measure Not Applicable,,,5 - Highly Reliable,Measure Not Applicable,,Measure Not Applicable,,5 - Highly Reliable,450,,No,,Data Not Available,,Data Not Available,3 - Less Reliable,35000,No,,,Data Not Available,,Data Not Available,,2 - Uncertain,750,,2 - Uncertain
ACC-00001004,Kaikoura District Council,KAI004,Kaikoura,89,,3,,Bore,,1200,,Estimation by residential buildings,,5,,Estimation by residential buildings,,360,,Estimation by non-residential buildings,,0,,Estimation by non-residential buildings,,2500,,4 - Reliable,1150000,,250000,,4 - Reliable,3,,5 - Highly Reliable,0,,Measure Not Applicable,,,0,Measure Not Applicable,Measure Not Applicable,,,0,Measure Not Applicable,Measure Not Applicable,,,5 - Highly Reliable,Measure Not Applicable,,Measure Not Applicable,,5 - Highly Reliable,400,,No,,Data Not Available,,Data Not Available,3 - Less Reliable,98988,No,,177755,,53327,,30,3 - Less Reliable,533,,4 - Reliable
ACC-00001004,Kaikoura District Council,KAI021,Kaikoura East Coast Rural,38,,1,,Bore,,40,,Estimation by residential buildings,,0,,Estimation by residential buildings,,50,,Estimation by non-residential buildings,,0,,Estimation by non-residential buildings,,120,,3 - Less Reliable,150000,,125000,,3 - Less Reliable,1,,5 - Highly Reliable,0,,Measure Not Applicable,,,0,Measure Not Applicable,Measure Not Applicable,,,0,Measure Not Applicable,Measure Not Applicable,,,5 - Highly Reliable,Measure Not Applicable,,Measure Not Applicable,,5 - Highly Reliable,600,,No,,Data Not Available,,Data Not Available,3 - Less Reliable,30000,No,,,Data Not Available,,Data Not Available,,2 - Uncertain,750,,2 - Uncertain
ACC-00001004,Kaikoura District Council,KAI038,Kaikoura Airport,0,,1,,Bore,,0,,Estimation by residential buildings,,0,,Estimation by residential buildings,,2,,Estimation by non-residential buildings,,0,,Estimation by non-residential buildings,,10,,4 - Reliable,1200,,1200,,3 - Less Reliable,0,,5 - Highly Reliable,0,,Measure Not Applicable,,,0,Measure Not Applicable,Measure Not Applicable,,,0,Measure Not Applicable,Measure Not Applicable,,,5 - Highly Reliable,Measure Not Applicable,,Measure Not Applicable,,5 - Highly Reliable,350,,No,,Data Not Available,,Data Not Available,3 - Less Reliable,0,Yes,,0,,0,,,4 - Reliable,200,,3 - Less Reliable
ACC-00001004,Kaikoura District Council,KIN003,Kincaid Rural Water Supply,38,,1,,Infiltration gallery,,175,,Estimation by residential buildings,,0,,Estimation by residential buildings,,50,,Estimation by non-residential buildings,,0,,Estimation by non-residential buildings,,350,,4 - Reliable,250000,,175000,,3 - Less Reliable,1,,5 - Highly Reliable,0,,Measure Not Applicable,,,0,Measure Not Applicable,Measure Not Applicable,,,0,Measure Not Applicable,Measure Not Applicable,,,5 - Highly Reliable,Measure Not Applicable,,Measure Not Applicable,,5 - Highly Reliable,500,,No,,Data Not Available,,Data Not Available,3 - Less Reliable,50000,No,,,Data Not Available,,Data Not Available,,2 - Uncertain,750,,2 - Uncertain
ACC-00001004,Kaikoura District Council,OAR001,Oaro,3,,1,,Bore,,80,,Estimation by residential buildings,,0,,Estimation by residential buildings,,0,,Estimation by non-residential buildings,,0,,Estimation by non-residential buildings,,200,,4 - Reliable,75000,,0,,3 - Less Reliable,1,,5 - Highly Reliable,0,,Measure Not Applicable,,,0,Measure Not Applicable,Measure Not Applicable,,,0,Measure Not Applicable,Measure Not Applicable,,,5 - Highly Reliable,Measure Not Applicable,,Measure Not Applicable,,5 - Highly Reliable,450,,No,,Data Not Available,,Data Not Available,3 - Less Reliable,15000,No,,,Data Not Available,,Data Not Available,,2 - Uncertain,500,,2 - Uncertain
ACC-00001004,Kaikoura District Council,OCE002,Ocean Ridge,6,,2,,Bore,,200,,Estimation by residential buildings,,0,,Estimation by residential buildings,,5,,Estimation by non-residential buildings,,0,,Estimation by non-residential buildings,,250,,3 - Less Reliable,50000,,5000,,3 - Less Reliable,1,,5 - Highly Reliable,0,,Measure Not Applicable,,,0,Measure Not Applicable,Measure Not Applicable,,,0,Measure Not Applicable,Measure Not Applicable,,,5 - Highly Reliable,Measure Not Applicable,,Measure Not Applicable,,5 - Highly Reliable,400,,No,,Data Not Available,,Data Not Available,3 - Less Reliable,1000,No,,,Data Not Available,,Data Not Available,,2 - Uncertain,500,,2 - Uncertain
ACC-00001004,Kaikoura District Council,PEK002,Peketa,1,,1,,Bore,,32,,Estimation by residential buildings,,0,,Estimation by residential buildings,,0,,,,,,,,60,,4 - Reliable,15000,,0,,3 - Less Reliable,1,,5 - Highly Reliable,0,,Measure Not Applicable,,,0,Measure Not Applicable,Measure Not Applicable,,,0,Measure Not Applicable,Measure Not Applicable,,,5 - Highly Reliable,Measure Not Applicable,,Measure Not Applicable,,5 - Highly Reliable,400,,No,,Data Not Available,,Data Not Available,3 - Less Reliable,3000,No,,,Data Not Available,,Data Not Available,,2 - Uncertain,500,,2 - Uncertain
ACC-00001094,Kaipara District Council,DAR002,Dargaville,162,,3,,River/stream/creek,,2349,,Number of metered connections,,2349,,Other (Please identify in the comments section),Number of metered non residental connections in the network,526,,Number of connections known,,526,,Other (Please identify in the comments section),Number of metered non residental connections in the network,4683,,3 - Less Reliable,1031817,,366451,,3 - Less Reliable,4,,4 - Reliable,0,Measure Not Applicable,Measure Not Applicable,,Measure Not Applicable,,Data Not Available,Land,Via Wastewater Treatment - not measured,Data Not Available,0,Measure Not Applicable,Measure Not Applicable,,Measure Not Applicable,4 - Reliable,Yes,,Yes,,4 - Reliable,457,,Yes,300,,,Data Not Available,3 - Less Reliable,,No,,326683,,66342,,4.9,3 - Less Reliable,360,,3 - Less Reliable
ACC-00001094,Kaipara District Council,GLI001,Glinks Gully,3,,1,,Infiltration gallery,,75,,Number of metered connections,,75,,Other (Please identify in the comments section),Number of metered non residental connections in the network,2,,Number of connections known,,2,,Other (Please identify in the comments section),Number of metered non residental connections in the network,50,,3 - Less Reliable,3882,,1085,,3 - Less Reliable,1,,4 - Reliable,0,Measure Not Applicable,Measure Not Applicable,,Measure Not Applicable,,Data Not Available,Land,Via Wastewater Treatment - not measured,Data Not Available,0,Measure Not Applicable,Measure Not Applicable,,Measure Not Applicable,3 - Less Reliable,Measure Not Applicable,,Measure Not Applicable,,4 - Reliable,323,,Yes,300,,40,,3 - Less Reliable,,No,,590,,1017,,0.6,3 - Less Reliable,130,,3 - Less Reliable
ACC-00001094,Kaipara District Council,MAN003,Mangawhai Heads,8,,1,,Bore,,9,,Number of metered connections,,9,,Other (Please identify in the comments section),Number of metered non residental connections in the network,12,,Number of connections known,,12,,Other (Please identify in the comments section),Number of metered non residental connections in the network,75,,3 - Less Reliable,12404,,6139,,3 - Less Reliable,1,,4 - Reliable,0,Measure Not Applicable,Measure Not Applicable,,Measure Not Applicable,,Data Not Available,Land,Via Wastewater Treatment - not measured,Data Not Available,0,Measure Not Applicable,Measure Not Applicable,,Measure Not Applicable,4 - Reliable,Measure Not Applicable,,Measure Not Applicable,,4 - Reliable,240,,Yes,300,,,Data Not Available,3 - Less Reliable,,No,,3047,,725,,4.2,3 - Less Reliable,670,,3 - Less Reliable
ACC-00001094,Kaipara District Council,MAU001,Maungaturoto,46,,2,,River/stream/creek,,353,,Number of metered connections,,353,,Other (Please identify in the comments section),Number of metered non residental connections in the network,107,,Number of connections known,,107,,Other (Please identify in the comments section),Number of metered non residental connections in the network,980,,3 - Less Reliable,779719,,46661,,3 - Less Reliable,2,,4 - Reliable,0,Measure Not Applicable,Measure Not Applicable,,Measure Not Applicable,,Data Not Available,Marine,Backwash discharged via Sewer - not measured,Data Not Available,0,Measure Not Applicable,Measure Not Applicable,,Measure Not Applicable,4 - Reliable,Yes,,No,,3 - Less Reliable,488,,Yes,300,,,Data Not Available,3 - Less Reliable,,No,,60055,,12071,,5,3 - Less Reliable,420,,3 - Less Reliable
ACC-00001094,Kaipara District Council,RUA001,Ruawai,13,,2,,Bore,,194,,Number of metered connections,,194,,Other (Please identify in the comments section),Number of metered non residental connections in the network,55,,Number of connections known,,55,,Other (Please identify in the comments section),Number of metered non residental connections in the network,426,,3 - Less Reliable,41656,,11525,,3 - Less Reliable,2,,4 - Reliable,0,Measure Not Applicable,Measure Not Applicable,,Measure Not Applicable,1525,,Freshwater,"This data is inacurate as recently meter has been reading continous when not discharging, expected actual figure is only 50%",Data Not Available,0,Measure Not Applicable,Measure Not Applicable,,Measure Not Applicable,4 - Reliable,Measure Not Applicable,,Measure Not Applicable,,4 - Reliable,448,,Yes,300,,,Data Not Available,3 - Less Reliable,,No,,7150,,5761,,1.2,3 - Less Reliable,290,,3 - Less Reliable
ACC-00008506,Kapiti Coast District Council,HAU003HA,Hautere,33,--,2,--,Bores,,254,--,Other (Please identify in the comments section),Count of Connection_IDs as indentified in GIS,254,--,Estimation by residential buildings,Based on Rated SUIPs,52,--,Other (Please identify in the comments section),Count of Connection_IDs as indentified in GIS,52,--,Estimation by residential buildings,Based on Rated SUIPs,940,--,5 - Highly Reliable,281340,--,82125,--,5 - Highly Reliable,1,--,5 - Highly Reliable,0,--,--,No sludge generated,Measure Not Applicable,0,--,--,No Backwashing,Measure Not Applicable,0,Measure Not Applicable,--,No Screenings,Measure Not Applicable,5 - Highly Reliable,--,,--,,5 - Highly Reliable,750,,Yes,250,,0,,5 - Highly Reliable,76400,No,,76100,,21800,,3.490899144,5 - Highly Reliable,531,,5 - Highly Reliable
ACC-00008506,Kapiti Coast District Council,OTA003OT,Otaki,103.260758,--,4,--,Bores,,3232,--,Other (Please identify in the comments section),Count of Connection_IDs as indentified in GIS,4105,--,Estimation by residential buildings,Based on Rated SUIPs,512,--,Other (Please identify in the comments section),Count of Connection_IDs as indentified in GIS,806,--,Estimation by residential buildings,Based on Rated SUIPs,7760,--,5 - Highly Reliable,1017950,--,115114.6309,--,5 - Highly Reliable,3,--,5 - Highly Reliable,0,--,--,No sludge generated,Measure Not Applicable,0,--,--,No Backwashing,Measure Not Applicable,0,Measure Not Applicable,--,No Screenings,Measure Not Applicable,5 - Highly Reliable,--,,--,,5 - Highly Reliable,480,,Yes,250,,9,,5 - Highly Reliable,350800,No,,336500,,78700,,4.276930658,5 - Highly Reliable,309,,5 - Highly Reliable
ACC-00008506,Kapiti Coast District Council,PAE002PA,Paekakariki,22,--,3,--,Bores (Primary) and River Intake,River Intake not used in over 5 years,728,--,Other (Please identify in the comments section),Count of Connection_IDs as indentified in GIS,793,--,Estimation by residential buildings,Based on Rated SUIPs,56,--,Other (Please identify in the comments section),Count of Connection_IDs as indentified in GIS,44,--,Estimation by residential buildings,Based on Rated SUIPs,1740,--,5 - Highly Reliable,167248.2778,--,10818.16854,--,5 - Highly Reliable,2,--,5 - Highly Reliable,0,--,--,No sludge generated,Measure Not Applicable,0,--,--,No Backwashing,Measure Not Applicable,0,Measure Not Applicable,--,No Screenings,Measure Not Applicable,5 - Highly Reliable,--,,--,,5 - Highly Reliable,510,,Yes,250,,0,,5 - Highly Reliable,52700,No,,50200,,17600,,2.856924065,5 - Highly Reliable,270,,5 - Highly Reliable
ACC-00008506,Kapiti Coast District Council,WAI010KA,Kapiti,441.6,--,9,--,River Intake (Primary) & 8 Bores,Bores used to recharge River,15926,--,Other (Please identify in the comments section),Count of Connection_IDs as indentified in GIS,20151,--,Estimation by residential buildings,Based on Rated SUIPs,1206,--,Other (Please identify in the comments section),Count of Connection_IDs as indentified in GIS,1431,--,Estimation by residential buildings,Based on Rated SUIPs,48590,--,5 - Highly Reliable,4580000,--,540000,--,5 - Highly Reliable,5,--,5 - Highly Reliable,224.81,--,Land,Collected by JBs Environmental,--,91006.0243,--,Other,Backwash water pumped to the sewer.,--,0,Measure Not Applicable,--,No Screenings,Measure Not Applicable,5 - Highly Reliable,Yes,,Yes,,5 - Highly Reliable,500,,Yes,250,,90,,5 - Highly Reliable,1177100,No,,1056100,,379200,,2.78507384,5 - Highly Reliable,328,,5 - Highly Reliable
ACC-00008542,Kawerau District Council,KAW003,Kawerau,73,,3,,Bore,,2740,,Estimation by residential buildings,,2740,,Estimation by residential buildings,,200,,Estimation by non-residential buildings,,200,,Estimation by non-residential buildings,,7820,,5 - Highly Reliable,1303423,,545539,,5 - Highly Reliable,1,,5 - Highly Reliable,0,Measure Not Applicable,Measure Not Applicable,,Measure Not Applicable,0,Measure Not Applicable,Measure Not Applicable,,Measure Not Applicable,0,Measure Not Applicable,Measure Not Applicable,,Measure Not Applicable,5 - Highly Reliable,Measure Not Applicable,,Measure Not Applicable,,5 - Highly Reliable,517,,Yes,517,,0,,5 - Highly Reliable,52195,Yes,,52195,,23360,,2.23,4 - Reliable,1303,,5 - Highly Reliable
ACC-00008572,Mackenzie District Council,,Albury,107,,1,,River/stream/creek,,120,,Other (Please identify in the comments section),Rates data,120,,Estimation by population,,,,Data Not Available,,,,,,240,,4 - Reliable,,,,,,2,,,,Data Not Available,Freshwater,,Measure Not Applicable,,Measure Not Applicable,Measure Not Applicable,,,,,Measure Not Applicable,,Measure Not Applicable,4 - Reliable,Yes,,Yes,,4 - Reliable,,Data Not Available,,,,,,,61320,Yes,,,Data Not Available,,Data Not Available,,,,,
ACC-00008572,Mackenzie District Council,ALL001,Allendale,120,,1,,Infiltration gallery,,260,,Other (Please identify in the comments section),Rates data,260,,Estimation by population,,180,,Other (Please identify in the comments section),From rates data,,,,,260,,3 - Less Reliable,,,,,,1,,,,Data Not Available,Freshwater,,Measure Not Applicable,,Measure Not Applicable,Measure Not Applicable,,,,,Measure Not Applicable,,Measure Not Applicable,4 - Reliable,Yes,,Yes,,4 - Reliable,,Data Not Available,,,,,,,35040,Yes,,,Data Not Available,,Data Not Available,,,,,
ACC-00008572,Mackenzie District Council,BUR002,Burkes Pass,3,,1,,River/stream/creek,,28,,Other (Please identify in the comments section),Rates data,28,,Estimation by population,,2,,Other (Please identify in the comments section),From rates data,,,,,100,,3 - Less Reliable,,,,,,1,,,,Data Not Available,Freshwater,,Data Not Available,,Measure Not Applicable,Measure Not Applicable,,,,,Measure Not Applicable,,Measure Not Applicable,4 - Reliable,Yes,,Yes,,4 - Reliable,,Data Not Available,,,,,,,8760,Yes,,,Data Not Available,,Data Not Available,,,,,
ACC-00008572,Mackenzie District Council,FAI002,Fairlie,77,,1,,Spring,,850,,Other (Please identify in the comments section),Rates data,850,,Estimation by population,,67,,Other (Please identify in the comments section),From rates data,,,,,1200,,3 - Less Reliable,,,,,,1,,,,Data Not Available,Land,,Data Not Available,,Data Not Available,Land,,,,Data Not Available,Land,,,4 - Reliable,Yes,,Yes,,4 - Reliable,,Data Not Available,,,,,,,19272,Yes,,,Data Not Available,,Data Not Available,,,,,
ACC-00008572,Mackenzie District Council,TEK005,Tekapo,35,,1,,Infiltration gallery,,550,,Other (Please identify in the comments section),Rates data,550,,Estimation by population,,37,,Other (Please identify in the comments section),From rates data,,,,,800,,3 - Less Reliable,,,,,,1,,,,Data Not Available,Freshwater,,Data Not Available,,Measure Not Applicable,Measure Not Applicable,,,,,Measure Not Applicable,,Measure Not Applicable,4 - Reliable,Yes,,Yes,,4 - Reliable,,Data Not Available,,,,,,,297840,Yes,,,Data Not Available,,Data Not Available,,,,,
ACC-00008572,Mackenzie District Council,TWI001,Twizel,95,,3,,Bore,,1999,,Other (Please identify in the comments section),Rates data,1999,,Estimation by population,,156,,Other (Please identify in the comments section),From rates data,,,,,3000,,3 - Less Reliable,,,,,,1,,,,Data Not Available,Freshwater,,Data Not Available,,Measure Not Applicable,Measure Not Applicable,,,,,Measure Not Applicable,,Measure Not Applicable,4 - Reliable,Yes,,Yes,,4 - Reliable,,Data Not Available,,,,,,,122640,Yes,,,Data Not Available,,Data Not Available,,,,,
ACC-00007492,Manawatu District Council,FEI001,Feilding,211,,3,,River/stream/creek,,6931,,Estimation by residential buildings,,6467,,Number of connections known,,548,,Estimation by non-residential buildings,,470,,Number of connections known,,18250,,4 - Reliable,2987063,,1514442,,4 - Reliable,3,,4 - Reliable,10,,Stockpile,Almadale sludge stockpiled at Manawatū WWTP,,4000,,Land,Open roadside drain,,,Measure Not Applicable,Measure Not Applicable,,Measure Not Applicable,5 - Highly Reliable,Yes,,Yes,,4 - Reliable,500,,Yes,300,Data Not Available,0,,3 - Less Reliable,1374049,No,,657154,,,Data Not Available,22,4 - Reliable,217,,4 - Reliable
ACC-00007492,Manawatu District Council,HAL001,Stanway - Halcombe,123,,1,,Bore,,1134,,Estimation by residential buildings,,1126,,Estimation by residential buildings,,387,,Estimation by non-residential buildings,,399,,Estimation by non-residential buildings,,660,,4 - Reliable,104942,,,Measure Not Applicable,4 - Reliable,1,,5 - Highly Reliable,,Measure Not Applicable,Measure Not Applicable,,Measure Not Applicable,,Data Not Available,,,,,Measure Not Applicable,Measure Not Applicable,,Measure Not Applicable,5 - Highly Reliable,Measure Not Applicable,,Measure Not Applicable,,5 - Highly Reliable,210,,Yes,200,Data Not Available,0,,3 - Less Reliable,20988,No,,20988,,,Data Not Available,20,4 - Reliable,479,,4 - Reliable
ACC-00007492,Manawatu District Council,HIM001,Himatangi Beach,14,,1,,Bore,,433,,Estimation by residential buildings,,433,,Estimation by residential buildings,,13,,Estimation by non-residential buildings,,13,,Estimation by non-residential buildings,,580,,4 - Reliable,155610,,3655,,4 - Reliable,1,,5 - Highly Reliable,,Measure Not Applicable,Measure Not Applicable,,Measure Not Applicable,,Data Not Available,,,,,Measure Not Applicable,Measure Not Applicable,,Measure Not Applicable,5 - Highly Reliable,Measure Not Applicable,,Measure Not Applicable,,5 - Highly Reliable,,Data Not Available,Yes,300,Data Not Available,,Data Not Available,3 - Less Reliable,82473,No,,54464,,,Data Not Available,8.6,4 - Reliable,730,,4 - Reliable
ACC-00007492,Manawatu District Council,OHA020,Ohakea,46,,1,,Bore,,1187,,Estimation by residential buildings,,1171,,Estimation by residential buildings,,112,,Estimation by non-residential buildings,,128,,Estimation by non-residential buildings,,800,,4 - Reliable,121633,,1414,,4 - Reliable,1,,5 - Highly Reliable,,Measure Not Applicable,Measure Not Applicable,,Measure Not Applicable,500,,Other (Please identify in the comments section),Sent to Manawatū WWTP via Sanson WWPS,,,Measure Not Applicable,Measure Not Applicable,,Measure Not Applicable,5 - Highly Reliable,Measure Not Applicable,,Measure Not Applicable,,5 - Highly Reliable,350,,Yes,300,Data Not Available,0,,3 - Less Reliable,46221,No,,26759,,,Data Not Available,22,3 - Less Reliable,412,,4 - Reliable
ACC-00007492,Manawatu District Council,RON002,Rongotea,12,,1,,Bore,,96,,Estimation by residential buildings,,96,,Estimation by residential buildings,,10,,Estimation by non-residential buildings,,10,,Estimation by non-residential buildings,,700,,4 - Reliable,33194,,6214,,4 - Reliable,1,,5 - Highly Reliable,,Measure Not Applicable,Measure Not Applicable,,Measure Not Applicable,,Data Not Available,,,,,Measure Not Applicable,Measure Not Applicable,,Measure Not Applicable,5 - Highly Reliable,Measure Not Applicable,,Measure Not Applicable,,5 - Highly Reliable,450,,Yes,300,Data Not Available,0,,3 - Less Reliable,6307,No,,6307,,,Data Not Available,19,4 - Reliable,123,,4 - Reliable
ACC-00007492,Manawatu District Council,WAI022,Waituna West,61,,1,,Bore,,463,,Estimation by residential buildings,,454,,Estimation by residential buildings,,154,,Estimation by non-residential buildings,,163,,Estimation by non-residential buildings,,224,,4 - Reliable,99347,,,Measure Not Applicable,4 - Reliable,1,,5 - Highly Reliable,,Measure Not Applicable,Measure Not Applicable,,Measure Not Applicable,,Data Not Available,,,,,Measure Not Applicable,Measure Not Applicable,,Measure Not Applicable,5 - Highly Reliable,Measure Not Applicable,,Measure Not Applicable,,5 - Highly Reliable,285,,Yes,200,Data Not Available,0,,3 - Less Reliable,52654,No,,9935,,,Data Not Available,10,1 - Very Uncertain,1215,,4 - Reliable
ACC-00008520,Marlborough District Council,AWA300,Awatere,152,,1,,River/stream/creek,,498,,Number of metered connections,,490,,Estimation by residential buildings,,42,,Estimation by non-residential buildings,,,Data Not Available,,,1176,,4 - Reliable,706633,,282653,,2 - Uncertain,1,,4 - Reliable,,Measure Not Applicable,Measure Not Applicable,,Measure Not Applicable,,Data Not Available,Measure Not Applicable,,,,Measure Not Applicable,Measure Not Applicable,,Measure Not Applicable,5 - Highly Reliable,Yes,,No,,4 - Reliable,50,,Yes,,Data Not Available,,Data Not Available,5 - Highly Reliable,160378,No,,160,,42,,3.81,4 - Reliable,751,,3 - Less Reliable
ACC-00008520,Marlborough District Council,BLE001,Blenheim,307,,9,,Bore,,11106,,Number of metered connections,,10986,,Estimation by residential buildings,,783,,Estimation by non-residential buildings,,,Data Not Available,,,26366,,4 - Reliable,6374077,,1912223,,2 - Uncertain,1,,4 - Reliable,,Measure Not Applicable,Measure Not Applicable,,Measure Not Applicable,,Data Not Available,Measure Not Applicable,,,,Measure Not Applicable,Measure Not Applicable,,Measure Not Applicable,5 - Highly Reliable,Measure Not Applicable,,Measure Not Applicable,,4 - Reliable,51,,Yes,,Data Not Available,,Data Not Available,5 - Highly Reliable,2368925,No,,2366,,255,,9.3,4 - Reliable,360,,2 - Uncertain
ACC-00008520,Marlborough District Council,HAV002,Havelock,12,,2,,Bore,,312,,Number of metered connections,,306,,Estimation by residential buildings,,42,,Estimation by non-residential buildings,,,Data Not Available,,,734,,4 - Reliable,229866,,80453,,2 - Uncertain,1,,4 - Reliable,,Measure Not Applicable,Measure Not Applicable,,Measure Not Applicable,,Data Not Available,Measure Not Applicable,,,,Measure Not Applicable,Measure Not Applicable,,Measure Not Applicable,5 - Highly Reliable,Measure Not Applicable,,Measure Not Applicable,,4 - Reliable,67,,Yes,,Data Not Available,,Data Not Available,5 - Highly Reliable,98708,No,,98,,11,,8.62,4 - Reliable,360,,3 - Less Reliable
ACC-00008520,Marlborough District Council,PIC001,Picton/Waikawa,81,,4,,Bore,,2109,,Number of metered connections,,2052,,Estimation by residential buildings,,230,,Estimation by non-residential buildings,,,Data Not Available,,,4925,,4 - Reliable,1288969,,386691,,2 - Uncertain,2,,4 - Reliable,,Measure Not Applicable,Measure Not Applicable,,Measure Not Applicable,,Data Not Available,Measure Not Applicable,,,,Measure Not Applicable,Measure Not Applicable,,Measure Not Applicable,5 - Highly Reliable,Measure Not Applicable,,Measure Not Applicable,,4 - Reliable,81,,Yes,,Data Not Available,,Data Not Available,5 - Highly Reliable,530376,No,,530,,90,,5.88,4 - Reliable,295,,2 - Uncertain
ACC-00008520,Marlborough District Council,REN001,Renwick,28,,3,,Bore,,937,,Number of metered connections,,934,,Estimation by residential buildings,,31,,Estimation by non-residential buildings,,,Data Not Available,,,2242,,4 - Reliable,351946,,132181,,2 - Uncertain,1,,4 - Reliable,,Measure Not Applicable,Measure Not Applicable,,Measure Not Applicable,,Data Not Available,Other (Please identify in the comments section),Sewer,,,Measure Not Applicable,Measure Not Applicable,,Measure Not Applicable,5 - Highly Reliable,Measure Not Applicable,,Measure Not Applicable,,4 - Reliable,48,,Yes,,Data Not Available,,Data Not Available,5 - Highly Reliable,109548,No,,109,,21,,5.21,4 - Reliable,494,,3 - Less Reliable
ACC-00008520,Marlborough District Council,RIV002,Riverlands Industrial,14,,3,,Bore,,27,,Number of metered connections,,27,,Estimation by residential buildings,,115,,Estimation by non-residential buildings,,,Data Not Available,,,65,,4 - Reliable,451924,,429328,,3 - Less Reliable,3,,4 - Reliable,,Measure Not Applicable,Measure Not Applicable,,Measure Not Applicable,,Data Not Available,Measure Not Applicable,,,,Measure Not Applicable,Measure Not Applicable,,Measure Not Applicable,5 - Highly Reliable,Measure Not Applicable,,Measure Not Applicable,,4 - Reliable,39,,Yes,,Data Not Available,,Data Not Available,5 - Highly Reliable,39026,No,,39,,5,,7.73,4 - Reliable,475,,2 - Uncertain
ACC-00008520,Marlborough District Council,SED300,Seddon,14,,1,,River/stream/creek,,289,,Number of metered connections,,280,,Estimation by residential buildings,,15,,Estimation by non-residential buildings,,,Data Not Available,,,672,,4 - Reliable,89155,,35662,,2 - Uncertain,,Data Not Available,4 - Reliable,,Measure Not Applicable,Measure Not Applicable,,Measure Not Applicable,,Data Not Available,Other (Please identify in the comments section),Sewer,,,Measure Not Applicable,Measure Not Applicable,,Measure Not Applicable,5 - Highly Reliable,Yes,,No,,4 - Reliable,53,,Yes,,Data Not Available,,Data Not Available,5 - Highly Reliable,17187,No,,17,,9,,1.93,4 - Reliable,383,,3 - Less Reliable
ACC-00008520,Marlborough District Council,WAI034,Wairau Valley Township,4,,2,,Bore,,61,,Number of metered connections,,58,,Estimation by residential buildings,,6,,Estimation by non-residential buildings,,,Data Not Available,,,139,,4 - Reliable,20830,,8332,,2 - Uncertain,1,,4 - Reliable,,Measure Not Applicable,Measure Not Applicable,,Measure Not Applicable,,Data Not Available,Other (Please identify in the comments section),Re-used,,,Measure Not Applicable,Measure Not Applicable,,Measure Not Applicable,5 - Highly Reliable,Measure Not Applicable,,Measure Not Applicable,,4 - Reliable,61,,Yes,,Data Not Available,,Data Not Available,5 - Highly Reliable,6128,No,,6,,3,,2.27,4 - Reliable,563,,3 - Less Reliable
ACC-00001026,Masterton District Council,MAS002,Masterton,198,,1,,River/stream/creek,,9584,,Number of metered connections,,9626,,Other (Please identify in the comments section),Rating database,674,,Number of metered connections,,674,,Number of connections known,,21000,,4 - Reliable,5278433,,316700,,4 - Reliable,1,,5 - Highly Reliable,365,,Landfill,Landfilled on site to date.,,258455,,Freshwater,Decant to sludge settling pods then decant to river.,,0,,Measure Not Applicable,Not Screened,,5 - Highly Reliable,No,,No,,4 - Reliable,700,,No,,,,Data Not Available,4 - Reliable,2216941,Yes,,,,305000,,4.8,4 - Reliable,2137,,4 - Reliable
ACC-00001026,Masterton District Council,TIN002,Tinui,2,,1,,Spring,,38,,Number of metered connections,,35,,Number of connections known,,3,,Number of connections known,,3,,Number of connections known,,314,,4 - Reliable,23656,,,Data Not Available,4 - Reliable,1,,5 - Highly Reliable,0,,Measure Not Applicable,,,0,,,,Measure Not Applicable,0,,Measure Not Applicable,Not Screened,,5 - Highly Reliable,No,,Yes,,5 - Highly Reliable,340,,No,,,,Data Not Available,4 - Reliable,,,Data Not Available,,Data Not Available,,Data Not Available,,3 - Less Reliable,1700,,3 - Less Reliable
ACC-00001026,Masterton District Council,WAI058,Wainuioru Mixed Use Rural,58,,2,,Bore,,0,,Other (Please identify in the comments section),Water supplied to farms and farming units. System owned by Council but operated by User Committee.,0,,Other (Please identify in the comments section),No residential units connected.,125,,Number of connections known,,125,,Number of connections known,,,Data Not Available,4 - Reliable,262080,,,Data Not Available,4 - Reliable,1,,3 - Less Reliable,0,,Measure Not Applicable,,,0,,,,Measure Not Applicable,0,,Measure Not Applicable,Not Screened,,5 - Highly Reliable,No,,No,,5 - Highly Reliable,,Data Not Available,,,Data Not Available,,Data Not Available,3 - Less Reliable,,,Data Not Available,,Data Not Available,,Data Not Available,,3 - Less Reliable,,Measure Not Applicable,3 - Less Reliable
ACC-00008512,Matamata Piako District Council,HIN002,Hinuera,3.85,,2,,Bore,,25,,Other (Please identify in the comments section),Service (Asset type) from GIS.,,Data Not Available,Data Not Available,,,Data Not Available,Data Not Available,,,Data Not Available,Data Not Available,,116,,3 - Less Reliable,14453,,,Data Not Available,3 - Less Reliable,1,,5 - Highly Reliable,,Measure Not Applicable,Measure Not Applicable,"No sludge, the source is groundwater. No backwash water. Treatment process is UV and hypo",,,Measure Not Applicable,Measure Not Applicable,,Measure Not Applicable,,Measure Not Applicable,Measure Not Applicable,,Measure Not Applicable,4 - Reliable,Measure Not Applicable,,Measure Not Applicable,,5 - Highly Reliable,147,,Yes,200,,25,,3 - Less Reliable,4095,Yes,,3987,,357,,11.2,4 - Reliable,535,,3 - Less Reliable
ACC-00008512,Matamata Piako District Council,MAT004,Matamata,142.41,,4,,River/stream/creek,,4301,,Other (Please identify in the comments section),Number from Richard Taylor's report - Which does not have split between residential and non-residential,,Data Not Available,Data Not Available,,,Data Not Available,Data Not Available,,,Data Not Available,Data Not Available,,10321,,5 - Highly Reliable,1570729,,,Data Not Available,3 - Less Reliable,11,,5 - Highly Reliable,,Measure Not Applicable,Measure Not Applicable,No Sedimentation Process,,22720,,Freshwater,,,,Measure Not Applicable,Measure Not Applicable,,Measure Not Applicable,4 - Reliable,Yes,,Yes,,5 - Highly Reliable,440,,Yes,200,,0,,5 - Highly Reliable,638144,Yes,,232662,,93169,,2.5,4 - Reliable,705,,3 - Less Reliable
ACC-00008512,Matamata Piako District Council,MOR001,Morrinsville,134.66,,4,,Lake,,4134,,Other (Please identify in the comments section),Number from Richard Taylor's report - Which does not have split between residential and non-residential,,Data Not Available,Data Not Available,,,Data Not Available,Data Not Available,,,Data Not Available,Data Not Available,,9428,,5 - Highly Reliable,1893709,,,Data Not Available,3 - Less Reliable,7,,5 - Highly Reliable,,Data Not Available,Measure Not Applicable,Unsure of where sludge that is pumped out (Vacuum/sucker trucker) of sludge tanks go (current set up). If Sludge is going into a GEO Bag then the sludge is taken away but unsure where it goes,,86713,,Freshwater,,,,Measure Not Applicable,Measure Not Applicable,,Measure Not Applicable,4 - Reliable,Yes,,Yes,,5 - Highly Reliable,470,,Yes,200,,0,,5 - Highly Reliable,480617,Yes,,216058,,94822,,2.3,4 - Reliable,710,,3 - Less Reliable
ACC-00008512,Matamata Piako District Council,TAH001,Tahuna,3.73,,3,,Bore,,69,,Other (Please identify in the comments section),Number from Richard Taylor's report - Which does not have split between residential and non-residential,,Data Not Available,Data Not Available,,,Data Not Available,Data Not Available,,,Data Not Available,Data Not Available,,120,,3 - Less Reliable,17390,,,Data Not Available,3 - Less Reliable,1,,5 - Highly Reliable,,Measure Not Applicable,Measure Not Applicable,"No sludge, the source is groundwater. No backwash water. Treatment process is UV and hypo",,,Measure Not Applicable,Measure Not Applicable,,Measure Not Applicable,,Measure Not Applicable,Measure Not Applicable,,Measure Not Applicable,4 - Reliable,Measure Not Applicable,,Measure Not Applicable,,5 - Highly Reliable,390,,Yes,200,,0,,5 - Highly Reliable,2869,Yes,,1647,,1559,,1.1,4 - Reliable,510,,3 - Less Reliable
ACC-00008512,Matamata Piako District Council,TEA003,Te Aroha,100.4,,4,,River/stream/creek,,2326,,Other (Please identify in the comments section),Number from Richard Taylor's report - Which does not have split between residential and non-residential,,Data Not Available,Data Not Available,,,Data Not Available,Data Not Available,,,Data Not Available,Data Not Available,,5038,,5 - Highly Reliable,1584690,,,Data Not Available,3 - Less Reliable,8,,5 - Highly Reliable,,Data Not Available,Other (Please identify in the comments section),Backwash water is sent to the Te Aroha Wastewater Treatment Plant through the wastewater reticulation,,6757,,Other (Please identify in the comments section),Wastewater Treatment Plant,,,Measure Not Applicable,Measure Not Applicable,,Measure Not Applicable,4 - Reliable,Yes,,No,,5 - Highly Reliable,510,,Yes,200,,0,,5 - Highly Reliable,520213,Yes,,320563,,65155,,1.9,4 - Reliable,750,,3 - Less Reliable
ACC-00008512,Matamata Piako District Council,TEP003,Te Poi,2.2,,1,,River/stream/creek,,46,,Other (Please identify in the comments section),Number from Richard Taylor's report - Which does not have split between residential and non-residential,,Data Not Available,Data Not Available,,,Data Not Available,Data Not Available,,,Data Not Available,Data Not Available,,100,,3 - Less Reliable,14845,,,Data Not Available,3 - Less Reliable,1,,5 - Highly Reliable,,Measure Not Applicable,Measure Not Applicable,No Sedimentation Process,,,Data Not Available,Freshwater,,,,Measure Not Applicable,Measure Not Applicable,,Measure Not Applicable,4 - Reliable,Data Not Available,,Data Not Available,,5 - Highly Reliable,353,,Yes,200,,0,,5 - Highly Reliable,3898,Yes,,3636,,926,,3.9,4 - Reliable,725,,3 - Less Reliable
ACC-00008588,Ministry of Education,AOK001,Aokautere School,,Data Not Available,1,,Bore,,,Data Not Available,,,,Data Not Available,,,,Data Not Available,,,,Data Not Available,,,161.7,,5 - Highly Reliable,,Data Not Available,,Data Not Available,,,Measure Not Applicable,,,Data Not Available,,,Data Not Available,,Data Not Available,,,Data Not Available,,Data Not Available,,,Data Not Available,,Measure Not Applicable,,,,,,Data Not Available,,,Data Not Available,,Data Not Available,,,,Data Not Available,,Data Not Available,,Data Not Available,,,,Measure Not Applicable,
ACC-00008588,Ministry of Education,APP001,Appleby School,,Data Not Available,1,,Bore,,,Data Not Available,,,,Data Not Available,,,,Data Not Available,,,,Data Not Available,,,125.4,,5 - Highly Reliable,,Data Not Available,,Data Not Available,,,Measure Not Applicable,,,Data Not Available,,,Data Not Available,,Data Not Available,,,Data Not Available,,Data Not Available,,,Data Not Available,,Measure Not Applicable,,,,,,Data Not Available,,,Data Not Available,,Data Not Available,,,,Data Not Available,,Data Not Available,,Data Not Available,,,,Measure Not Applicable,
ACC-00008588,Ministry of Education,ARA009,Ararimu School,,Data Not Available,1,,Bore,,,Data Not Available,,,,Data Not Available,,,,Data Not Available,,,,Data Not Available,,,134.2,,5 - Highly Reliable,,Data Not Available,,Data Not Available,,,Measure Not Applicable,,,Data Not Available,,,Data Not Available,,Data Not Available,,,Data Not Available,,Data Not Available,,,Data Not Available,,Measure Not Applicable,,,,,,Data Not Available,,,Data Not Available,,Data Not Available,,,,Data Not Available,,Data Not Available,,Data Not Available,,,,Measure Not Applicable,
ACC-00008588,Ministry of Education,AWA012,Awahono School - Grey Valley,,Data Not Available,1,,Bore,,,Data Not Available,,,,Data Not Available,,,,Data Not Available,,,,Data Not Available,,,110,,5 - Highly Reliable,,Data Not Available,,Data Not Available,,,Measure Not Applicable,,,Data Not Available,,,Data Not Available,,Data Not Available,,,Data Not Available,,Data Not Available,,,Data Not Available,,Measure Not Applicable,,,,,,Data Not Available,,,Data Not Available,,Data Not Available,,,,Data Not Available,,Data Not Available,,Data Not Available,,,,Measure Not Applicable,
ACC-00008588,Ministry of Education,AWH001,Awhitu District School,,Data Not Available,1,,Bore,,,Data Not Available,,,,Data Not Available,,,,Data Not Available,,,,Data Not Available,,,118.8,,5 - Highly Reliable,,Data Not Available,,Data Not Available,,,Measure Not Applicable,,,Data Not Available,,,Data Not Available,,Data Not Available,,,Data Not Available,,Data Not Available,,,Data Not Available,,Measure Not Applicable,,,,,,Data Not Available,,,Data Not Available,,Data Not Available,,,,Data Not Available,,Data Not Available,,Data Not Available,,,,Measure Not Applicable,
ACC-00008588,Ministry of Education,BEA001,Beachlands School,,Data Not Available,1,,Bore,,,Data Not Available,,,,Data Not Available,,,,Data Not Available,,,,Data Not Available,,,690.8,,5 - Highly Reliable,,Data Not Available,,Data Not Available,,,Measure Not Applicable,,,Data Not Available,,,Data Not Available,,Data Not Available,,,Data Not Available,,Data Not Available,,,Data Not Available,,Measure Not Applicable,,,,,,Data Not Available,,,Data Not Available,,Data Not Available,,,,Data Not Available,,Data Not Available,,Data Not Available,,,,Measure Not Applicable,
ACC-00008588,Ministry of Education,BRO001,Brooklyn School (Motueka),,Data Not Available,1,,Bore,,,Data Not Available,,,,Data Not Available,,,,Data Not Available,,,,Data Not Available,,,149.6,,5 - Highly Reliable,,Data Not Available,,Data Not Available,,,Measure Not Applicable,,,Data Not Available,,,Data Not Available,,Data Not Available,,,Data Not Available,,Data Not Available,,,Data Not Available,,Measure Not Applicable,,,,,,Data Not Available,,,Data Not Available,,Data Not Available,,,,Data Not Available,,Data Not Available,,Data Not Available,,,,Measure Not Applicable,
ACC-00008588,Ministry of Education,BRO005,Broadfield School,,Data Not Available,1,,Bore,,,Data Not Available,,,,Data Not Available,,,,Data Not Available,,,,Data Not Available,,,148.5,,5 - Highly Reliable,,Data Not Available,,Data Not Available,,,Measure Not Applicable,,,Data Not Available,,,Data Not Available,,Data Not Available,,,Data Not Available,,Data Not Available,,,Data Not Available,,Measure Not Applicable,,,,,,Data Not Available,,,Data Not Available,,Data Not Available,,,,Data Not Available,,Data Not Available,,Data Not Available,,,,Measure Not Applicable,
ACC-00008588,Ministry of Education,BRO008,Brookby School,,Data Not Available,1,,Bore,,,Data Not Available,,,,Data Not Available,,,,Data Not Available,,,,Data Not Available,,,126.5,,5 - Highly Reliable,,Data Not Available,,Data Not Available,,,Measure Not Applicable,,,Data Not Available,,,Data Not Available,,Data Not Available,,,Data Not Available,,Data Not Available,,,Data Not Available,,Measure Not Applicable,,,,,,Data Not Available,,,Data Not Available,,Data Not Available,,,,Data Not Available,,Data Not Available,,Data Not Available,,,,Measure Not Applicable,
ACC-00008588,Ministry of Education,CLA003,Clarkville Te Kura ki Waimātao,,Data Not Available,1,,Bore,,,Data Not Available,,,,Data Not Available,,,,Data Not Available,,,,Data Not Available,,,210.1,,5 - Highly Reliable,,Data Not Available,,Data Not Available,,,Measure Not Applicable,,,Data Not Available,,,Data Not Available,,Data Not Available,,,Data Not Available,,Data Not Available,,,Data Not Available,,Measure Not Applicable,,,,,,Data Not Available,,,Data Not Available,,Data Not Available,,,,Data Not Available,,Data Not Available,,Data Not Available,,,,Measure Not Applicable,
ACC-00008588,Ministry of Education,CLI003,Clive School,,Data Not Available,1,,Bore,,,Data Not Available,,,,Data Not Available,,,,Data Not Available,,,,Data Not Available,,,229.9,,5 - Highly Reliable,,Data Not Available,,Data Not Available,,,Measure Not Applicable,,,Data Not Available,,,Data Not Available,,Data Not Available,,,Data Not Available,,Data Not Available,,,Data Not Available,,Measure Not Applicable,,,,,,Data Not Available,,,Data Not Available,,Data Not Available,,,,Data Not Available,,Data Not Available,,Data Not Available,,,,Measure Not Applicable,
ACC-00008588,Ministry of Education,DRU002,Drummond Primary School,,Data Not Available,1,,Bore,,,Data Not Available,,,,Data Not Available,,,,Data Not Available,,,,Data Not Available,,,101.2,,5 - Highly Reliable,,Data Not Available,,Data Not Available,,,Measure Not Applicable,,,Data Not Available,,,Data Not Available,,Data Not Available,,,Data Not Available,,Data Not Available,,,Data Not Available,,Measure Not Applicable,,,,,,Data Not Available,,,Data Not Available,,Data Not Available,,,,Data Not Available,,Data Not Available,,Data Not Available,,,,Measure Not Applicable,
ACC-00008588,Ministry of Education,ELS001,Elstow-Waihou Combined School,,Data Not Available,1,,Bore,,,Data Not Available,,,,Data Not Available,,,,Data Not Available,,,,Data Not Available,,,183.7,,5 - Highly Reliable,,Data Not Available,,Data Not Available,,,Measure Not Applicable,,,Data Not Available,,,Data Not Available,,Data Not Available,,,Data Not Available,,Data Not Available,,,Data Not Available,,Measure Not Applicable,,,,,,Data Not Available,,,Data Not Available,,Data Not Available,,,,Data Not Available,,Data Not Available,,Data Not Available,,,,Measure Not Applicable,
ACC-00008588,Ministry of Education,GAL002,Galatea School,,Data Not Available,1,,Bore,,,Data Not Available,,,,Data Not Available,,,,Data Not Available,,,,Data Not Available,,,134.2,,5 - Highly Reliable,,Data Not Available,,Data Not Available,,,Measure Not Applicable,,,Data Not Available,,,Data Not Available,,Data Not Available,,,Data Not Available,,Data Not Available,,,Data Not Available,,Measure Not Applicable,,,,,,Data Not Available,,,Data Not Available,,Data Not Available,,,,Data Not Available,,Data Not Available,,Data Not Available,,,,Measure Not Applicable,
ACC-00008588,Ministry of Education,GLA001,Gladstone School (Masterton),,Data Not Available,1,,Bore,,,Data Not Available,,,,Data Not Available,,,,Data Not Available,,,,Data Not Available,,,198,,5 - Highly Reliable,,Data Not Available,,Data Not Available,,,Measure Not Applicable,,,Data Not Available,,,Data Not Available,,Data Not Available,,,Data Not Available,,Data Not Available,,,Data Not Available,,Measure Not Applicable,,,,,,Data Not Available,,,Data Not Available,,Data Not Available,,,,Data Not Available,,Data Not Available,,Data Not Available,,,,Measure Not Applicable,
ACC-00008588,Ministry of Education,GLE005,Glenbrook School,,Data Not Available,1,,Bore,,,Data Not Available,,,,Data Not Available,,,,Data Not Available,,,,Data Not Available,,,323.4,,5 - Highly Reliable,,Data Not Available,,Data Not Available,,,Measure Not Applicable,,,Data Not Available,,,Data Not Available,,Data Not Available,,,Data Not Available,,Data Not Available,,,Data Not Available,,Measure Not Applicable,,,,,,Data Not Available,,,Data Not Available,,Data Not Available,,,,Data Not Available,,Data Not Available,,Data Not Available,,,,Measure Not Applicable,
ACC-00008588,Ministry of Education,GLE015,Glen Massey School,,Data Not Available,1,,Bore,,,Data Not Available,,,,Data Not Available,,,,Data Not Available,,,,Data Not Available,,,128.7,,5 - Highly Reliable,,Data Not Available,,Data Not Available,,,Measure Not Applicable,,,Data Not Available,,,Data Not Available,,Data Not Available,,,Data Not Available,,Data Not Available,,,Data Not Available,,Measure Not Applicable,,,,,,Data Not Available,,,Data Not Available,,Data Not Available,,,,Data Not Available,,Data Not Available,,Data Not Available,,,,Measure Not Applicable,
ACC-00008588,Ministry of Education,GOL001,Golden Bay High School,,Data Not Available,1,,Bore,,,Data Not Available,,,,Data Not Available,,,,Data Not Available,,,,Data Not Available,,,350.9,,5 - Highly Reliable,,Data Not Available,,Data Not Available,,,Measure Not Applicable,,,Data Not Available,,,Data Not Available,,Data Not Available,,,Data Not Available,,Data Not Available,,,Data Not Available,,Measure Not Applicable,,,,,,Data Not Available,,,Data Not Available,,Data Not Available,,,,Data Not Available,,Data Not Available,,Data Not Available,,,,Measure Not Applicable,
ACC-00008588,Ministry of Education,GOO003,Goodwood School,,Data Not Available,1,,Bore,,,Data Not Available,,,,Data Not Available,,,,Data Not Available,,,,Data Not Available,,,441.1,,5 - Highly Reliable,,Data Not Available,,Data Not Available,,,Measure Not Applicable,,,Data Not Available,,,Data Not Available,,Data Not Available,,,Data Not Available,,Data Not Available,,,Data Not Available,,Measure Not Applicable,,,,,,Data Not Available,,,Data Not Available,,Data Not Available,,,,Data Not Available,,Data Not Available,,Data Not Available,,,,Measure Not Applicable,
ACC-00008588,Ministry of Education,HAR002,Harrisville School,,Data Not Available,1,,Bore,,,Data Not Available,,,,Data Not Available,,,,Data Not Available,,,,Data Not Available,,,227.7,,5 - Highly Reliable,,Data Not Available,,Data Not Available,,,Measure Not Applicable,,,Data Not Available,,,Data Not Available,,Data Not Available,,,Data Not Available,,Data Not Available,,,Data Not Available,,Measure Not Applicable,,,,,,Data Not Available,,,Data Not Available,,Data Not Available,,,,Data Not Available,,Data Not Available,,Data Not Available,,,,Measure Not Applicable,
ACC-00008588,Ministry of Education,HAU007,Hautapu School,,Data Not Available,1,,Bore,,,Data Not Available,,,,Data Not Available,,,,Data Not Available,,,,Data Not Available,,,198,,5 - Highly Reliable,,Data Not Available,,Data Not Available,,,Measure Not Applicable,,,Data Not Available,,,Data Not Available,,Data Not Available,,,Data Not Available,,Data Not Available,,,Data Not Available,,Measure Not Applicable,,,,,,Data Not Available,,,Data Not Available,,Data Not Available,,,,Data Not Available,,Data Not Available,,Data Not Available,,,,Measure Not Applicable,
ACC-00008588,Ministry of Education,HAW004,Hawea Flat School,,Data Not Available,1,,Bore,,,Data Not Available,,,,Data Not Available,,,,Data Not Available,,,,Data Not Available,,,416.9,,5 - Highly Reliable,,Data Not Available,,Data Not Available,,,Measure Not Applicable,,,Data Not Available,,,Data Not Available,,Data Not Available,,,Data Not Available,,Data Not Available,,,Data Not Available,,Measure Not Applicable,,,,,,Data Not Available,,,Data Not Available,,Data Not Available,,,,Data Not Available,,Data Not Available,,Data Not Available,,,,Measure Not Applicable,
ACC-00008588,Ministry of Education,HOR005,Horsham Downs School,,Data Not Available,1,,Bore,,,Data Not Available,,,,Data Not Available,,,,Data Not Available,,,,Data Not Available,,,418,,5 - Highly Reliable,,Data Not Available,,Data Not Available,,,Measure Not Applicable,,,Data Not Available,,,Data Not Available,,Data Not Available,,,Data Not Available,,Data Not Available,,,Data Not Available,,Measure Not Applicable,,,,,,Data Not Available,,,Data Not Available,,Data Not Available,,,,Data Not Available,,Data Not Available,,Data Not Available,,,,Measure Not Applicable,
ACC-00008588,Ministry of Education,HUA001,Huapai District School,,Data Not Available,1,,Bore,,,Data Not Available,,,,Data Not Available,,,,Data Not Available,,,,Data Not Available,,,572,,5 - Highly Reliable,,Data Not Available,,Data Not Available,,,Measure Not Applicable,,,Data Not Available,,,Data Not Available,,Data Not Available,,,Data Not Available,,Data Not Available,,,Data Not Available,,Measure Not Applicable,,,,,,Data Not Available,,,Data Not Available,,Data Not Available,,,,Data Not Available,,Data Not Available,,Data Not Available,,,,Measure Not Applicable,
ACC-00008588,Ministry of Education,KAR004,Karaka School,,Data Not Available,1,,Bore,,,Data Not Available,,,,Data Not Available,,,,Data Not Available,,,,Data Not Available,,,249.7,,5 - Highly Reliable,,Data Not Available,,Data Not Available,,,Measure Not Applicable,,,Data Not Available,,,Data Not Available,,Data Not Available,,,Data Not Available,,Data Not Available,,,Data Not Available,,Measure Not Applicable,,,,,,Data Not Available,,,Data Not Available,,Data Not Available,,,,Data Not Available,,Data Not Available,,Data Not Available,,,,Measure Not Applicable,
ACC-00008588,Ministry of Education,KIO001,Kio Kio School,,Data Not Available,1,,Bore,,,Data Not Available,,,,Data Not Available,,,,Data Not Available,,,,Data Not Available,,,154,,5 - Highly Reliable,,Data Not Available,,Data Not Available,,,Measure Not Applicable,,,Data Not Available,,,Data Not Available,,Data Not Available,,,Data Not Available,,Data Not Available,,,Data Not Available,,Measure Not Applicable,,,,,,Data Not Available,,,Data Not Available,,Data Not Available,,,,Data Not Available,,Data Not Available,,Data Not Available,,,,Measure Not Applicable,
ACC-00008588,Ministry of Education,KOP002,Koputaroa School,,Data Not Available,1,,Bore,,,Data Not Available,,,,Data Not Available,,,,Data Not Available,,,,Data Not Available,,,194.7,,5 - Highly Reliable,,Data Not Available,,Data Not Available,,,Measure Not Applicable,,,Data Not Available,,,Data Not Available,,Data Not Available,,,Data Not Available,,Data Not Available,,,Data Not Available,,Measure Not Applicable,,,,,,Data Not Available,,,Data Not Available,,Data Not Available,,,,Data Not Available,,Data Not Available,,Data Not Available,,,,Measure Not Applicable,
ACC-00008588,Ministry of Education,KOR003,Korakonui School,,Data Not Available,1,,Bore,,,Data Not Available,,,,Data Not Available,,,,Data Not Available,,,,Data Not Available,,,150.7,,5 - Highly Reliable,,Data Not Available,,Data Not Available,,,Measure Not Applicable,,,Data Not Available,,,Data Not Available,,Data Not Available,,,Data Not Available,,Data Not Available,,,Data Not Available,,Measure Not Applicable,,,,,,Data Not Available,,,Data Not Available,,Data Not Available,,,,Data Not Available,,Data Not Available,,Data Not Available,,,,Measure Not Applicable,
ACC-00008588,Ministry of Education,KUR002,Kuratau School,,Data Not Available,1,,Bore,,,Data Not Available,,,,Data Not Available,,,,Data Not Available,,,,Data Not Available,,,100.1,,5 - Highly Reliable,,Data Not Available,,Data Not Available,,,Measure Not Applicable,,,Data Not Available,,,Data Not Available,,Data Not Available,,,Data Not Available,,Data Not Available,,,Data Not Available,,Measure Not Applicable,,,,,,Data Not Available,,,Data Not Available,,Data Not Available,,,,Data Not Available,,Data Not Available,,Data Not Available,,,,Measure Not Applicable,
ACC-00008588,Ministry of Education,LAD001,Ladbrooks School,,Data Not Available,1,,Bore,,,Measure Not Applicable,,,,Measure Not Applicable,,,1,,Estimation by non-residential buildings,,1,,Estimation by non-residential buildings,,140.8,,4 - Reliable,,Data Not Available,,Data Not Available,,,Measure Not Applicable,,,Data Not Available,,,Data Not Available,,Data Not Available,,,Data Not Available,,Data Not Available,,,Data Not Available,,Measure Not Applicable,,,,,,Data Not Available,,,Data Not Available,,Data Not Available,,,,Data Not Available,,Data Not Available,,Data Not Available,,,,Measure Not Applicable,
ACC-00008588,Ministry of Education,LAG001,Ashburton Borough School (Lagmhor Site),,Data Not Available,1,,Bore,,,Data Not Available,,,,Data Not Available,,,,Data Not Available,,,,Data Not Available,,,290.4,,5 - Highly Reliable,,Data Not Available,,Data Not Available,,,Measure Not Applicable,,,Data Not Available,,,Data Not Available,,Data Not Available,,,Data Not Available,,Data Not Available,,,Data Not Available,,Measure Not Applicable,,,,,,Data Not Available,,,Data Not Available,,Data Not Available,,,,Data Not Available,,Data Not Available,,Data Not Available,,,,Measure Not Applicable,
ACC-00008588,Ministry of Education,LIM001,Limehills School,,Data Not Available,1,,Bore,,,Data Not Available,,,,Data Not Available,,,,Data Not Available,,,,Data Not Available,,,155.1,,5 - Highly Reliable,,Data Not Available,,Data Not Available,,,Measure Not Applicable,,,Data Not Available,,,Data Not Available,,Data Not Available,,,Data Not Available,,Data Not Available,,,Data Not Available,,Measure Not Applicable,,,,,,Data Not Available,,,Data Not Available,,Data Not Available,,,,Data Not Available,,Data Not Available,,Data Not Available,,,,Measure Not Applicable,
ACC-00008588,Ministry of Education,LON004,Longbeach School,,Data Not Available,1,,Bore,,,Data Not Available,,,,Data Not Available,,,,Data Not Available,,,,Data Not Available,,,156.2,,5 - Highly Reliable,,Data Not Available,,Data Not Available,,,Measure Not Applicable,,,Data Not Available,,,Data Not Available,,Data Not Available,,,Data Not Available,,Data Not Available,,,Data Not Available,,Measure Not Applicable,,,,,,Data Not Available,,,Data Not Available,,Data Not Available,,,,Data Not Available,,Data Not Available,,Data Not Available,,,,Measure Not Applicable,
ACC-00008588,Ministry of Education,MAN011,Mangatawhiri School,,Data Not Available,1,,Bore,,,Data Not Available,,,,Data Not Available,,,,Data Not Available,,,,Data Not Available,,,177.1,,5 - Highly Reliable,,Data Not Available,,Data Not Available,,,Measure Not Applicable,,,Data Not Available,,,Data Not Available,,Data Not Available,,,Data Not Available,,Data Not Available,,,Data Not Available,,Measure Not Applicable,,,,,,Data Not Available,,,Data Not Available,,Data Not Available,,,,Data Not Available,,Data Not Available,,Data Not Available,,,,Measure Not Applicable,
ACC-00008588,Ministry of Education,MAN027,Mangaroa School,,Data Not Available,1,,Bore,,,Data Not Available,,,,Data Not Available,,,,Data Not Available,,,,Data Not Available,,,111.1,,5 - Highly Reliable,,Data Not Available,,Data Not Available,,,Measure Not Applicable,,,Data Not Available,,,Data Not Available,,Data Not Available,,,Data Not Available,,Data Not Available,,,Data Not Available,,Measure Not Applicable,,,,,,Data Not Available,,,Data Not Available,,Data Not Available,,,,Data Not Available,,Data Not Available,,Data Not Available,,,,Measure Not Applicable,
ACC-00008588,Ministry of Education,MAR006,Maraetai Beach School,,Data Not Available,1,,Bore,,,Measure Not Applicable,,,,Measure Not Applicable,,,,Measure Not Applicable,,,,Measure Not Applicable,,,525.8,,5 - Highly Reliable,,Data Not Available,,Data Not Available,,,Measure Not Applicable,,,Data Not Available,,,Data Not Available,,Data Not Available,,,Data Not Available,,Data Not Available,,,Data Not Available,,Measure Not Applicable,,,,,,Data Not Available,,,Data Not Available,,Data Not Available,,,,Data Not Available,,Data Not Available,,Data Not Available,,,,Measure Not Applicable,
ACC-00008588,Ministry of Education,MAR010,Maraekakaho School,,Data Not Available,1,,Bore,,,Data Not Available,,,,Data Not Available,,,,Data Not Available,,,,Data Not Available,,,132,,5 - Highly Reliable,,Data Not Available,,Data Not Available,,,Measure Not Applicable,,,Data Not Available,,,Data Not Available,,Data Not Available,,,Data Not Available,,Data Not Available,,,Data Not Available,,Measure Not Applicable,,,,,,Data Not Available,,,Data Not Available,,Data Not Available,,,,Data Not Available,,Data Not Available,,Data Not Available,,,,Measure Not Applicable,
ACC-00008588,Ministry of Education,MAR016,Marotiri School,,Data Not Available,1,,Bore,,,Data Not Available,,,,Data Not Available,,,,Data Not Available,,,,Data Not Available,,,167.2,,5 - Highly Reliable,,Data Not Available,,Data Not Available,,,Measure Not Applicable,,,Data Not Available,,,Data Not Available,,Data Not Available,,,Data Not Available,,Data Not Available,,,Data Not Available,,Measure Not Applicable,,,,,,Data Not Available,,,Data Not Available,,Data Not Available,,,,Data Not Available,,Data Not Available,,Data Not Available,,,,Measure Not Applicable,
ACC-00008588,Ministry of Education,MAR018,Maramarua School,,Data Not Available,1,,Bore,,,Data Not Available,,,,Data Not Available,,,,Data Not Available,,,,Data Not Available,,,135.3,,5 - Highly Reliable,,Data Not Available,,Data Not Available,,,Measure Not Applicable,,,Data Not Available,,,Data Not Available,,Data Not Available,,,Data Not Available,,Data Not Available,,,Data Not Available,,Measure Not Applicable,,,,,,Data Not Available,,,Data Not Available,,Data Not Available,,,,Data Not Available,,Data Not Available,,Data Not Available,,,,Measure Not Applicable,
ACC-00008588,Ministry of Education,MAT007,Matarau School,,Data Not Available,1,,Bore,,,Data Not Available,,,,Data Not Available,,,,Data Not Available,,,,Data Not Available,,,297,,5 - Highly Reliable,,Data Not Available,,Data Not Available,,,Measure Not Applicable,,,Data Not Available,,,Data Not Available,,Data Not Available,,,Data Not Available,,Data Not Available,,,Data Not Available,,Measure Not Applicable,,,,,,Data Not Available,,,Data Not Available,,Data Not Available,,,,Data Not Available,,Data Not Available,,Data Not Available,,,,Measure Not Applicable,
ACC-00008588,Ministry of Education,MAT011,Matakana School,,Data Not Available,1,,Bore,,,Data Not Available,,,,Data Not Available,,,,Data Not Available,,,,Data Not Available,,,347.6,,5 - Highly Reliable,,Data Not Available,,Data Not Available,,,Measure Not Applicable,,,Data Not Available,,,Data Not Available,,Data Not Available,,,Data Not Available,,Data Not Available,,,Data Not Available,,Measure Not Applicable,,,,,,Data Not Available,,,Data Not Available,,Data Not Available,,,,Data Not Available,,Data Not Available,,Data Not Available,,,,Measure Not Applicable,
ACC-00008588,Ministry of Education,MAU004,Mauku School,,Data Not Available,1,,Bore,,,Data Not Available,,,,Data Not Available,,,,Data Not Available,,,,Data Not Available,,,171.6,,5 - Highly Reliable,,Data Not Available,,Data Not Available,,,Measure Not Applicable,,,Data Not Available,,,Data Not Available,,Data Not Available,,,Data Not Available,,Data Not Available,,,Data Not Available,,Measure Not Applicable,,,,,,Data Not Available,,,Data Not Available,,Data Not Available,,,,Data Not Available,,Data Not Available,,Data Not Available,,,,Measure Not Applicable,
ACC-00008588,Ministry of Education,MOT004,Motueka South School,,Data Not Available,1,,Bore,,,Data Not Available,,,,Data Not Available,,,,Data Not Available,,,,Data Not Available,,,199.1,,5 - Highly Reliable,,Data Not Available,,Data Not Available,,,Measure Not Applicable,,,Data Not Available,,,Data Not Available,,Data Not Available,,,Data Not Available,,Data Not Available,,,Data Not Available,,Measure Not Applicable,,,,,,Data Not Available,,,Data Not Available,,Data Not Available,,,,Data Not Available,,Data Not Available,,Data Not Available,,,,Measure Not Applicable,
ACC-00008588,Ministry of Education,MOT005,Motueka High School,,Data Not Available,1,,Bore,,,Data Not Available,,,,Data Not Available,,,,Data Not Available,,,,Data Not Available,,,787.6,,5 - Highly Reliable,,Data Not Available,,Data Not Available,,,Measure Not Applicable,,,Data Not Available,,,Data Not Available,,Data Not Available,,,Data Not Available,,Data Not Available,,,Data Not Available,,Measure Not Applicable,,,,,,Data Not Available,,,Data Not Available,,Data Not Available,,,,Data Not Available,,Data Not Available,,Data Not Available,,,,Measure Not Applicable,
ACC-00008588,Ministry of Education,MYR001,Myross Bush School,,Data Not Available,1,,Bore,,,Data Not Available,,,,Data Not Available,,,,Data Not Available,,,,Data Not Available,,,176,,5 - Highly Reliable,,Data Not Available,,Data Not Available,,,Measure Not Applicable,,,Data Not Available,,,Data Not Available,,Data Not Available,,,Data Not Available,,Data Not Available,,,Data Not Available,,Measure Not Applicable,,,,,,Data Not Available,,,Data Not Available,,Data Not Available,,,,Data Not Available,,Data Not Available,,Data Not Available,,,,Measure Not Applicable,
ACC-00008588,Ministry of Education,NGA006,Ngaere School,,Data Not Available,1,,Bore,,,Data Not Available,,,,Data Not Available,,,,Data Not Available,,,,Data Not Available,,,161.7,,5 - Highly Reliable,,Data Not Available,,Data Not Available,,,Measure Not Applicable,,,Data Not Available,,,Data Not Available,,Data Not Available,,,Data Not Available,,Data Not Available,,,Data Not Available,,Measure Not Applicable,,,,,,Data Not Available,,,Data Not Available,,Data Not Available,,,,Data Not Available,,Data Not Available,,Data Not Available,,,,Measure Not Applicable,
ACC-00008588,Ministry of Education,NGA010,Ngata Memorial College,,Data Not Available,1,,Bore,,,Data Not Available,,,,Data Not Available,,,,Data Not Available,,,,Data Not Available,,,117.7,,5 - Highly Reliable,,Data Not Available,,Data Not Available,,,Measure Not Applicable,,,Data Not Available,,,Data Not Available,,Data Not Available,,,Data Not Available,,Data Not Available,,,Data Not Available,,Measure Not Applicable,,,,,,Data Not Available,,,Data Not Available,,Data Not Available,,,,Data Not Available,,Data Not Available,,Data Not Available,,,,Measure Not Applicable,
ACC-00008588,Ministry of Education,NGA024,Ngahinapouri School,,Data Not Available,1,,Bore,,,Data Not Available,,,,Data Not Available,,,,Data Not Available,,,,Data Not Available,,,195.8,,5 - Highly Reliable,,Data Not Available,,Data Not Available,,,Measure Not Applicable,,,Data Not Available,,,Data Not Available,,Data Not Available,,,Data Not Available,,Data Not Available,,,Data Not Available,,Measure Not Applicable,,,,,,Data Not Available,,,Data Not Available,,Data Not Available,,,,Data Not Available,,Data Not Available,,Data Not Available,,,,Measure Not Applicable,
ACC-00008588,Ministry of Education,NGU002,Ngunguru School,,Data Not Available,1,,Bore,,,Data Not Available,,,,Data Not Available,,,,Data Not Available,,,,Data Not Available,,,242,,5 - Highly Reliable,,Data Not Available,,Data Not Available,,,Measure Not Applicable,,,Data Not Available,,,Data Not Available,,Data Not Available,,,Data Not Available,,Data Not Available,,,Data Not Available,,Measure Not Applicable,,,,,,Data Not Available,,,Data Not Available,,Data Not Available,,,,Data Not Available,,Data Not Available,,Data Not Available,,,,Measure Not Applicable,
ACC-00008588,Ministry of Education,OHI004,Ohinewai School,,Data Not Available,1,,Bore,,,Data Not Available,,,,Data Not Available,,,,Data Not Available,,,,Data Not Available,,,133.1,,5 - Highly Reliable,,Data Not Available,,Data Not Available,,,Measure Not Applicable,,,Data Not Available,,,Data Not Available,,Data Not Available,,,Data Not Available,,Data Not Available,,,Data Not Available,,Measure Not Applicable,,,,,,Data Not Available,,,Data Not Available,,Data Not Available,,,,Data Not Available,,Data Not Available,,Data Not Available,,,,Measure Not Applicable,
ACC-00008588,Ministry of Education,ONE003,Onewhero Area School,,Data Not Available,1,,Bore,,,Measure Not Applicable,,,,Measure Not Applicable,,,,Measure Not Applicable,,,,Measure Not Applicable,,,434.5,,5 - Highly Reliable,,Data Not Available,,Data Not Available,,,Measure Not Applicable,,,Data Not Available,,,Data Not Available,,Data Not Available,,,Data Not Available,,Data Not Available,,,Data Not Available,,Measure Not Applicable,,,,,,Data Not Available,,,Data Not Available,,Data Not Available,,,,Data Not Available,,Data Not Available,,Data Not Available,,,,Measure Not Applicable,
ACC-00008588,Ministry of Education,OPO003,Ōpoutere School,,Data Not Available,1,,Bore,,,Data Not Available,,,,Data Not Available,,,,Data Not Available,,,,Data Not Available,,,126.5,,5 - Highly Reliable,,Data Not Available,,Data Not Available,,,Measure Not Applicable,,,Data Not Available,,,Data Not Available,,Data Not Available,,,Data Not Available,,Data Not Available,,,Data Not Available,,Measure Not Applicable,,,,,,Data Not Available,,,Data Not Available,,Data Not Available,,,,Data Not Available,,Data Not Available,,Data Not Available,,,,Measure Not Applicable,
ACC-00008588,Ministry of Education,ORO004,Oropi School,,Data Not Available,1,,Bore,,,Data Not Available,,,,Data Not Available,,,,Data Not Available,,,,Data Not Available,,,341,,5 - Highly Reliable,,Data Not Available,,Data Not Available,,,Measure Not Applicable,,,Data Not Available,,,Data Not Available,,Data Not Available,,,Data Not Available,,Data Not Available,,,Data Not Available,,Measure Not Applicable,,,,,,Data Not Available,,,Data Not Available,,Data Not Available,,,,Data Not Available,,Data Not Available,,Data Not Available,,,,Measure Not Applicable,
ACC-00008588,Ministry of Education,ORO005,Oromahoe School,,Data Not Available,1,,Bore,,,Data Not Available,,,,Data Not Available,,,,Data Not Available,,,,Data Not Available,,,185.9,,5 - Highly Reliable,,Data Not Available,,Data Not Available,,,Measure Not Applicable,,,Data Not Available,,,Data Not Available,,Data Not Available,,,Data Not Available,,Data Not Available,,,Data Not Available,,Measure Not Applicable,,,,,,Data Not Available,,,Data Not Available,,Data Not Available,,,,Data Not Available,,Data Not Available,,Data Not Available,,,,Measure Not Applicable,
ACC-00008588,Ministry of Education,OTA006,Otaua School,,Data Not Available,1,,Bore,,,Data Not Available,,,,Data Not Available,,,,Data Not Available,,,,Data Not Available,,,225.5,,5 - Highly Reliable,,Data Not Available,,Data Not Available,,,Measure Not Applicable,,,Data Not Available,,,Data Not Available,,Data Not Available,,,Data Not Available,,Data Not Available,,,Data Not Available,,Measure Not Applicable,,,,,,Data Not Available,,,Data Not Available,,Data Not Available,,,,Data Not Available,,Data Not Available,,Data Not Available,,,,Measure Not Applicable,
ACC-00008588,Ministry of Education,PAP006,Paparore School,,Data Not Available,1,,Bore,,,Data Not Available,,,,Data Not Available,,,,Data Not Available,,,,Data Not Available,,,183.7,,5 - Highly Reliable,,Data Not Available,,Data Not Available,,,Measure Not Applicable,,,Data Not Available,,,Data Not Available,,Data Not Available,,,Data Not Available,,Data Not Available,,,Data Not Available,,Measure Not Applicable,,,,,,Data Not Available,,,Data Not Available,,Data Not Available,,,,Data Not Available,,Data Not Available,,Data Not Available,,,,Measure Not Applicable,
ACC-00008588,Ministry of Education,PAR006,Parklands School (Motueka),,Data Not Available,1,,Bore,,,Data Not Available,,,,Data Not Available,,,,Data Not Available,,,,Data Not Available,,,205.7,,5 - Highly Reliable,,Data Not Available,,Data Not Available,,,Measure Not Applicable,,,Data Not Available,,,Data Not Available,,Data Not Available,,,Data Not Available,,Data Not Available,,,Data Not Available,,Measure Not Applicable,,,,,,Data Not Available,,,Data Not Available,,Data Not Available,,,,Data Not Available,,Data Not Available,,Data Not Available,,,,Measure Not Applicable,
ACC-00008588,Ministry of Education,PAT006,Paterangi School,,Data Not Available,1,,Bore,,,Data Not Available,,,,Data Not Available,,,,Data Not Available,,,,Data Not Available,,,110,,5 - Highly Reliable,,Data Not Available,,Data Not Available,,,Measure Not Applicable,,,Data Not Available,,,Data Not Available,,Data Not Available,,,Data Not Available,,Data Not Available,,,Data Not Available,,Measure Not Applicable,,,,,,Data Not Available,,,Data Not Available,,Data Not Available,,,,Data Not Available,,Data Not Available,,Data Not Available,,,,Measure Not Applicable,
ACC-00008588,Ministry of Education,POK002,Pokuru School,,Data Not Available,1,,Bore,,,Data Not Available,,,,Data Not Available,,,,Data Not Available,,,,Data Not Available,,,155.1,,5 - Highly Reliable,,Data Not Available,,Data Not Available,,,Measure Not Applicable,,,Data Not Available,,,Data Not Available,,Data Not Available,,,Data Not Available,,Data Not Available,,,Data Not Available,,Measure Not Applicable,,,,,,Data Not Available,,,Data Not Available,,Data Not Available,,,,Data Not Available,,Data Not Available,,Data Not Available,,,,Measure Not Applicable,
ACC-00008588,Ministry of Education,POU003,Poukawa School,,Data Not Available,1,,Bore,,,Data Not Available,,,,Data Not Available,,,,Data Not Available,,,,Data Not Available,,,113.3,,5 - Highly Reliable,,Data Not Available,,Data Not Available,,,Measure Not Applicable,,,Data Not Available,,,Data Not Available,,Data Not Available,,,Data Not Available,,Data Not Available,,,Data Not Available,,Measure Not Applicable,,,,,,Data Not Available,,,Data Not Available,,Data Not Available,,,,Data Not Available,,Data Not Available,,Data Not Available,,,,Measure Not Applicable,
ACC-00008588,Ministry of Education,PUA300,Puahue School,,Data Not Available,1,,Bore,,,Data Not Available,,,,Data Not Available,,,,Data Not Available,,,,Data Not Available,,,162.8,,5 - Highly Reliable,,Data Not Available,,Data Not Available,,,Measure Not Applicable,,,Data Not Available,,,Data Not Available,,Data Not Available,,,Data Not Available,,Data Not Available,,,Data Not Available,,Measure Not Applicable,,,,,,Data Not Available,,,Data Not Available,,Data Not Available,,,,Data Not Available,,Data Not Available,,Data Not Available,,,,Measure Not Applicable,
ACC-00008588,Ministry of Education,PUK003,Puketapu School (Hawkes Bay),,Data Not Available,1,,Bore,,,Data Not Available,,,,Data Not Available,,,,Data Not Available,,,,Data Not Available,,,271.7,,5 - Highly Reliable,,Data Not Available,,Data Not Available,,,Measure Not Applicable,,,Data Not Available,,,Data Not Available,,Data Not Available,,,Data Not Available,,Data Not Available,,,Data Not Available,,Measure Not Applicable,,,,,,Data Not Available,,,Data Not Available,,Data Not Available,,,,Data Not Available,,Data Not Available,,Data Not Available,,,,Measure Not Applicable,
ACC-00008588,Ministry of Education,PUK017,Pukeoware School,,Data Not Available,1,,Bore,,,Data Not Available,,,,Data Not Available,,,,Data Not Available,,,,Data Not Available,,,173.8,,5 - Highly Reliable,,Data Not Available,,Data Not Available,,,Measure Not Applicable,,,Data Not Available,,,Data Not Available,,Data Not Available,,,Data Not Available,,Data Not Available,,,Data Not Available,,Measure Not Applicable,,,,,,Data Not Available,,,Data Not Available,,Data Not Available,,,,Data Not Available,,Data Not Available,,Data Not Available,,,,Measure Not Applicable,
ACC-00008588,Ministry of Education,PUK018,Pukekohe East School,,Data Not Available,1,,Bore,,,Data Not Available,,,,Data Not Available,,,,Data Not Available,,,,Data Not Available,,,155.1,,5 - Highly Reliable,,Data Not Available,,Data Not Available,,,Measure Not Applicable,,,Data Not Available,,,Data Not Available,,Data Not Available,,,Data Not Available,,Data Not Available,,,Data Not Available,,Measure Not Applicable,,,,,,Data Not Available,,,Data Not Available,,Data Not Available,,,,Data Not Available,,Data Not Available,,Data Not Available,,,,Measure Not Applicable,
ACC-00008588,Ministry of Education,PYE001,Pyes Pa Road School,,Data Not Available,1,,Bore,,,Data Not Available,,,,Data Not Available,,,,Data Not Available,,,,Data Not Available,,,266.2,,5 - Highly Reliable,,Data Not Available,,Data Not Available,,,Measure Not Applicable,,,Data Not Available,,,Data Not Available,,Data Not Available,,,Data Not Available,,Data Not Available,,,Data Not Available,,Measure Not Applicable,,,,,,Data Not Available,,,Data Not Available,,Data Not Available,,,,Data Not Available,,Data Not Available,,Data Not Available,,,,Measure Not Applicable,
ACC-00008588,Ministry of Education,RAI004,Rai Valley Area School,,Data Not Available,1,,Bore,,,Data Not Available,,,,Data Not Available,,,,Data Not Available,,,,Data Not Available,,,115.5,,5 - Highly Reliable,,Data Not Available,,Data Not Available,,,Measure Not Applicable,,,Data Not Available,,,Data Not Available,,Data Not Available,,,Data Not Available,,Data Not Available,,,Data Not Available,,Measure Not Applicable,,,,,,Data Not Available,,,Data Not Available,,Data Not Available,,,,Data Not Available,,Data Not Available,,Data Not Available,,,,Measure Not Applicable,
ACC-00008588,Ministry of Education,RAM001,Ramarama School,,Data Not Available,1,,Bore,,,Data Not Available,,,,Data Not Available,,,,Data Not Available,,,,Data Not Available,,,221.1,,5 - Highly Reliable,,Data Not Available,,Data Not Available,,,Measure Not Applicable,,,Data Not Available,,,Data Not Available,,Data Not Available,,,Data Not Available,,Data Not Available,,,Data Not Available,,Measure Not Applicable,,,,,,Data Not Available,,,Data Not Available,,Data Not Available,,,,Data Not Available,,Data Not Available,,Data Not Available,,,,Measure Not Applicable,
ACC-00008588,Ministry of Education,RAP001,Rapaura School,,Data Not Available,1,,Bore,,,Data Not Available,,,,Data Not Available,,,,Data Not Available,,,,Data Not Available,,,114.4,,5 - Highly Reliable,,Data Not Available,,Data Not Available,,,Measure Not Applicable,,,Data Not Available,,,Data Not Available,,Data Not Available,,,Data Not Available,,Data Not Available,,,Data Not Available,,Measure Not Applicable,,,,,,Data Not Available,,,Data Not Available,,Data Not Available,,,,Data Not Available,,Data Not Available,,Data Not Available,,,,Measure Not Applicable,
ACC-00008588,Ministry of Education,RIM001,Rimu School,,Data Not Available,1,,Bore,,,Data Not Available,,,,Data Not Available,,,,Data Not Available,,,,Data Not Available,,,118.8,,5 - Highly Reliable,,Data Not Available,,Data Not Available,,,Measure Not Applicable,,,Data Not Available,,,Data Not Available,,Data Not Available,,,Data Not Available,,Data Not Available,,,Data Not Available,,Measure Not Applicable,,,,,,Data Not Available,,,Data Not Available,,Data Not Available,,,,Data Not Available,,Data Not Available,,Data Not Available,,,,Measure Not Applicable,
ACC-00008588,Ministry of Education,RIV009,Riversdale School,,Data Not Available,1,,Bore,,,Data Not Available,,,,Data Not Available,,,,Data Not Available,,,,Data Not Available,,,157.3,,5 - Highly Reliable,,Data Not Available,,Data Not Available,,,Measure Not Applicable,,,Data Not Available,,,Data Not Available,,Data Not Available,,,Data Not Available,,Data Not Available,,,Data Not Available,,Measure Not Applicable,,,,,,Data Not Available,,,Data Not Available,,Data Not Available,,,,Data Not Available,,Data Not Available,,Data Not Available,,,,Measure Not Applicable,
ACC-00008588,Ministry of Education,RIV010,Riverlands School,,Data Not Available,1,,Bore,,,Data Not Available,,,,Data Not Available,,,,Data Not Available,,,,Data Not Available,,,224.4,,5 - Highly Reliable,,Data Not Available,,Data Not Available,,,Measure Not Applicable,,,Data Not Available,,,Data Not Available,,Data Not Available,,,Data Not Available,,Data Not Available,,,Data Not Available,,Measure Not Applicable,,,,,,Data Not Available,,,Data Not Available,,Data Not Available,,,,Data Not Available,,Data Not Available,,Data Not Available,,,,Measure Not Applicable,
ACC-00008588,Ministry of Education,RIV011,Riverhead School,,Data Not Available,1,,Bore,,,Data Not Available,,,,Data Not Available,,,,Data Not Available,,,,Data Not Available,,,495,,5 - Highly Reliable,,Data Not Available,,Data Not Available,,,Measure Not Applicable,,,Data Not Available,,,Data Not Available,,Data Not Available,,,Data Not Available,,Data Not Available,,,Data Not Available,,Measure Not Applicable,,,,,,Data Not Available,,,Data Not Available,,Data Not Available,,,,Data Not Available,,Data Not Available,,Data Not Available,,,,Measure Not Applicable,
ACC-00008588,Ministry of Education,RIW001,Riwaka School,,Data Not Available,1,,Bore,,,Data Not Available,,,,Data Not Available,,,,Data Not Available,,,,Data Not Available,,,168.3,,5 - Highly Reliable,,Data Not Available,,Data Not Available,,,Measure Not Applicable,,,Data Not Available,,,Data Not Available,,Data Not Available,,,Data Not Available,,Data Not Available,,,Data Not Available,,Measure Not Applicable,,,,,,Data Not Available,,,Data Not Available,,Data Not Available,,,,Data Not Available,,Data Not Available,,Data Not Available,,,,Measure Not Applicable,
ACC-00008588,Ministry of Education,ROT010,Rotokauri School,,Data Not Available,1,,Bore,,,Data Not Available,,,,Data Not Available,,,,Data Not Available,,,,Data Not Available,,,262.9,,5 - Highly Reliable,,Data Not Available,,Data Not Available,,,Measure Not Applicable,,,Data Not Available,,,Data Not Available,,Data Not Available,,,Data Not Available,,Data Not Available,,,Data Not Available,,Measure Not Applicable,,,,,,Data Not Available,,,Data Not Available,,Data Not Available,,,,Data Not Available,,Data Not Available,,Data Not Available,,,,Measure Not Applicable,
ACC-00008588,Ministry of Education,RUK001,Rukuhia School,,Data Not Available,1,,Bore,,,Data Not Available,,,,Data Not Available,,,,Data Not Available,,,,Data Not Available,,,128.7,,5 - Highly Reliable,,Data Not Available,,Data Not Available,,,Measure Not Applicable,,,Data Not Available,,,Data Not Available,,Data Not Available,,,Data Not Available,,Data Not Available,,,Data Not Available,,Measure Not Applicable,,,,,,Data Not Available,,,Data Not Available,,Data Not Available,,,,Data Not Available,,Data Not Available,,Data Not Available,,,,Measure Not Applicable,
ACC-00008588,Ministry of Education,TAI019,Taipa Area School,,Data Not Available,1,,Bore,,,Data Not Available,,,,Data Not Available,,,,Data Not Available,,,,Data Not Available,,,470.8,,5 - Highly Reliable,,Data Not Available,,Data Not Available,,,Measure Not Applicable,,,Data Not Available,,,Data Not Available,,Data Not Available,,,Data Not Available,,Data Not Available,,,Data Not Available,,Measure Not Applicable,,,,,,Data Not Available,,,Data Not Available,,Data Not Available,,,,Data Not Available,,Data Not Available,,Data Not Available,,,,Measure Not Applicable,
ACC-00008588,Ministry of Education,TAK003,Takaka Primary School,,Data Not Available,1,,Bore,,,Data Not Available,,,,Data Not Available,,,,Data Not Available,,,,Data Not Available,,,151.8,,5 - Highly Reliable,,Data Not Available,,Data Not Available,,,Measure Not Applicable,,,Data Not Available,,,Data Not Available,,Data Not Available,,,Data Not Available,,Data Not Available,,,Data Not Available,,Measure Not Applicable,,,,,,Data Not Available,,,Data Not Available,,Data Not Available,,,,Data Not Available,,Data Not Available,,Data Not Available,,,,Measure Not Applicable,
ACC-00008588,Ministry of Education,TAS001,Tasman School,,Data Not Available,1,,Bore,,,Data Not Available,,,,Data Not Available,,,,Data Not Available,,,,Data Not Available,,,125.4,,5 - Highly Reliable,,Data Not Available,,Data Not Available,,,Measure Not Applicable,,,Data Not Available,,,Data Not Available,,Data Not Available,,,Data Not Available,,Data Not Available,,,Data Not Available,,Measure Not Applicable,,,,,,Data Not Available,,,Data Not Available,,Data Not Available,,,,Data Not Available,,Data Not Available,,Data Not Available,,,,Measure Not Applicable,
ACC-00008588,Ministry of Education,TAT001,Tatuanui School,,Data Not Available,1,,Bore,,,Data Not Available,,,,Data Not Available,,,,Data Not Available,,,,Data Not Available,,,138.6,,5 - Highly Reliable,,Data Not Available,,Data Not Available,,,Measure Not Applicable,,,Data Not Available,,,Data Not Available,,Data Not Available,,,Data Not Available,,Data Not Available,,,Data Not Available,,Measure Not Applicable,,,,,,Data Not Available,,,Data Not Available,,Data Not Available,,,,Data Not Available,,Data Not Available,,Data Not Available,,,,Measure Not Applicable,
ACC-00008588,Ministry of Education,TAU005,Tauraroa Area School,,Data Not Available,2,,Bore,,,Measure Not Applicable,,,,Measure Not Applicable,,,,Measure Not Applicable,,,,Measure Not Applicable,,,466.4,,5 - Highly Reliable,,Data Not Available,,Data Not Available,,,Measure Not Applicable,,,Data Not Available,,,Data Not Available,,Data Not Available,,,Data Not Available,,Data Not Available,,,Data Not Available,,Measure Not Applicable,,,,,,Data Not Available,,,Data Not Available,,Data Not Available,,,,Data Not Available,,Data Not Available,,Data Not Available,,,,Measure Not Applicable,
ACC-00008588,Ministry of Education,TAU008,Tautoro School,,Data Not Available,1,,Bore,,,Data Not Available,,,,Data Not Available,,,,Data Not Available,,,,Data Not Available,,,178.2,,5 - Highly Reliable,,Data Not Available,,Data Not Available,,,Measure Not Applicable,,,Data Not Available,,,Data Not Available,,Data Not Available,,,Data Not Available,,Data Not Available,,,Data Not Available,,Measure Not Applicable,,,,,,Data Not Available,,,Data Not Available,,Data Not Available,,,,Data Not Available,,Data Not Available,,Data Not Available,,,,Measure Not Applicable,
ACC-00008588,Ministry of Education,TAU013,Taupaki School,,Data Not Available,1,,Bore,,,Data Not Available,,,,Data Not Available,,,,Data Not Available,,,,Data Not Available,,,251.9,,5 - Highly Reliable,,Data Not Available,,Data Not Available,,,Measure Not Applicable,,,Data Not Available,,,Data Not Available,,Data Not Available,,,Data Not Available,,Data Not Available,,,Data Not Available,,Measure Not Applicable,,,,,,Data Not Available,,,Data Not Available,,Data Not Available,,,,Data Not Available,,Data Not Available,,Data Not Available,,,,Measure Not Applicable,
ACC-00008588,Ministry of Education,TAU022,Tauwhare School,,Data Not Available,1,,Bore,,,Data Not Available,,,,Data Not Available,,,,Data Not Available,,,,Data Not Available,,,113.3,,5 - Highly Reliable,,Data Not Available,,Data Not Available,,,Measure Not Applicable,,,Data Not Available,,,Data Not Available,,Data Not Available,,,Data Not Available,,Data Not Available,,,Data Not Available,,Measure Not Applicable,,,,,,Data Not Available,,,Data Not Available,,Data Not Available,,,,Data Not Available,,Data Not Available,,Data Not Available,,,,Measure Not Applicable,
ACC-00008588,Ministry of Education,TEH003,Te Hihi School,,Data Not Available,1,,Bore,,,Data Not Available,,,,Data Not Available,,,,Data Not Available,,,,Data Not Available,,,148.5,,5 - Highly Reliable,,Data Not Available,,Data Not Available,,,Measure Not Applicable,,,Data Not Available,,,Data Not Available,,Data Not Available,,,Data Not Available,,Data Not Available,,,Data Not Available,,Measure Not Applicable,,,,,,Data Not Available,,,Data Not Available,,Data Not Available,,,,Data Not Available,,Data Not Available,,Data Not Available,,,,Measure Not Applicable,
ACC-00008588,Ministry of Education,TEK012,Te Rangi Aniwaniwa,,Data Not Available,1,,Bore,,,Measure Not Applicable,,,,Measure Not Applicable,,,,Measure Not Applicable,,,,Measure Not Applicable,,,218.9,,5 - Highly Reliable,,Data Not Available,,Data Not Available,,,Measure Not Applicable,,,Data Not Available,,,Data Not Available,,Data Not Available,,,Data Not Available,,Data Not Available,,,Data Not Available,,Measure Not Applicable,,,,,,Data Not Available,,,Data Not Available,,Data Not Available,,,,Data Not Available,,Data Not Available,,Data Not Available,,,,Measure Not Applicable,
ACC-00008588,Ministry of Education,TEK015,TKKM o Te Waiu o Ngati Porou,,Data Not Available,1,,Bore,,,Measure Not Applicable,,,,Measure Not Applicable,,,,Measure Not Applicable,,,,Measure Not Applicable,,,154,,5 - Highly Reliable,,Data Not Available,,Data Not Available,,,Measure Not Applicable,,,Data Not Available,,,Data Not Available,,Data Not Available,,,Data Not Available,,Data Not Available,,,Data Not Available,,Measure Not Applicable,,,,,,Data Not Available,,,Data Not Available,,Data Not Available,,,,Data Not Available,,Data Not Available,,Data Not Available,,,,Measure Not Applicable,
ACC-00008588,Ministry of Education,TEK017,Te Kura o Ngati Haua,,Data Not Available,1,,Bore,,,Measure Not Applicable,,,,Measure Not Applicable,,,,Measure Not Applicable,,,,Measure Not Applicable,,,119.9,,5 - Highly Reliable,,Data Not Available,,Data Not Available,,,Measure Not Applicable,,,Data Not Available,,,Data Not Available,,Data Not Available,,,Data Not Available,,Data Not Available,,,Data Not Available,,Measure Not Applicable,,,,,,Data Not Available,,,Data Not Available,,Data Not Available,,,,Data Not Available,,Data Not Available,,Data Not Available,,,,Measure Not Applicable,
ACC-00008588,Ministry of Education,TEK020,Te Kowhai School,,Data Not Available,1,,Bore,,,Data Not Available,,,,Data Not Available,,,,Data Not Available,,,,Data Not Available,,,354.2,,5 - Highly Reliable,,Data Not Available,,Data Not Available,,,Measure Not Applicable,,,Data Not Available,,,Data Not Available,,Data Not Available,,,Data Not Available,,Data Not Available,,,Data Not Available,,Measure Not Applicable,,,,,,Data Not Available,,,Data Not Available,,Data Not Available,,,,Data Not Available,,Data Not Available,,Data Not Available,,,,Measure Not Applicable,
ACC-00008588,Ministry of Education,TEM010,Te Mata School (Raglan),,Data Not Available,1,,Bore,,,Data Not Available,,,,Data Not Available,,,,Data Not Available,,,,Data Not Available,,,155.1,,5 - Highly Reliable,,Data Not Available,,Data Not Available,,,Measure Not Applicable,,,Data Not Available,,,Data Not Available,,Data Not Available,,,Data Not Available,,Data Not Available,,,Data Not Available,,Measure Not Applicable,,,,,,Data Not Available,,,Data Not Available,,Data Not Available,,,,Data Not Available,,Data Not Available,,Data Not Available,,,,Measure Not Applicable,
ACC-00008588,Ministry of Education,TEP016,Te Pahu School,,Data Not Available,1,,Bore,,,Data Not Available,,,,Data Not Available,,,,Data Not Available,,,,Data Not Available,,,119.9,,5 - Highly Reliable,,Data Not Available,,Data Not Available,,,Measure Not Applicable,,,Data Not Available,,,Data Not Available,,Data Not Available,,,Data Not Available,,Data Not Available,,,Data Not Available,,Measure Not Applicable,,,,,,Data Not Available,,,Data Not Available,,Data Not Available,,,,Data Not Available,,Data Not Available,,Data Not Available,,,,Measure Not Applicable,
ACC-00008588,Ministry of Education,TEP018,Te Puru School,,Data Not Available,1,,Bore,,,Data Not Available,,,,Data Not Available,,,,Data Not Available,,,,Data Not Available,,,193.6,,5 - Highly Reliable,,Data Not Available,,Data Not Available,,,Measure Not Applicable,,,Data Not Available,,,Data Not Available,,Data Not Available,,,Data Not Available,,Data Not Available,,,Data Not Available,,Measure Not Applicable,,,,,,Data Not Available,,,Data Not Available,,Data Not Available,,,,Data Not Available,,Data Not Available,,Data Not Available,,,,Measure Not Applicable,
ACC-00008588,Ministry of Education,TER001,Te Ranga School,,Data Not Available,1,,Bore,,,Data Not Available,,,,Data Not Available,,,,Data Not Available,,,,Data Not Available,,,184.8,,5 - Highly Reliable,,Data Not Available,,Data Not Available,,,Measure Not Applicable,,,Data Not Available,,,Data Not Available,,Data Not Available,,,Data Not Available,,Data Not Available,,,Data Not Available,,Measure Not Applicable,,,,,,Data Not Available,,,Data Not Available,,Data Not Available,,,,Data Not Available,,Data Not Available,,Data Not Available,,,,Measure Not Applicable,
ACC-00008588,Ministry of Education,TEU001,Te Uku School,,Data Not Available,1,,Bore,,,Data Not Available,,,,Data Not Available,,,,Data Not Available,,,,Data Not Available,,,169.4,,5 - Highly Reliable,,Data Not Available,,Data Not Available,,,Measure Not Applicable,,,Data Not Available,,,Data Not Available,,Data Not Available,,,Data Not Available,,Data Not Available,,,Data Not Available,,Measure Not Applicable,,,,,,Data Not Available,,,Data Not Available,,Data Not Available,,,,Data Not Available,,Data Not Available,,Data Not Available,,,,Measure Not Applicable,
ACC-00008588,Ministry of Education,TEW007,Te Waotu School,,Data Not Available,1,,Bore,,,Data Not Available,,,,Data Not Available,,,,Data Not Available,,,,Data Not Available,,,128.7,,5 - Highly Reliable,,Data Not Available,,Data Not Available,,,Measure Not Applicable,,,Data Not Available,,,Data Not Available,,Data Not Available,,,Data Not Available,,Data Not Available,,,Data Not Available,,Measure Not Applicable,,,,,,Data Not Available,,,Data Not Available,,Data Not Available,,,,Data Not Available,,Data Not Available,,Data Not Available,,,,Measure Not Applicable,
ACC-00008588,Ministry of Education,TEW016,Te Wharekura o Te Rau Aroha,,Data Not Available,1,,Bore,,,Measure Not Applicable,,,,Measure Not Applicable,,,,Measure Not Applicable,,,,Measure Not Applicable,,,160.6,,5 - Highly Reliable,,Data Not Available,,Data Not Available,,,Measure Not Applicable,,,Data Not Available,,,Data Not Available,,Data Not Available,,,Data Not Available,,Data Not Available,,,Data Not Available,,Measure Not Applicable,,,,,,Data Not Available,,,Data Not Available,,Data Not Available,,,,Data Not Available,,Data Not Available,,Data Not Available,,,,Measure Not Applicable,
ACC-00008588,Ministry of Education,TOK009,Toko School,,Data Not Available,1,,Bore,,,Data Not Available,,,,Data Not Available,,,,Data Not Available,,,,Data Not Available,,,114.4,,5 - Highly Reliable,,Data Not Available,,Data Not Available,,,Measure Not Applicable,,,Data Not Available,,,Data Not Available,,Data Not Available,,,Data Not Available,,Data Not Available,,,Data Not Available,,Measure Not Applicable,,,,,,Data Not Available,,,Data Not Available,,Data Not Available,,,,Data Not Available,,Data Not Available,,Data Not Available,,,,Measure Not Applicable,
ACC-00008588,Ministry of Education,TOL001,Tolaga Bay Area School,,Data Not Available,1,,Bore,,,Data Not Available,,,,Data Not Available,,,,Data Not Available,,,,Data Not Available,,,286,,5 - Highly Reliable,,Data Not Available,,Data Not Available,,,Measure Not Applicable,,,Data Not Available,,,Data Not Available,,Data Not Available,,,Data Not Available,,Data Not Available,,,Data Not Available,,Measure Not Applicable,,,,,,Data Not Available,,,Data Not Available,,Data Not Available,,,,Data Not Available,,Data Not Available,,Data Not Available,,,,Measure Not Applicable,
ACC-00008588,Ministry of Education,TUA006,Tua Marina School,,Data Not Available,1,,Bore,,,Data Not Available,,,,Data Not Available,,,,Data Not Available,,,,Data Not Available,,,110,,5 - Highly Reliable,,Data Not Available,,Data Not Available,,,Measure Not Applicable,,,Data Not Available,,,Data Not Available,,Data Not Available,,,Data Not Available,,Data Not Available,,,Data Not Available,,Measure Not Applicable,,,,,,Data Not Available,,,Data Not Available,,Data Not Available,,,,Data Not Available,,Data Not Available,,Data Not Available,,,,Measure Not Applicable,
ACC-00008588,Ministry of Education,TWY001,Twyford School,,Data Not Available,1,,Bore,,,Data Not Available,,,,Data Not Available,,,,Data Not Available,,,,Data Not Available,,,182.6,,5 - Highly Reliable,,Data Not Available,,Data Not Available,,,Measure Not Applicable,,,Data Not Available,,,Data Not Available,,Data Not Available,,,Data Not Available,,Data Not Available,,,Data Not Available,,Measure Not Applicable,,,,,,Data Not Available,,,Data Not Available,,Data Not Available,,,,Data Not Available,,Data Not Available,,Data Not Available,,,,Measure Not Applicable,
ACC-00008588,Ministry of Education,UPO001,Upokongaro School,,Data Not Available,1,,Spring,,,Data Not Available,,,,Data Not Available,,,,Data Not Available,,,,Data Not Available,,,123.2,,5 - Highly Reliable,,Data Not Available,,Data Not Available,,,Measure Not Applicable,,,Data Not Available,,,Data Not Available,,Data Not Available,,,Data Not Available,,Data Not Available,,,Data Not Available,,Measure Not Applicable,,,,,,Data Not Available,,,Data Not Available,,Data Not Available,,,,Data Not Available,,Data Not Available,,Data Not Available,,,,Measure Not Applicable,
ACC-00008588,Ministry of Education,WAE002,Waerenga School,,Data Not Available,1,,Bore,,,Data Not Available,,,,Data Not Available,,,,Data Not Available,,,,Data Not Available,,,106.7,,5 - Highly Reliable,,Data Not Available,,Data Not Available,,,Measure Not Applicable,,,Data Not Available,,,Data Not Available,,Data Not Available,,,Data Not Available,,Data Not Available,,,Data Not Available,,Measure Not Applicable,,,,,,Data Not Available,,,Data Not Available,,Data Not Available,,,,Data Not Available,,Data Not Available,,Data Not Available,,,,Measure Not Applicable,
ACC-00008588,Ministry of Education,WAI056,Waikite Valley School,,Data Not Available,1,,Bore,,,Data Not Available,,,,Data Not Available,,,,Data Not Available,,,,Data Not Available,,,103.4,,5 - Highly Reliable,,Data Not Available,,Data Not Available,,,Measure Not Applicable,,,Data Not Available,,,Data Not Available,,Data Not Available,,,Data Not Available,,Data Not Available,,,Data Not Available,,Measure Not Applicable,,,,,,Data Not Available,,,Data Not Available,,Data Not Available,,,,Data Not Available,,Data Not Available,,Data Not Available,,,,Measure Not Applicable,
ACC-00008588,Ministry of Education,WAI085,Waimauku School,,Data Not Available,1,,Bore,,,Measure Not Applicable,,,,Measure Not Applicable,,,,Measure Not Applicable,,,,Measure Not Applicable,,,754.6,,5 - Highly Reliable,,Data Not Available,,Data Not Available,,,Measure Not Applicable,,,Data Not Available,,,Data Not Available,,Data Not Available,,,Data Not Available,,Data Not Available,,,Data Not Available,,Measure Not Applicable,,,,,,Data Not Available,,,Data Not Available,,Data Not Available,,,,Data Not Available,,Data Not Available,,Data Not Available,,,,Measure Not Applicable,
ACC-00008588,Ministry of Education,WAI086,Waioneke School,,Data Not Available,1,,Bore,,,Data Not Available,,,,Data Not Available,,,,Data Not Available,,,,Data Not Available,,,101.2,,5 - Highly Reliable,,Data Not Available,,Data Not Available,,,Measure Not Applicable,,,Data Not Available,,,Data Not Available,,Data Not Available,,,Data Not Available,,Data Not Available,,,Data Not Available,,Measure Not Applicable,,,,,,Data Not Available,,,Data Not Available,,Data Not Available,,,,Data Not Available,,Data Not Available,,Data Not Available,,,,Measure Not Applicable,
ACC-00008588,Ministry of Education,WAI096,Waiau Pa School,,Data Not Available,1,,Bore,,,Data Not Available,,,,Data Not Available,,,,Data Not Available,,,,Data Not Available,,,363,,5 - Highly Reliable,,Data Not Available,,Data Not Available,,,Measure Not Applicable,,,Data Not Available,,,Data Not Available,,Data Not Available,,,Data Not Available,,Data Not Available,,,Data Not Available,,Measure Not Applicable,,,,,,Data Not Available,,,Data Not Available,,Data Not Available,,,,Data Not Available,,Data Not Available,,Data Not Available,,,,Measure Not Applicable,
ACC-00008588,Ministry of Education,WAI098,Waiheke High School,,Data Not Available,1,,Bore,,,Data Not Available,,,,Data Not Available,,,,Data Not Available,,,,Data Not Available,,,419.1,,5 - Highly Reliable,,Data Not Available,,Data Not Available,,,Measure Not Applicable,,,Data Not Available,,,Data Not Available,,Data Not Available,,,Data Not Available,,Data Not Available,,,Data Not Available,,Measure Not Applicable,,,,,,Data Not Available,,,Data Not Available,,Data Not Available,,,,Data Not Available,,Data Not Available,,Data Not Available,,,,Measure Not Applicable,
ACC-00008588,Ministry of Education,WAI107,Waiotahe Valley School,,Data Not Available,1,,Bore,,,Data Not Available,,,,Data Not Available,,,,Data Not Available,,,,Data Not Available,,,121,,5 - Highly Reliable,,Data Not Available,,Data Not Available,,,Measure Not Applicable,,,Data Not Available,,,Data Not Available,,Data Not Available,,,Data Not Available,,Data Not Available,,,Data Not Available,,Measure Not Applicable,,,,,,Data Not Available,,,Data Not Available,,Data Not Available,,,,Data Not Available,,Data Not Available,,Data Not Available,,,,Measure Not Applicable,
ACC-00008588,Ministry of Education,WAI179,Waiheke Primary School,,Data Not Available,1,,Bore,,,Data Not Available,,,,Data Not Available,,,,Data Not Available,,,,Data Not Available,,,304.7,,5 - Highly Reliable,,Data Not Available,,Data Not Available,,,Measure Not Applicable,,,Data Not Available,,,Data Not Available,,Data Not Available,,,Data Not Available,,Data Not Available,,,Data Not Available,,Measure Not Applicable,,,,,,Data Not Available,,,Data Not Available,,Data Not Available,,,,Data Not Available,,Data Not Available,,Data Not Available,,,,Measure Not Applicable,
ACC-00008588,Ministry of Education,WAK003,Wakanui School,,Data Not Available,1,,Bore,,,Data Not Available,,,,Data Not Available,,,,Data Not Available,,,,Data Not Available,,,113.3,,5 - Highly Reliable,,Data Not Available,,Data Not Available,,,Measure Not Applicable,,,Data Not Available,,,Data Not Available,,Data Not Available,,,Data Not Available,,Data Not Available,,,Data Not Available,,Measure Not Applicable,,,,,,Data Not Available,,,Data Not Available,,Data Not Available,,,,Data Not Available,,Data Not Available,,Data Not Available,,,,Measure Not Applicable,
ACC-00008588,Ministry of Education,WAL003,Walton School,,Data Not Available,1,,Bore,,,Data Not Available,,,,Data Not Available,,,,Data Not Available,,,,Data Not Available,,,139.7,,5 - Highly Reliable,,Data Not Available,,Data Not Available,,,Measure Not Applicable,,,Data Not Available,,,Data Not Available,,Data Not Available,,,Data Not Available,,Data Not Available,,,Data Not Available,,Measure Not Applicable,,,,,,Data Not Available,,,Data Not Available,,Data Not Available,,,,Data Not Available,,Data Not Available,,Data Not Available,,,,Measure Not Applicable,
ACC-00008588,Ministry of Education,WEE001,Weedons School,,Data Not Available,1,,Bore,,,Data Not Available,,,,Data Not Available,,,,Data Not Available,,,,Data Not Available,,,166.1,,5 - Highly Reliable,,Data Not Available,,Data Not Available,,,Measure Not Applicable,,,Data Not Available,,,Data Not Available,,Data Not Available,,,Data Not Available,,Data Not Available,,,Data Not Available,,Measure Not Applicable,,,,,,Data Not Available,,,Data Not Available,,Data Not Available,,,,Data Not Available,,Data Not Available,,Data Not Available,,,,Measure Not Applicable,
ACC-00008588,Ministry of Education,WHA022,Whangamarino School,,Data Not Available,1,,Bore,,,Measure Not Applicable,,,,Measure Not Applicable,,,,Measure Not Applicable,,,,Measure Not Applicable,,,150.7,,5 - Highly Reliable,,Data Not Available,,Data Not Available,,,Measure Not Applicable,,,Data Not Available,,,Data Not Available,,Data Not Available,,,Data Not Available,,Data Not Available,,,Data Not Available,,Measure Not Applicable,,,,,,Data Not Available,,,Data Not Available,,Data Not Available,,,,Data Not Available,,Data Not Available,,Data Not Available,,,,Measure Not Applicable,
ACC-00008588,Ministry of Education,WHA023,Whakamarama School,,Data Not Available,1,,Bore,,,Data Not Available,,,,Data Not Available,,,,Data Not Available,,,,Data Not Available,,,100.1,,5 - Highly Reliable,,Data Not Available,,Data Not Available,,,Measure Not Applicable,,,Data Not Available,,,Data Not Available,,Data Not Available,,,Data Not Available,,Data Not Available,,,Data Not Available,,Measure Not Applicable,,,,,,Data Not Available,,,Data Not Available,,Data Not Available,,,,Data Not Available,,Data Not Available,,Data Not Available,,,,Measure Not Applicable,
ACC-00008588,Ministry of Education,WHA026,Whangaroa College,,Data Not Available,1,,River/stream/creek,,,Measure Not Applicable,,,,Measure Not Applicable,,,,Measure Not Applicable,,,,Measure Not Applicable,,,119.9,,5 - Highly Reliable,,Data Not Available,,Data Not Available,,,Measure Not Applicable,,,Data Not Available,,,Data Not Available,,Data Not Available,,,Data Not Available,,Data Not Available,,,Data Not Available,,No,,Data Not Available,,,,Data Not Available,,,Data Not Available,,Data Not Available,,,,Data Not Available,,Data Not Available,,Data Not Available,,,,Measure Not Applicable,
ACC-00008588,Ministry of Education,WHA046,Whatawhata School,,Data Not Available,1,,Bore,,,Data Not Available,,,,Data Not Available,,,,Data Not Available,,,,Data Not Available,,,304.7,,5 - Highly Reliable,,Data Not Available,,Data Not Available,,,Measure Not Applicable,,,Data Not Available,,,Data Not Available,,Data Not Available,,,Data Not Available,,Data Not Available,,,Data Not Available,,Measure Not Applicable,,,,,,Data Not Available,,,Data Not Available,,Data Not Available,,,,Data Not Available,,Data Not Available,,Data Not Available,,,,Measure Not Applicable,
ACC-00008588,Ministry of Education,WHE002,Whenuakite School,,Data Not Available,1,,Bore,,,Data Not Available,,,,Data Not Available,,,,Data Not Available,,,,Data Not Available,,,178.2,,5 - Highly Reliable,,Data Not Available,,Data Not Available,,,Measure Not Applicable,,,Data Not Available,,,Data Not Available,,Data Not Available,,,Data Not Available,,Data Not Available,,,Data Not Available,,Measure Not Applicable,,,,,,Data Not Available,,,Data Not Available,,Data Not Available,,,,Data Not Available,,Data Not Available,,Data Not Available,,,,Measure Not Applicable,
ACC-00008588,Ministry of Education,WOO003,Woodlands Full Primary School,,Data Not Available,1,,Bore,,,Data Not Available,,,,Data Not Available,,,,Data Not Available,,,,Data Not Available,,,113.3,,5 - Highly Reliable,,Data Not Available,,Data Not Available,,,Measure Not Applicable,,,Data Not Available,,,Data Not Available,,Data Not Available,,,Data Not Available,,Data Not Available,,,Data Not Available,,Measure Not Applicable,,,,,,Data Not Available,,,Data Not Available,,Data Not Available,,,,Data Not Available,,Data Not Available,,Data Not Available,,,,Measure Not Applicable,
ACC-00008588,Ministry of Education,YAL001,Yaldhurst Model School,,Data Not Available,1,,Bore,,,Data Not Available,,,,Data Not Available,,,,Data Not Available,,,,Data Not Available,,,122.1,,5 - Highly Reliable,,Data Not Available,,Data Not Available,,,Measure Not Applicable,,,Data Not Available,,,Data Not Available,,Data Not Available,,,Data Not Available,,Data Not Available,,,Data Not Available,,Measure Not Applicable,,,,,,Data Not Available,,,Data Not Available,,Data Not Available,,,,Data Not Available,,Data Not Available,,Data Not Available,,,,Measure Not Applicable,
ACC-00001141,Napier City Council,NAP001NA,Napier,511,,7,,Bore,,23500,,Other (Please identify in the comments section),Rating Units from Rates Team,25197,,Number of connections known,,1497,,Other (Please identify in the comments section),Rating Units from Rates Team,2045,,Other (Please identify in the comments section),Rating Units from Rates Team,62992,,4 - Reliable,9978980,,2342133,,4 - Reliable,1,,5 - Highly Reliable,,Measure Not Applicable,Measure Not Applicable,Not part of the NCC treatment process,Measure Not Applicable,,Measure Not Applicable,Measure Not Applicable,Not as part of the NCC treatment process,Measure Not Applicable,,Measure Not Applicable,Measure Not Applicable,,Measure Not Applicable,5 - Highly Reliable,Measure Not Applicable,,Measure Not Applicable,,5 - Highly Reliable,400,,Yes,300,,143,,4 - Reliable,2252920,Yes,,1800358,,452562,,4,3 - Less Reliable,555,,3 - Less Reliable
ACC-00008541,Nelson City Council,NEL001,Nelson,408,,3,,River/stream/creek,"Maitai Dam, Maitai South River and Roding River",20145,,Number of metered connections,,21343,,Other (Please identify in the comments section),Combination of the water meter account data and the number of buildings,1807,,Number of metered connections,,1496,,Other (Please identify in the comments section),Combination of the water meter account data and the number of buildings,51100,,4 - Reliable,7391300,,1944038,,5 - Highly Reliable,7,,5 - Highly Reliable,57,,Landfill,,,,Measure Not Applicable,Other (Please identify in the comments section),The chemical wash goes to the council's wastewater network.,,,Data Not Available,Freshwater,Screens are placed at the water abstraction points before or at the treatment plant.,Measure Not Applicable,4 - Reliable,Yes,,Yes,,5 - Highly Reliable,670,,Yes,300,,203,,4 - Reliable,2104100,No,,1866600,,647452,,2.88,5 - Highly Reliable,378,,4 - Reliable
ACC-00008525,New Plymouth District Council,ING001,Inglewood,69.5,,2,,Infiltration gallery,,1603,,Other (Please identify in the comments section),no of residential properties charged for water,1664,,Other (Please identify in the comments section),No of SUIPS associated with residential properies charged for water,183,,Other (Please identify in the comments section),no of non-residential properties charged for water,192,,Other (Please identify in the comments section),No of SUIPS associated with non-residential properies charged for water,4350,,4 - Reliable,527042,,82000,,4 - Reliable,5,,5 - Highly Reliable,9,,Land,,,9860,,Freshwater,,,0,,Measure Not Applicable,,Measure Not Applicable,4 - Reliable,Yes,,Yes,,5 - Highly Reliable,410,,Yes,250,,8,,4 - Reliable,36500,No,,33500,,35300,,0.95,3 - Less Reliable,610,,4 - Reliable
ACC-00008525,New Plymouth District Council,NEW002,New Plymouth,918.665,,3,,Lake,,25477,,Other (Please identify in the comments section),no of residential properties charged for water,26789,,Other (Please identify in the comments section),No of SUIPS associated with residential properies charged for water,2585,,Other (Please identify in the comments section),no of non-residential properties charged for water,2965,,Other (Please identify in the comments section),No of SUIPS associated with non-residential properies charged for water,68150,,4 - Reliable,12318937,,3282000,,4 - Reliable,8,,5 - Highly Reliable,210,,Land,,,116640,,Other (Please identify in the comments section),Recycled/freshwater,,0,,Measure Not Applicable,,Measure Not Applicable,4 - Reliable,Yes,,Yes,,5 - Highly Reliable,670,,Yes,250,,141,,4 - Reliable,2211100,No,,2130600,,922300,,2.31,3 - Less Reliable,645,,4 - Reliable
ACC-00008525,New Plymouth District Council,OAK001,Oakura,29.458,,3,,Bore,,742,,Other (Please identify in the comments section),no of residential properties charged for water,766,,Other (Please identify in the comments section),No of SUIPS associated with residential properies charged for water,51,,Other (Please identify in the comments section),no of non-residential properties charged for water,69,,Other (Please identify in the comments section),No of SUIPS associated with non-residential properies charged for water,1900,,4 - Reliable,293611,,23800,,4 - Reliable,4,,5 - Highly Reliable,,Measure Not Applicable,Measure Not Applicable,,Measure Not Applicable,,Measure Not Applicable,Measure Not Applicable,,Measure Not Applicable,0,,Measure Not Applicable,,Measure Not Applicable,4 - Reliable,Measure Not Applicable,,Measure Not Applicable,,5 - Highly Reliable,670,,Yes,250,,1,,4 - Reliable,67900,No,,66700,,26260,,2.54,3 - Less Reliable,645,,3 - Less Reliable
ACC-00008525,New Plymouth District Council,OKA002,Okato,21.725,,1,,Infiltration gallery,,275,,Other (Please identify in the comments section),no of residential properties charged for water,275,,Other (Please identify in the comments section),No of SUIPS associated with residential properies charged for water,55,,Other (Please identify in the comments section),no of non-residential properties charged for water,61,,Other (Please identify in the comments section),No of SUIPS associated with non-residential properies charged for water,810,,4 - Reliable,138162,,56400,,4 - Reliable,3,,5 - Highly Reliable,,Measure Not Applicable,Measure Not Applicable,,Measure Not Applicable,,Measure Not Applicable,Measure Not Applicable,,Measure Not Applicable,0,,Measure Not Applicable,,Measure Not Applicable,4 - Reliable,Yes,,Yes,,5 - Highly Reliable,520,,Yes,250,,1,,4 - Reliable,64100,No,,58900,,11715,,1.3,3 - Less Reliable,608,,4 - Reliable
ACC-00001000,New Zealand Defence Force,,West Melton,4.89,,1,,Bore,,1,,Estimation by residential buildings,,1,,Estimation by residential buildings,,67,,Estimation by non-residential buildings,,67,,Estimation by non-residential buildings,,170,,4 - Reliable,4500,,1220,,4 - Reliable,1,,4 - Reliable,,,Measure Not Applicable,No byproducts,,0,,Measure Not Applicable,No byproducts,,,Measure Not Applicable,Measure Not Applicable,No screens,,,Measure Not Applicable,,Measure Not Applicable,,,450,,Yes,425,,0,,1 - Very Uncertain,2900,Not applicable,,2900,,2380,,1.218487395,2 - Uncertain,,Meausure Not Applicable,
ACC-00001000,New Zealand Defence Force,BAL005,Tekapo Military Training Area,5.56,,1,,River/stream/creek,,2,,Estimation by residential buildings,,2,,Estimation by residential buildings,,146,,Estimation by non-residential buildings,,146,,Estimation by non-residential buildings,,200,,4 - Reliable,4878.712,,2660,,4 - Reliable,2,,4 - Reliable,,,Measure Not Applicable,No byproducts,,0,,Measure Not Applicable,No byproducts,,,Measure Not Applicable,Measure Not Applicable,No screens,,,Measure Not Applicable,,Measure Not Applicable,,,490,,Yes,425,,0,,1 - Very Uncertain,1600,Not applicable,,1600,,3990,,0.401002506,2 - Uncertain,,Meausure Not Applicable,
ACC-00001000,New Zealand Defence Force,BUR001,Burnham Military Camp,41.3,,1,,Bore,,301,,Estimation by residential buildings,,323,,Estimation by residential buildings,,542,,Estimation by non-residential buildings,,542,,Estimation by non-residential buildings,,1700,,4 - Reliable,450661,,19730,,4 - Reliable,1,,4 - Reliable,,,Measure Not Applicable,No byproducts,,0,,Measure Not Applicable,No byproducts,,,Measure Not Applicable,Measure Not Applicable,No screens,,,Measure Not Applicable,,Measure Not Applicable,,,340,,Yes,425,,0,,1 - Very Uncertain,330100,Not applicable,,329600,,18110,,18.19988956,2 - Uncertain,,Meausure Not Applicable,
ACC-00001000,New Zealand Defence Force,DIP002,Dip Flat Camp,0.13,,2,,River/stream/creek,,0,,Estimation by residential buildings,,0,,Estimation by residential buildings,,47,,Estimation by non-residential buildings,,47,,Estimation by non-residential buildings,,150,,4 - Reliable,1070,,860,,4 - Reliable,1,,4 - Reliable,,,Measure Not Applicable,No byproducts,,0,,Measure Not Applicable,No byproducts,,,Measure Not Applicable,Measure Not Applicable,No screens,,,Measure Not Applicable,,Measure Not Applicable,,,100,,Yes,425,,47,,1 - Very Uncertain,200,Not applicable,,200,,150,,1.333333333,2 - Uncertain,,Meausure Not Applicable,
ACC-00001000,New Zealand Defence Force,LIN001,Linton Military Camp,26.96,,4,,Bore,,302,,Estimation by residential buildings,,341,,Estimation by residential buildings,,527,,Estimation by non-residential buildings,,527,,Estimation by non-residential buildings,,4000,,4 - Reliable,112267,,9590,,4 - Reliable,5,,4 - Reliable,,,Measure Not Applicable,No byproducts,,0,,Measure Not Applicable,No byproducts,,,Measure Not Applicable,Measure Not Applicable,No screens,,,Measure Not Applicable,,Measure Not Applicable,,,250,,Yes,425,,0,,1 - Very Uncertain,30700,Not applicable,,305000,,10480,,29.10305344,2 - Uncertain,,Meausure Not Applicable,
ACC-00001000,New Zealand Defence Force,WAI002,Waiouru Military Camp,44.32,,2,,River/stream/creek,,215,,Estimation by residential buildings,,241,,Estimation by residential buildings,,800,,Estimation by non-residential buildings,,800,,Estimation by non-residential buildings,,2800,,4 - Reliable,511493.7739,,72800,,4 - Reliable,4,,4 - Reliable,48.9,,Landfill,,,2080,,Other (Please identify in the comments section),"Settling tank, then sewer",,,Measure Not Applicable,Measure Not Applicable,No screens,,3 - Less Reliable,Yes,,Yes,,4 - Reliable,590,,Yes,425,,0,,1 - Very Uncertain,365700,Not applicable,,365200,,35250,,10.36028369,2 - Uncertain,,Meausure Not Applicable,
ACC-00001000,New Zealand Defence Force,WOO004,RNZAF Base Woodbourne,26.22,,2,,Bore,,176,,Estimation by residential buildings,,197,,Estimation by residential buildings,,245,,Estimation by non-residential buildings,,245,,Estimation by non-residential buildings,,1500,,4 - Reliable,259525.5,,22300,,4 - Reliable,2,,4 - Reliable,,,Measure Not Applicable,No byproducts,,0,,Measure Not Applicable,No byproducts,,,Measure Not Applicable,Measure Not Applicable,No screens,,,Measure Not Applicable,,Measure Not Applicable,,,200,,Yes,425,,0,,1 - Very Uncertain,178300,Not applicable,,178000,,5900,,30.16949153,2 - Uncertain,,Meausure Not Applicable,
ACC-00008500,Opotiki District Council,OHI001,Ōhiwa,1,,1,,Bore,,21,,Number of metered connections,DWSPlan pg 41 of 129,0,,Number of connections known,,0,,Estimation by non-residential buildings,,0,,Number of connections known,,50,,4 - Reliable,8118,,0,,4 - Reliable,0,,4 - Reliable,,Measure Not Applicable,,,,,Measure Not Applicable,Measure Not Applicable,,Measure Not Applicable,,Measure Not Applicable,Measure Not Applicable,,Measure Not Applicable,4 - Reliable,Measure Not Applicable,,Measure Not Applicable,,4 - Reliable,250,,No,,Data Not Available,0,,4 - Reliable,800,No,,800,,300,,2.666666667,4 - Reliable,1061,,3 - Less Reliable
ACC-00008500,Opotiki District Council,OPO001,Ōpōtiki,96,,2,,Bore,,2351,,Estimation by population,DWSPlan pg 41 of 129,116,,Other (Please identify in the comments section),"Short term: 116 consented lots, and 500 vacant properties. Medium term: 85 new lots, 200 planned dwellings. Longer term: capacity for 1943 sections to be developed.",87,,Estimation by non-residential buildings,,,Data Not Available,Data Not Available,District Scheme Plan zone changes have been halted.,4530,,4 - Reliable,609812,,,Data Not Available,4 - Reliable,3,,5 - Highly Reliable,0,,Landfill,So little sludge build up that this is not removed for 10 years or more.,,,Data Not Available,Other (Please identify in the comments section),"Discharge consent to water, post settlement pond",,0,Data Not Available,Landfill,So little sludge build up that this is not removed for 10 years or more.,Data Not Available,5 - Highly Reliable,Measure Not Applicable,,Measure Not Applicable,,5 - Highly Reliable,500,,Yes,500,,1,,5 - Highly Reliable,59700,No,,59700,,53600,,1.11380597,5 - Highly Reliable,845,,4 - Reliable
ACC-00008500,Opotiki District Council,TEK004,Te Kaha,21,,2,,Infiltration gallery,,365,,Estimation by population,DWSPlan pg 41 of 129,0,,Number of connections known,,10,,Estimation by non-residential buildings,,,Data Not Available,Data Not Available,,200,,4 - Reliable,92610,,,Data Not Available,4 - Reliable,1,,5 - Highly Reliable,,Measure Not Applicable,,,,,Data Not Available,Land,to ground,Data Not Available,,Measure Not Applicable,Measure Not Applicable,,Measure Not Applicable,5 - Highly Reliable,Measure Not Applicable,,Measure Not Applicable,,5 - Highly Reliable,250,,No,,Data Not Available,0,,4 - Reliable,17900,No,,17900,,6300,,2.841269841,5 - Highly Reliable,662,,4 - Reliable
ACC-00008562,Otorohanga District Council,HUI007,Huirimu,18,,1,,River/stream/creek,,0,Measure Not Applicable,Measure Not Applicable,,0,Measure Not Applicable,Measure Not Applicable,,30,,Number of metered connections,,0,Measure Not Applicable,Measure Not Applicable,,120,,5 - Highly Reliable,235617,,200940,,5 - Highly Reliable,3,,5 - Highly Reliable,0,Measure Not Applicable,Measure Not Applicable,,Measure Not Applicable,47731,,Freshwater,,,0,Data Not Available,Freshwater,,,5 - Highly Reliable,Yes,,Yes,,5 - Highly Reliable,200,Data Not Available,Yes,100,Data Not Available,0,Data Not Available,4 - Reliable,26392,No,,9329,,8651,,1.08,4 - Reliable,0,Measure Not Applicable,5 - Highly Reliable
ACC-00008562,Otorohanga District Council,KAH005,Kahorekau,22,,1,,River/stream/creek,,0,Measure Not Applicable,Measure Not Applicable,,0,Measure Not Applicable,Measure Not Applicable,,32,,Number of metered connections,,0,Measure Not Applicable,Measure Not Applicable,,130,,5 - Highly Reliable,206989,,229411,,5 - Highly Reliable,3,,5 - Highly Reliable,0,Measure Not Applicable,Measure Not Applicable,,Measure Not Applicable,5371,,Freshwater,,,0,Data Not Available,Freshwater,,,5 - Highly Reliable,Yes,,Yes,,5 - Highly Reliable,200,Data Not Available,Yes,100,Data Not Available,0,Data Not Available,4 - Reliable,33672,No,,11283,,10384,,1.09,4 - Reliable,0,Measure Not Applicable,5 - Highly Reliable
ACC-00008562,Otorohanga District Council,KAW001,Kawhia,9,,2,,Spring,,404,,Number of metered connections,,0,Measure Not Applicable,Measure Not Applicable,,16,,Number of metered connections,,0,Measure Not Applicable,Measure Not Applicable,,390,,5 - Highly Reliable,64883,,13135,,5 - Highly Reliable,2,,5 - Highly Reliable,0,Measure Not Applicable,Measure Not Applicable,,Measure Not Applicable,0,,Freshwater,,,0,Data Not Available,Measure Not Applicable,,,5 - Highly Reliable,Measure Not Applicable,,Measure Not Applicable,,5 - Highly Reliable,300,Data Not Available,Yes,200,Data Not Available,0,Data Not Available,4 - Reliable,17566,No,,7512,,11497.5,,0.66,4 - Reliable,0,Measure Not Applicable,4 - Reliable
ACC-00008562,Otorohanga District Council,OTO001,Waipa,36,,0,Measure Not Applicable,Other (Please identify in the comments section),Comes from Otorohanga Water Treatment Plant,0,Measure Not Applicable,Measure Not Applicable,,0,Measure Not Applicable,Measure Not Applicable,,136,,Number of metered connections,,0,Measure Not Applicable,Measure Not Applicable,,200,,5 - Highly Reliable,310181,,175449,,5 - Highly Reliable,2,,5 - Highly Reliable,0,Measure Not Applicable,Measure Not Applicable,,Measure Not Applicable,0,Measure Not Applicable,Freshwater,Waipa is a distribution zone,Measure Not Applicable,0,Data Not Available,Freshwater,,,5 - Highly Reliable,Yes,,Yes,,5 - Highly Reliable,300,,Yes,200,Data Not Available,0,Data Not Available,4 - Reliable,137788,No,,120873,,15041,,8.47,4 - Reliable,0,Measure Not Applicable,4 - Reliable
ACC-00008562,Otorohanga District Council,OTO001,Otorohanga,50,,1,,River/stream/creek,,1384,,Number of metered connections,,0,Measure Not Applicable,Measure Not Applicable,,241,,Number of metered connections,,0,Measure Not Applicable,Measure Not Applicable,,3050,,5 - Highly Reliable,477689,,115605,,5 - Highly Reliable,2,,5 - Highly Reliable,5,,Landfill,,,20387,,Freshwater,,,0,Data Not Available,Freshwater,,,5 - Highly Reliable,Yes,,Yes,,5 - Highly Reliable,300,,Yes,200,Data Not Available,0,Data Not Available,4 - Reliable,129538,No,,63464,,43891.25,,1.45,4 - Reliable,15,,5 - Highly Reliable
ACC-00008562,Otorohanga District Council,TAU301,Taupaki,6,,1,,River/stream/creek,,0,Measure Not Applicable,Measure Not Applicable,,0,Measure Not Applicable,Measure Not Applicable,,9,,Number of metered connections,,0,Measure Not Applicable,Measure Not Applicable,,20,,5 - Highly Reliable,22006,,15596,,5 - Highly Reliable,3,,5 - Highly Reliable,0,Measure Not Applicable,Measure Not Applicable,,Measure Not Applicable,1980,,Freshwater,,,0,Data Not Available,Freshwater,,,5 - Highly Reliable,Yes,,Yes,,5 - Highly Reliable,200,Data Not Available,Yes,100,Data Not Available,0,Data Not Available,4 - Reliable,5959,No,,4146,,3820,,1.09,4 - Reliable,0,Measure Not Applicable,5 - Highly Reliable
ACC-00008562,Otorohanga District Council,TIH001,Tihiroa,26,,1,,River/stream/creek,,0,Measure Not Applicable,Measure Not Applicable,,0,Measure Not Applicable,Measure Not Applicable,,53,,Number of metered connections,,0,Measure Not Applicable,Measure Not Applicable,,400,,5 - Highly Reliable,237547,,183786,,5 - Highly Reliable,2,,5 - Highly Reliable,2,,Landfill,,,8583,,Freshwater,,,0,Data Not Available,Freshwater,,,5 - Highly Reliable,Yes,,Yes,,5 - Highly Reliable,300,Data Not Available,Yes,200,Data Not Available,0,Data Not Available,4 - Reliable,67334,No,,1896,,2360.09,,0.81,4 - Reliable,0,Measure Not Applicable,5 - Highly Reliable
ACC-00008549,Palmerston North City Council,ASH001,Ashhurst,37,,1,,Bore,,1032,,Number of metered connections,,1276,,Number of connections known,,24,,Number of metered connections,,54,,Number of connections known,,2800,,5 - Highly Reliable,531172,,27583,,5 - Highly Reliable,1,,5 - Highly Reliable,0,Measure Not Applicable,Measure Not Applicable,,,0,Measure Not Applicable,Measure Not Applicable,,Measure Not Applicable,0,Measure Not Applicable,Measure Not Applicable,,Measure Not Applicable,4 - Reliable,Measure Not Applicable,,Measure Not Applicable,,5 - Highly Reliable,483,,Yes,300,,,Data Not Available,3 - Less Reliable,227236,No,,230888,,27206,,8.49,2 - Uncertain,397,,2 - Uncertain
ACC-00008549,Palmerston North City Council,BUN001,Bunnythorpe,9,,1,,Bore,,161,,Number of metered connections,,190,,Number of connections known,,7,,Number of metered connections,,8,,Number of connections known,,493,,5 - Highly Reliable,68834,,6308,,5 - Highly Reliable,1,,5 - Highly Reliable,0,Measure Not Applicable,Measure Not Applicable,,,0,Measure Not Applicable,Measure Not Applicable,,Measure Not Applicable,0,Measure Not Applicable,Measure Not Applicable,,Measure Not Applicable,4 - Reliable,Measure Not Applicable,,Measure Not Applicable,,5 - Highly Reliable,438,,Yes,350,,,Data Not Available,3 - Less Reliable,23895,No,,23694,,4839,,4.9,2 - Uncertain,673,,2 - Uncertain
ACC-00008549,Palmerston North City Council,LON001,Longburn,4,,1,,Bore,,116,,Number of metered connections,,142,,Number of connections known,,3,,Number of metered connections,,3,,Number of connections known,,350,,5 - Highly Reliable,46321,,545,,5 - Highly Reliable,1,,5 - Highly Reliable,0,Measure Not Applicable,Measure Not Applicable,,,0,Measure Not Applicable,Measure Not Applicable,,Measure Not Applicable,0,Measure Not Applicable,Measure Not Applicable,,Measure Not Applicable,4 - Reliable,Measure Not Applicable,,Measure Not Applicable,,5 - Highly Reliable,337,,Yes,300,,,Data Not Available,3 - Less Reliable,9484,No,,9427,,2101,,4.5,2 - Uncertain,,Data Not Available,5 - Highly Reliable
ACC-00008549,Palmerston North City Council,PAL001,Palmerston North,773,,10,,Lake,,24602,,Number of metered connections,,32456,,Number of connections known,,1273,,Number of metered connections,,1852,,Number of connections known,,72284,,5 - Highly Reliable,10298246,,2228092,,5 - Highly Reliable,5,,5 - Highly Reliable,58,,Other (Please identify in the comments section),Backwash and clarifier sludge is settled in lamella clarifier. Sludge is pumped to WWTP.,,127714,,Freshwater,Backwash and clarifier sludge is settled in lamella clarifier. Supernatant discharged to stream.,,0,Data Not Available,Data Not Available,Not measured,Data Not Available,4 - Reliable,Yes,,Yes,,5 - Highly Reliable,468,,Yes,350,,,Data Not Available,3 - Less Reliable,1729194,Yes,,1670372,,604005,,2.8,2 - Uncertain,511,,2 - Uncertain
ACC-00001187,Papakura,PAP001,Papakura,528,,,Measure Not Applicable,River/stream/creek,,24145,,Number of metered connections,,24145,,Other (Please identify in the comments section),,1343,,Number of metered connections,,1343,,Number of metered connections,,75573,,4 - Reliable,8519028,,1917184,,4 - Reliable,,Measure Not Applicable,,,Measure Not Applicable,Measure Not Applicable,,Measure Not Applicable,,Measure Not Applicable,Measure Not Applicable,,Measure Not Applicable,,Measure Not Applicable,Measure Not Applicable,,Measure Not Applicable,,Measure Not Applicable,,Measure Not Applicable,,,630,,Yes,200,,0,,4 - Reliable,1545665,No,,1107297,,687420,,1.6,4 - Reliable,441,,4 - Reliable
ACC-00008584,Queenstown Lakes District Council,ARR001,Arrowtown,47,,3,,Bore,,1350,,Other (Please identify in the comments section),Rateable data base,1629,,Other (Please identify in the comments section),Rateable data base,44,,Other (Please identify in the comments section),Rateable data base,122,,Other (Please identify in the comments section),Rateable data base,4264,,5 - Highly Reliable,661853,,,Data Not Available,5 - Highly Reliable,1,,5 - Highly Reliable,0,Measure Not Applicable,Measure Not Applicable,,Measure Not Applicable,0,Measure Not Applicable,Measure Not Applicable,,Measure Not Applicable,0,Measure Not Applicable,Measure Not Applicable,,Measure Not Applicable,5 - Highly Reliable,Measure Not Applicable,,Measure Not Applicable,,5 - Highly Reliable,497,,Yes,300,,0,,4 - Reliable,1061913,Yes,,1043426.614,,60540,,17.2,4 - Reliable,800,,3 - Less Reliable
ACC-00008584,Queenstown Lakes District Council,ART001,Arthurs Point,14,,2,,Bore,,451,,Other (Please identify in the comments section),Rateable data base,645,,Other (Please identify in the comments section),Rateable data base,8,,Other (Please identify in the comments section),Rateable data base,14,,Other (Please identify in the comments section),Rateable data base,2165,,5 - Highly Reliable,294856,,,Data Not Available,5 - Highly Reliable,1,,5 - Highly Reliable,0,Measure Not Applicable,Measure Not Applicable,,Measure Not Applicable,0,Measure Not Applicable,Measure Not Applicable,,Measure Not Applicable,0,Measure Not Applicable,Measure Not Applicable,,Measure Not Applicable,5 - Highly Reliable,Measure Not Applicable,,Measure Not Applicable,,5 - Highly Reliable,729,,Yes,300,,3,,4 - Reliable,136428,Yes,,133170.95,,18219,,7.3,2 - Uncertain,750,,3 - Less Reliable
ACC-00008584,Queenstown Lakes District Council,CAR014,Cardrona Valley,15,,2,,River/stream/creek,,49,,Other (Please identify in the comments section),Rateable data base,119,,Other (Please identify in the comments section),Rateable data base,9,,Other (Please identify in the comments section),Rateable data base,11,,Other (Please identify in the comments section),Rateable data base,1237,,5 - Highly Reliable,23552,,,Data Not Available,5 - Highly Reliable,2,,5 - Highly Reliable,0,,Other (Please identify in the comments section),0.262 tonnes produced disposed of via sewer to WWTP,,2723,,Other (Please identify in the comments section),Disposed via sewer to WWTP,,0,Measure Not Applicable,Measure Not Applicable,,Measure Not Applicable,5 - Highly Reliable,Yes,,Yes,,5 - Highly Reliable,532,,Yes,300,,0,,4 - Reliable,,,Data Not Available,,Data Not Available,,Data Not Available,0,1 - Very Uncertain,,Data Not Available,3 - Less Reliable
ACC-00008584,Queenstown Lakes District Council,GLE003,Glenorchy,14,,2,,Bore,,211,,Other (Please identify in the comments section),Rateable data base,298,,Other (Please identify in the comments section),Rateable data base,11,,Other (Please identify in the comments section),Rateable data base,12,,Other (Please identify in the comments section),Rateable data base,3650,,5 - Highly Reliable,128789,,,Data Not Available,5 - Highly Reliable,1,,5 - Highly Reliable,0,Measure Not Applicable,Measure Not Applicable,,Measure Not Applicable,0,Measure Not Applicable,Measure Not Applicable,,Measure Not Applicable,0,Measure Not Applicable,Measure Not Applicable,,Measure Not Applicable,5 - Highly Reliable,Measure Not Applicable,,Measure Not Applicable,,5 - Highly Reliable,388,,Yes,300,,0,,4 - Reliable,70236,Yes,,68904.77302,,6669,,10.3,2 - Uncertain,900,,3 - Less Reliable
ACC-00008584,Queenstown Lakes District Council,HAW002,Hāwea,54,,4,,Bore,,1179,,Other (Please identify in the comments section),Rateable data base,1365,,Other (Please identify in the comments section),Rateable data base,9,,Other (Please identify in the comments section),Rateable data base,12,,Other (Please identify in the comments section),Rateable data base,2892,,5 - Highly Reliable,695272,,,Data Not Available,5 - Highly Reliable,1,,5 - Highly Reliable,0,Measure Not Applicable,Measure Not Applicable,,Measure Not Applicable,0,Measure Not Applicable,Measure Not Applicable,,Measure Not Applicable,0,Measure Not Applicable,Measure Not Applicable,,Measure Not Applicable,5 - Highly Reliable,Measure Not Applicable,,Measure Not Applicable,,5 - Highly Reliable,792,,Yes,300,,1,,4 - Reliable,705320,Yes,,313317.324,,43548,,7.2,4 - Reliable,750,,3 - Less Reliable
ACC-00008584,Queenstown Lakes District Council,LAK003,Lake Hayes,60,,3,,Bore,,1025,,Other (Please identify in the comments section),Rateable data base,1127,,Other (Please identify in the comments section),Rateable data base,31,,Other (Please identify in the comments section),Rateable data base,32,,Other (Please identify in the comments section),Rateable data base,520,,5 - Highly Reliable,435445,,,Data Not Available,5 - Highly Reliable,2,,5 - Highly Reliable,0,Measure Not Applicable,Measure Not Applicable,,Measure Not Applicable,0,Measure Not Applicable,Measure Not Applicable,,Measure Not Applicable,0,Measure Not Applicable,Measure Not Applicable,,Measure Not Applicable,5 - Highly Reliable,Measure Not Applicable,,Measure Not Applicable,,5 - Highly Reliable,556,,Yes,300,,3,,4 - Reliable,123308,Yes,,116705.187,,838,,100,1 - Very Uncertain,650,,3 - Less Reliable
ACC-00008584,Queenstown Lakes District Council,LUG001,Luggate,12,,2,,Bore,,255,,Other (Please identify in the comments section),Rateable data base,268,,Other (Please identify in the comments section),Rateable data base,7,,Other (Please identify in the comments section),Rateable data base,9,,Other (Please identify in the comments section),Rateable data base,802,,5 - Highly Reliable,138800,,,Data Not Available,5 - Highly Reliable,1,,5 - Highly Reliable,0,Measure Not Applicable,Measure Not Applicable,,Measure Not Applicable,0,Measure Not Applicable,Measure Not Applicable,,Measure Not Applicable,0,Measure Not Applicable,Measure Not Applicable,,Measure Not Applicable,5 - Highly Reliable,Measure Not Applicable,,Measure Not Applicable,,5 - Highly Reliable,484,,Yes,300,,0,,4 - Reliable,22406,Yes,,19922.67476,,9133,,2.2,2 - Uncertain,750,,3 - Less Reliable
ACC-00008584,Queenstown Lakes District Council,QUE001,Queenstown,282,,6,,Bore,,6442,,Other (Please identify in the comments section),Rateable data base,14961,,Other (Please identify in the comments section),Rateable data base,509,,Other (Please identify in the comments section),Rateable data base,1448,,Other (Please identify in the comments section),Rateable data base,40790,,5 - Highly Reliable,6190238,,,Data Not Available,5 - Highly Reliable,3,,5 - Highly Reliable,0,Measure Not Applicable,Measure Not Applicable,,Measure Not Applicable,0,Measure Not Applicable,Measure Not Applicable,,Measure Not Applicable,0,Measure Not Applicable,Measure Not Applicable,,Measure Not Applicable,5 - Highly Reliable,Yes,,Yes,,5 - Highly Reliable,655,,Yes,300,,28,,4 - Reliable,2383018,Yes,,2119373.179,,402319,,6.4,4 - Reliable,750,,3 - Less Reliable
ACC-00008584,Queenstown Lakes District Council,WAN002,Wānaka,319,,2,,Lake,,6592,,Other (Please identify in the comments section),Rateable data base,8601,,Other (Please identify in the comments section),Rateable data base,269,,Other (Please identify in the comments section),Rateable data base,617,,Other (Please identify in the comments section),Rateable data base,19419,,5 - Highly Reliable,4118134,,,Data Not Available,5 - Highly Reliable,2,,5 - Highly Reliable,0,Measure Not Applicable,Measure Not Applicable,,Measure Not Applicable,0,Measure Not Applicable,Measure Not Applicable,,Measure Not Applicable,0,Measure Not Applicable,Measure Not Applicable,,Measure Not Applicable,5 - Highly Reliable,Yes,,Yes,,5 - Highly Reliable,530,,Yes,300,,41,,4 - Reliable,784870,Yes,,714330.9017,,243643,,2.9,4 - Reliable,800,,3 - Less Reliable
ACC-00008584,Queenstown Lakes District Council,WAN007,Wānaka Airport,,Data Not Available,1,,Bore,,3,,Other (Please identify in the comments section),Rateable data base,3,,Other (Please identify in the comments section),Rateable data base,3,,Other (Please identify in the comments section),Rataeble data base,18,,Other (Please identify in the comments section),Rateable data base,150,,5 - Highly Reliable,16051,,,Data Not Available,5 - Highly Reliable,1,,5 - Highly Reliable,0,Measure Not Applicable,Measure Not Applicable,,Measure Not Applicable,0,Measure Not Applicable,Measure Not Applicable,,Measure Not Applicable,0,Measure Not Applicable,Measure Not Applicable,,Measure Not Applicable,5 - Highly Reliable,Measure Not Applicable,,Measure Not Applicable,,5 - Highly Reliable,,Measure Not Applicable,Yes,300,,0,,4 - Reliable,,,Data Not Available,,Data Not Available,19561,,0,2 - Uncertain,750,,3 - Less Reliable
ACC-00007503,Rangitikei District Council,BUL001,Bulls,26,,5,,Bore,,789,,Number of metered connections,,789,,Number of connections known,,124,,Number of metered connections,,124,,Number of metered connections,,2189,,3 - Less Reliable,308615,,70,,3 - Less Reliable,2,,4 - Reliable,,Measure Not Applicable,Measure Not Applicable,,Data Not Available,,Measure Not Applicable,Measure Not Applicable,,Measure Not Applicable,,Measure Not Applicable,Measure Not Applicable,,Measure Not Applicable,1 - Very Uncertain,Measure Not Applicable,,Measure Not Applicable,,3 - Less Reliable,196,Measure Not Applicable,No,,Measure Not Applicable,,Measure Not Applicable,3 - Less Reliable,10585,Yes,Measure Not Applicable,14336,Measure Not Applicable,10585,Measure Not Applicable,1.4,3 - Less Reliable,435,Measure Not Applicable,3 - Less Reliable
ACC-00007503,Rangitikei District Council,HUN001,Hunterville,13,,1,,Infiltration gallery,,13,,Number of metered connections,,13,,Number of connections known,,233,,Number of metered connections,,233,,Number of metered connections,,590,,3 - Less Reliable,82599,,2442,,3 - Less Reliable,2,,4 - Reliable,,Measure Not Applicable,Measure Not Applicable,,Data Not Available,,Measure Not Applicable,Measure Not Applicable,,Measure Not Applicable,,Measure Not Applicable,Measure Not Applicable,,Measure Not Applicable,1 - Very Uncertain,Measure Not Applicable,,Measure Not Applicable,,3 - Less Reliable,676,Measure Not Applicable,No,,Measure Not Applicable,,Measure Not Applicable,3 - Less Reliable,12410,Yes,Measure Not Applicable,45939,Measure Not Applicable,12410,Measure Not Applicable,3.7,3 - Less Reliable,269,Measure Not Applicable,3 - Less Reliable
ACC-00007503,Rangitikei District Council,MAN001,Mangaweka,9,,1,,River/stream/creek,,89,,Number of metered connections,,89,,Number of connections known,,38,,Number of metered connections,,38,,Number of metered connections,,216,,3 - Less Reliable,40851,,874,,3 - Less Reliable,1,,4 - Reliable,,Measure Not Applicable,Measure Not Applicable,,Data Not Available,,Measure Not Applicable,Measure Not Applicable,,Measure Not Applicable,,Measure Not Applicable,Measure Not Applicable,,Measure Not Applicable,1 - Very Uncertain,Measure Not Applicable,,Measure Not Applicable,,3 - Less Reliable,245,Measure Not Applicable,No,,Measure Not Applicable,,Measure Not Applicable,3 - Less Reliable,2555,Yes,Measure Not Applicable,7469,Measure Not Applicable,2555,Measure Not Applicable,2.9,3 - Less Reliable,470,Measure Not Applicable,3 - Less Reliable
ACC-00007503,Rangitikei District Council,MAR001,Marton,70,,2,,Lake,,2095,,Number of metered connections,,2095,,Number of connections known,,282,,Number of metered connections,,282,,Number of metered connections,,6482,,3 - Less Reliable,845851,,18076,,3 - Less Reliable,3,,4 - Reliable,,Measure Not Applicable,Measure Not Applicable,,Data Not Available,,Measure Not Applicable,Measure Not Applicable,,Measure Not Applicable,,Measure Not Applicable,Measure Not Applicable,,Measure Not Applicable,1 - Very Uncertain,Measure Not Applicable,,Measure Not Applicable,,3 - Less Reliable,513,Measure Not Applicable,No,,Measure Not Applicable,,Measure Not Applicable,3 - Less Reliable,71905,Yes,Measure Not Applicable,148740,Measure Not Applicable,71905,Measure Not Applicable,2.1,3 - Less Reliable,679,Measure Not Applicable,3 - Less Reliable
ACC-00007503,Rangitikei District Council,RAT001,Ratana,4,,1,,Bore,,114,,Number of metered connections,,114,,Number of connections known,,8,,Number of metered connections,,8,,Number of metered connections,,293,,3 - Less Reliable,78944,,2047,,3 - Less Reliable,1,,4 - Reliable,,Measure Not Applicable,Measure Not Applicable,,Data Not Available,,Measure Not Applicable,Measure Not Applicable,,Measure Not Applicable,,Measure Not Applicable,Measure Not Applicable,,Measure Not Applicable,1 - Very Uncertain,Measure Not Applicable,,Measure Not Applicable,,3 - Less Reliable,196,Measure Not Applicable,No,,Measure Not Applicable,,Measure Not Applicable,3 - Less Reliable,1460,Yes,Measure Not Applicable,15898,Measure Not Applicable,1460,Measure Not Applicable,10.9,3 - Less Reliable,1000,Measure Not Applicable,3 - Less Reliable
ACC-00007503,Rangitikei District Council,TAI001,Taihape,22,,1,,River/stream/creek,,679,,Number of metered connections,,679,,Number of connections known,,158,,Number of metered connections,,158,,Number of metered connections,,2186,,3 - Less Reliable,336639,,9459,,3 - Less Reliable,1,,4 - Reliable,,Measure Not Applicable,Measure Not Applicable,,Data Not Available,,Measure Not Applicable,Measure Not Applicable,,Measure Not Applicable,,Measure Not Applicable,Measure Not Applicable,,Measure Not Applicable,1 - Very Uncertain,Measure Not Applicable,,Measure Not Applicable,,3 - Less Reliable,833,Measure Not Applicable,No,,Measure Not Applicable,,Measure Not Applicable,3 - Less Reliable,39420,Yes,Measure Not Applicable,160022,Measure Not Applicable,39420,Measure Not Applicable,4.1,3 - Less Reliable,597,Measure Not Applicable,3 - Less Reliable
ACC-00008544,Rotorua Lakes Council,HAM003,Hamurana/Kaharoa,106,,1,,Spring,,845,,Estimation by residential buildings,,713,,Other (Please identify in the comments section),Rating Data,85,,Other (Please identify in the comments section),Rating Data,76,,Other (Please identify in the comments section),Rating Data,2190,,5 - Highly Reliable,820437,,386931,,5 - Highly Reliable,1,,5 - Highly Reliable,0,,Measure Not Applicable,,,,Measure Not Applicable,Measure Not Applicable,,Measure Not Applicable,,Measure Not Applicable,Measure Not Applicable,,Measure Not Applicable,5 - Highly Reliable,Yes,,Yes,,5 - Highly Reliable,706,,Yes,200,,0,,5 - Highly Reliable,315204,No,,304361,,55696,,5.5,5 - Highly Reliable,693,,5 - Highly Reliable
ACC-00008544,Rotorua Lakes Council,MAM001,Mamaku,17,,2,,Bore,,340,,Estimation by residential buildings,WL Data,306,,Other (Please identify in the comments section),Rating Data,16,,Other (Please identify in the comments section),WL Data,16,,Other (Please identify in the comments section),Rating Data,890,,5 - Highly Reliable,108120,,10381,,5 - Highly Reliable,1,,5 - Highly Reliable,0,,Measure Not Applicable,,,,Measure Not Applicable,Measure Not Applicable,,Measure Not Applicable,,Measure Not Applicable,Measure Not Applicable,,Measure Not Applicable,5 - Highly Reliable,Yes,,Yes,,5 - Highly Reliable,490,,Yes,200,,0,,5 - Highly Reliable,45408,No,,45408,,9128,,4.8,5 - Highly Reliable,173,,5 - Highly Reliable
ACC-00008544,Rotorua Lakes Council,NGO001,Ngongotaha,84,,1,,Spring,,2154,,Estimation by residential buildings,Rating Data,1944,,Other (Please identify in the comments section),Rating Data,112,,Other (Please identify in the comments section),Rating Data,282,,Other (Please identify in the comments section),Rating Data,5370,,5 - Highly Reliable,1101557,,130718,,5 - Highly Reliable,1,,5 - Highly Reliable,0,,Measure Not Applicable,,,,Measure Not Applicable,Measure Not Applicable,,Measure Not Applicable,,Measure Not Applicable,Measure Not Applicable,,Measure Not Applicable,5 - Highly Reliable,Yes,,Yes,,5 - Highly Reliable,588,,Yes,200,,0,,5 - Highly Reliable,421296,No,,421296,,63949,,6.5,5 - Highly Reliable,322,,5 - Highly Reliable
ACC-00008544,Rotorua Lakes Council,REP001,Reporoa,80,,2,,Spring,,415,,Estimation by residential buildings,Rating Data,193,,Other (Please identify in the comments section),Rating Data,160,,Other (Please identify in the comments section),WL Data,125,,Other (Please identify in the comments section),Rating Data,1320,,5 - Highly Reliable,1974000,,1572316,,5 - Highly Reliable,1,,5 - Highly Reliable,0,,Measure Not Applicable,,,,Measure Not Applicable,Measure Not Applicable,,Measure Not Applicable,,Measure Not Applicable,Measure Not Applicable,,Measure Not Applicable,5 - Highly Reliable,Yes,,Yes,,5 - Highly Reliable,665,,Yes,200,,0,,5 - Highly Reliable,338358,No,,338538,,43995,,6.9,5 - Highly Reliable,2334,,5 - Highly Reliable
ACC-00008544,Rotorua Lakes Council,ROT001,Rotorua East/Okareka,162,,1,,Spring,,4710,,Estimation by residential buildings,Rating Data,4398,,Other (Please identify in the comments section),Rating Data,186,,Other (Please identify in the comments section),Rating Data,203,,Other (Please identify in the comments section),Rating Data,12874,,5 - Highly Reliable,2067051,,224281,,5 - Highly Reliable,1,,5 - Highly Reliable,0,,Measure Not Applicable,,,,Measure Not Applicable,Measure Not Applicable,,Measure Not Applicable,,Measure Not Applicable,Measure Not Applicable,,Measure Not Applicable,5 - Highly Reliable,Yes,,Yes,,5 - Highly Reliable,588,,Yes,200,,0,,5 - Highly Reliable,662539,No,,653280,,125667,,4.6,5 - Highly Reliable,266,,5 - Highly Reliable
ACC-00008544,Rotorua Lakes Council,ROT002,Rotoma,8,,1,,Lake,,138,,Estimation by residential buildings,Rating Data,124,,Other (Please identify in the comments section),Rating Data,6,,Other (Please identify in the comments section),Rating Data,7,,Other (Please identify in the comments section),Rating Data,240,,5 - Highly Reliable,26773,,1901,,5 - Highly Reliable,1,,5 - Highly Reliable,0,,Measure Not Applicable,,,,Measure Not Applicable,Measure Not Applicable,,Measure Not Applicable,,Measure Not Applicable,Measure Not Applicable,,Measure Not Applicable,5 - Highly Reliable,Yes,,Yes,,5 - Highly Reliable,490,,Yes,200,,0,,5 - Highly Reliable,8972,No,,8592,,3975,,2.2,5 - Highly Reliable,228,,5 - Highly Reliable
ACC-00008544,Rotorua Lakes Council,ROT003,Rotorua Central,411,,1,,Spring,,16253,,Estimation by residential buildings,Rating Data,15198,,Other (Please identify in the comments section),StatsNZ Meshblock EST. Population overlay with RLC GIS water supply area data,1551,,Other (Please identify in the comments section),Rating Data,1376,,Other (Please identify in the comments section),Rating Data,46306,,5 - Highly Reliable,8903275,,2198746,,5 - Highly Reliable,1,,5 - Highly Reliable,0,,Measure Not Applicable,,,,Measure Not Applicable,Measure Not Applicable,,Measure Not Applicable,,Measure Not Applicable,Measure Not Applicable,,Measure Not Applicable,5 - Highly Reliable,Yes,,Yes,,5 - Highly Reliable,599,,Yes,200,,0,,5 - Highly Reliable,2329643,No,,2273269,,453818,,5,5 - Highly Reliable,386,,5 - Highly Reliable
ACC-00008544,Rotorua Lakes Council,ROT004,Rotoiti,18,,1,,Spring,,374,,Estimation by residential buildings,Water Loss Data,312,,Other (Please identify in the comments section),Rating Data,20,,Other (Please identify in the comments section),Rating Data,20,,Other (Please identify in the comments section),Rating Data,420,,5 - Highly Reliable,89463,,6323,,5 - Highly Reliable,1,,5 - Highly Reliable,0,,Measure Not Applicable,,,,Measure Not Applicable,Measure Not Applicable,,Measure Not Applicable,,Measure Not Applicable,Measure Not Applicable,,Measure Not Applicable,5 - Highly Reliable,Yes,,Yes,,5 - Highly Reliable,510,,Yes,200,,0,,5 - Highly Reliable,24782,No,,23408,,9113,,2.6,5 - Highly Reliable,372,,5 - Highly Reliable
ACC-00008524,Ruapehu District Council,NAT001NA,National Park,15,,1,,River/stream/creek,,276,,Other (Please identify in the comments section),Method of determining Connections: These were determined via Database Filter of Water Rates Levies from RDC Ozone (CRM) (The filter presented information into residential and non residential),316,,Other (Please identify in the comments section),Statistic taken from Water Service Delivery Plan 2025,,Data Not Available,Other (Please identify in the comments section),Non residential Unit Data Available only,44,,Other (Please identify in the comments section),Determined via Database filter of Water Rates Units from RDC ozone (CRM),240,,3 - Less Reliable,99780,,,Data Not Available,4 - Reliable,3,,5 - Highly Reliable,0,Measure Not Applicable,Measure Not Applicable,,Measure Not Applicable,3458,,Freshwater,,,0,Measure Not Applicable,Measure Not Applicable,,Measure Not Applicable,4 - Reliable,Data Not Available,,Yes,,3 - Less Reliable,410,,No,,,0,,4 - Reliable,,,,,,,,,,,,4 - Reliable
ACC-00008524,Ruapehu District Council,OHA001OH,Ohakune,38,,1,,River/stream/creek,,1509,,Other (Please identify in the comments section),Method of determining Connections: These were determined via Database Filter of Water Rates Levies from RDC Ozone (CRM) (The filter presented information into residential and non residential),1880,,Other (Please identify in the comments section),Statistic taken from Water Service Delivery Plan 2025,,Data Not Available,Other (Please identify in the comments section),Non residential Unit Data Available only,313,,Other (Please identify in the comments section),Determined via Database filter of Water Rates Units from RDC ozone (CRM),1500,,3 - Less Reliable,533185,,,Data Not Available,4 - Reliable,1,,5 - Highly Reliable,0,Measure Not Applicable,Measure Not Applicable,,Measure Not Applicable,34973,,Land,,,0,Measure Not Applicable,Measure Not Applicable,,Measure Not Applicable,4 - Reliable,Data Not Available,,Yes,,3 - Less Reliable,630,,No,,,0,,4 - Reliable,,,,,,,,,,,,4 - Reliable
ACC-00008524,Ruapehu District Council,OHU001OH,Ohura,9,,1,,River/stream/creek,,127,,Other (Please identify in the comments section),Method of determining Connections: These were determined via Database Filter of Water Rates Levies from RDC Ozone (CRM) (The filter presented information into residential and non residential),156,,Other (Please identify in the comments section),Statistic taken from Water Service Delivery Plan 2025,,Data Not Available,Other (Please identify in the comments section),Non residential Unit Data Available only,45,,Other (Please identify in the comments section),Determined via Database filter of Water Rates Units from RDC ozone (CRM),160,,3 - Less Reliable,69850,,,Data Not Available,4 - Reliable,4,,5 - Highly Reliable,0,Measure Not Applicable,Measure Not Applicable,,Measure Not Applicable,6744,,Land,,,0,Measure Not Applicable,Measure Not Applicable,,Measure Not Applicable,4 - Reliable,Data Not Available,,Data Not Available,,3 - Less Reliable,540,,No,,,0,,4 - Reliable,,,,,,,,,,,,4 - Reliable
ACC-00008524,Ruapehu District Council,OWH001OW,Owhango,30,,1,,River/stream/creek,,131,,Other (Please identify in the comments section),Method of determining Connections: These were determined via Database Filter of Water Rates Levies from RDC Ozone (CRM) (The filter presented information into residential and non residential),141,,Other (Please identify in the comments section),Statistic taken from Water Service Delivery Plan 2025,,Data Not Available,Other (Please identify in the comments section),Non residential Unit Data Available only,106,,Other (Please identify in the comments section),Determined via Database filter of Water Rates Units from RDC ozone (CRM),200,,3 - Less Reliable,138659,,,Data Not Available,4 - Reliable,3,,5 - Highly Reliable,0,Measure Not Applicable,Measure Not Applicable,,Measure Not Applicable,40648,,Other (Please identify in the comments section),recycle,,0,Measure Not Applicable,Measure Not Applicable,,Measure Not Applicable,4 - Reliable,Data Not Available,,Data Not Available,,3 - Less Reliable,316,,No,,,0,,4 - Reliable,,,,,,,,,,,,4 - Reliable
ACC-00008524,Ruapehu District Council,RAE001RA,Raetihi,24,,1,,River/stream/creek,,441,,Other (Please identify in the comments section),Method of determining Connections: These were determined via Database Filter of Water Rates Levies from RDC Ozone (CRM) (The filter presented information into residential and non residential),621,,Other (Please identify in the comments section),Statistic taken from Water Service Delivery Plan 2025,,Data Not Available,Other (Please identify in the comments section),Non residential Unit Data Available only,165,,Other (Please identify in the comments section),Determined via Database filter of Water Rates Units from RDC ozone (CRM),749,,3 - Less Reliable,273629,,,Data Not Available,4 - Reliable,2,,5 - Highly Reliable,0,Measure Not Applicable,Measure Not Applicable,,Measure Not Applicable,43800,,Other (Please identify in the comments section),Sewer,,0,Measure Not Applicable,Measure Not Applicable,,Measure Not Applicable,4 - Reliable,Data Not Available,,Yes,,3 - Less Reliable,520,,No,,,0,,4 - Reliable,,,,,,,,,,,,4 - Reliable
ACC-00008524,Ruapehu District Council,TAU003TA,Taumarunui,68,,1,,River/stream/creek,,2073,,Other (Please identify in the comments section),Method of determining Connections: These were determined via Database Filter of Water Rates Levies from RDC Ozone (CRM) (The filter presented information into residential and non residential),2911,,Other (Please identify in the comments section),Statistic taken from Water Service Delivery Plan 2025,,Data Not Available,Other (Please identify in the comments section),Non residential Unit Data Available only,393,,Other (Please identify in the comments section),Determined via Database filter of Water Rates of non residential units from RDC ozone (CRM),4870,,3 - Less Reliable,1034409,,,Data Not Available,4 - Reliable,3,,5 - Highly Reliable,0,Measure Not Applicable,Measure Not Applicable,,Measure Not Applicable,125516,,Other (Please identify in the comments section),Sewer,,0,Measure Not Applicable,Measure Not Applicable,,Measure Not Applicable,4 - Reliable,Data Not Available,,Yes,,3 - Less Reliable,680,,No,,,0,,4 - Reliable,,,,,,,,,3 - Less Reliable,,,4 - Reliable
ACC-00001006,Selwyn District Council,ACH001,Acheron,83,,1,,River/stream/creek,,59,,Number of metered connections,,105,,Other (Please identify in the comments section),By rates Factors/drinking water units supplied,14,,Number of metered connections,,160,,Other (Please identify in the comments section),By rates Factors/drinking water units supplied,195,,4 - Reliable,236565,,224737,,4 - Reliable,2,,5 - Highly Reliable,,Measure Not Applicable,Measure Not Applicable,,,,Measure Not Applicable,Measure Not Applicable,,,,Measure Not Applicable,Measure Not Applicable,,,5 - Highly Reliable,Yes,,Yes,,5 - Highly Reliable,450,,Yes,250,,0,,5 - Highly Reliable,33156,No,,32913,,33933,,1,4 - Reliable,2000,,4 - Reliable
ACC-00001006,Selwyn District Council,ART002,Arthur's Pass,5,,1,,River/stream/creek,,121,,Number of metered connections,,122,,Estimation by residential buildings,By rates Factors,13,,Number of metered connections,,12,,Estimation by non-residential buildings,By rates Factors,363,,4 - Reliable,29090,,2606,,4 - Reliable,1,,5 - Highly Reliable,,Measure Not Applicable,Measure Not Applicable,,,0,,Measure Not Applicable,,,,Measure Not Applicable,Measure Not Applicable,,,5 - Highly Reliable,Measure Not Applicable,,Measure Not Applicable,,5 - Highly Reliable,400,,Yes,200,,0,,5 - Highly Reliable,16716,No,,16463,,2343,,7,4 - Reliable,48,,4 - Reliable
ACC-00001006,Selwyn District Council,CAS003,Castle Hill,11,,1,,Infiltration gallery,,310,,Number of metered connections,,311,,Estimation by residential buildings,By rates Factors,29,,Number of metered connections,,25,,Other (Please identify in the comments section),Connections in AMS,486,,4 - Reliable,42708,,3417,,4 - Reliable,2,,5 - Highly Reliable,,Measure Not Applicable,Measure Not Applicable,,,,Measure Not Applicable,Measure Not Applicable,,,,Measure Not Applicable,Measure Not Applicable,,,5 - Highly Reliable,Measure Not Applicable,,Measure Not Applicable,,5 - Highly Reliable,450,,Yes,200,,0,,5 - Highly Reliable,30370,No,,30010,,5102,,5.9,4 - Reliable,166,,4 - Reliable
ACC-00001006,Selwyn District Council,CLA005,Claremont,3,,1,,Bore,,59,,Number of metered connections,,65,,Estimation by residential buildings,By rates Factors,5,,Number of metered connections,,0,,Number of metered connections,Connections in AMS,171,,4 - Reliable,36921,,2954,,4 - Reliable,1,,5 - Highly Reliable,,Measure Not Applicable,Measure Not Applicable,,,,Measure Not Applicable,Measure Not Applicable,,,,Measure Not Applicable,Measure Not Applicable,,,5 - Highly Reliable,Measure Not Applicable,,Measure Not Applicable,,5 - Highly Reliable,425,,Yes,150,,0,,5 - Highly Reliable,3966,No,,3217,,1305,,2.5,4 - Reliable,1580,,4 - Reliable
ACC-00001006,Selwyn District Council,DAL004,Dalethorpe,63,,1,,Other (Please identify in the comments section),Well (4.8 meters),70,,Number of metered connections,,85,,Other (Please identify in the comments section),By rates Factors/drinking water units supplied,15,,Number of metered connections,,9,,Number of metered connections,Connections in AMS,231,,4 - Reliable,159525,,113263,,4 - Reliable,1,,5 - Highly Reliable,,Measure Not Applicable,Measure Not Applicable,,,,Measure Not Applicable,Measure Not Applicable,,,,Measure Not Applicable,Measure Not Applicable,,,5 - Highly Reliable,Measure Not Applicable,,Measure Not Applicable,,5 - Highly Reliable,300,,Yes,150,,0,,5 - Highly Reliable,36998,No,,36831,,26694,,1.4,4 - Reliable,2000,,4 - Reliable
ACC-00001006,Selwyn District Council,DAR001,Darfield,263,,2,,Bore,,1633,,Number of metered connections,,1675,,Number of connections known,By rates Factors/drinking water units supplied,327,,Number of metered connections,,285,,Other (Please identify in the comments section),By rates Factors,4599,,4 - Reliable,742136,,74214,,4 - Reliable,2,,5 - Highly Reliable,,Measure Not Applicable,Measure Not Applicable,,,,Measure Not Applicable,Measure Not Applicable,,,,Measure Not Applicable,Measure Not Applicable,,,5 - Highly Reliable,Measure Not Applicable,,Measure Not Applicable,,5 - Highly Reliable,350,,Yes,150,,0,,5 - Highly Reliable,134028,No,,127098,,67078,,1.9,4 - Reliable,480,,4 - Reliable
ACC-00001006,Selwyn District Council,DUN008,Dunsandel,10,,1,,Bore,,207,,Number of metered connections,,210,,Estimation by residential buildings,By rates Factors,13,,Number of metered connections,,17,,Estimation by non-residential buildings,By rates Factors,597,,4 - Reliable,113586,,9087,,4 - Reliable,1,,5 - Highly Reliable,,Measure Not Applicable,Measure Not Applicable,,,,Measure Not Applicable,Measure Not Applicable,,,,Measure Not Applicable,Measure Not Applicable,,,5 - Highly Reliable,Measure Not Applicable,,Measure Not Applicable,,5 - Highly Reliable,400,,Yes,200,,0,,5 - Highly Reliable,11776,No,,9682,,4879,,2,4 - Reliable,605,,4 - Reliable
ACC-00001006,Selwyn District Council,HAR006,Hartleys Road,83,,1,,Other (Please identify in the comments section),Well (4 meters deep) ),507,,Number of metered connections,,480,,Estimation by residential buildings,By rates Factors,21,,Number of metered connections,,35,,Estimation by non-residential buildings,By rates Factors,1454,,4 - Reliable,309242,,122576,,4 - Reliable,1,,5 - Highly Reliable,,Measure Not Applicable,Measure Not Applicable,,,,Measure Not Applicable,Measure Not Applicable,,,,Measure Not Applicable,Measure Not Applicable,,,5 - Highly Reliable,Measure Not Applicable,,Measure Not Applicable,,5 - Highly Reliable,450,,Yes,150,,0,,5 - Highly Reliable,45182,No,,44870,,42860,,1,4 - Reliable,2000,,4 - Reliable
ACC-00001006,Selwyn District Council,HOR007,Hororātā,139,,1,,Other (Please identify in the comments section),Well (6 meters deep),216,,Number of metered connections,,236,,Estimation by residential buildings,By rates Factors,95,,Number of connections known,,135,,Estimation by non-residential buildings,By rates Factors,1002,,4 - Reliable,364860,,257995,,4 - Reliable,1,,5 - Highly Reliable,,Measure Not Applicable,Measure Not Applicable,,,,Measure Not Applicable,Measure Not Applicable,,,,Measure Not Applicable,Measure Not Applicable,,,5 - Highly Reliable,Measure Not Applicable,,Measure Not Applicable,,5 - Highly Reliable,1000,,Yes,150,,0,,5 - Highly Reliable,73158,No,,72771,,78877,,0.9,4 - Reliable,2000,,4 - Reliable
ACC-00001006,Selwyn District Council,KIR001,Kirwee,53,,1,,Bore,,500,,Number of metered connections,,534,,Estimation by residential buildings,By rates Factors,85,,Number of connections known,,62,,Estimation by non-residential buildings,By rates Factors,1526,,4 - Reliable,185498,,1855,,4 - Reliable,1,,5 - Highly Reliable,,Measure Not Applicable,Measure Not Applicable,,,,Measure Not Applicable,Measure Not Applicable,,,,Measure Not Applicable,Measure Not Applicable,,,5 - Highly Reliable,Measure Not Applicable,,Measure Not Applicable,,5 - Highly Reliable,450,,Yes,200,,0,,5 - Highly Reliable,34938,No,,32310,,20796,,1.6,4 - Reliable,630,,4 - Reliable
ACC-00001006,Selwyn District Council,LAK007,Lake Coleridge,5,,1,,Lake,,61,,Number of metered connections,,61,,Estimation by residential buildings,By rates Factors,7,,Number of connections known,,6,,Estimation by non-residential buildings,By rates Factors,173,,4 - Reliable,9165,,825,,4 - Reliable,0,,5 - Highly Reliable,,Measure Not Applicable,Measure Not Applicable,,,,Measure Not Applicable,Measure Not Applicable,,,,Measure Not Applicable,Measure Not Applicable,,,5 - Highly Reliable,Measure Not Applicable,,Measure Not Applicable,,5 - Highly Reliable,350,,Yes,150,,0,,5 - Highly Reliable,3685,No,,3591,,3140,,1.1,4 - Reliable,159,,4 - Reliable
ACC-00001006,Selwyn District Council,LEE001,Leeston,45,,2,,Bore,,1196,,Number of metered connections,,1205,,Estimation by residential buildings,By rates Factors,117,,Number of connections known,,90,,Estimation by non-residential buildings,By rates Factors,3550,,4 - Reliable,364979,,25548,,4 - Reliable,2,,5 - Highly Reliable,,Measure Not Applicable,Measure Not Applicable,,,,Measure Not Applicable,Measure Not Applicable,,,,Measure Not Applicable,Measure Not Applicable,,,5 - Highly Reliable,Measure Not Applicable,,Measure Not Applicable,,5 - Highly Reliable,450,,Yes,200,,0,,5 - Highly Reliable,82828,No,,76746,,28169,,2.7,4 - Reliable,568,,4 - Reliable
ACC-00001006,Selwyn District Council,LIN002,Lincoln,117,,4,,Bore,,4256,,Number of metered connections,By rates Factors,4331,,Estimation by residential buildings,By rates Factors,78,,Number of connections known,By rates Factors,81,,Estimation by non-residential buildings,By rates Factors,11102,,4 - Reliable,1130520,,20346,,4 - Reliable,2,,5 - Highly Reliable,,Measure Not Applicable,Measure Not Applicable,,,,Measure Not Applicable,Measure Not Applicable,,,,Measure Not Applicable,Measure Not Applicable,,,5 - Highly Reliable,Measure Not Applicable,,Measure Not Applicable,,5 - Highly Reliable,475,,Yes,200,,0,,5 - Highly Reliable,231910,No,,213191,,91361,,2.3,4 - Reliable,515,,4 - Reliable
ACC-00001006,Selwyn District Council,PRE001,Prebbleton,70,,4,,Bore,,1977,,Number of metered connections,,1992,,Estimation by residential buildings,By rates Factors,37,,Number of metered connections,,192,,Estimation by non-residential buildings,By rates Factors,6126,,4 - Reliable,586671,,52800,,4 - Reliable,2,,5 - Highly Reliable,,Measure Not Applicable,Measure Not Applicable,,,,Measure Not Applicable,Measure Not Applicable,,,,Measure Not Applicable,Measure Not Applicable,,,5 - Highly Reliable,Measure Not Applicable,,Measure Not Applicable,,5 - Highly Reliable,425,,Yes,150,,0,,5 - Highly Reliable,86558,No,,76389,,39805,,1.9,4 - Reliable,674,,4 - Reliable
ACC-00001006,Selwyn District Council,RAK003,Rakaia Huts,3,,1,,Bore,,115,,Number of metered connections,,115,,Estimation by residential buildings,By rates Factors,4,,Number of metered connections,,1,,Number of connections known,Connections in AMS,331,,4 - Reliable,22825,,685,,4 - Reliable,1,,5 - Highly Reliable,,Measure Not Applicable,Measure Not Applicable,,,,Measure Not Applicable,Measure Not Applicable,,,,Measure Not Applicable,Measure Not Applicable,,,5 - Highly Reliable,Measure Not Applicable,,Measure Not Applicable,,5 - Highly Reliable,475,,Yes,250,,0,,5 - Highly Reliable,6804,No,,6473,,2290,,2.8,4 - Reliable,337,,4 - Reliable
ACC-00001006,Selwyn District Council,ROL001,Rolleston,363,,11,,Bore,,11450,,Number of metered connections,,11478,,Estimation by residential buildings,By rates Factors,503,,Number of metered connections,,759,,Estimation by non-residential buildings,By rates Factors,32025,,4 - Reliable,3902906,,234174,,4 - Reliable,6,,5 - Highly Reliable,,Measure Not Applicable,Measure Not Applicable,,,,Measure Not Applicable,Measure Not Applicable,,,,Measure Not Applicable,Measure Not Applicable,,,5 - Highly Reliable,Measure Not Applicable,,Measure Not Applicable,,5 - Highly Reliable,450,,Yes,150,,0,,5 - Highly Reliable,559884,No,,492622,,300876,,1.6,4 - Reliable,615,,4 - Reliable
ACC-00001006,Selwyn District Council,SHE004,Sheffield,18,,2,,Bore,,161,,Number of metered connections,,162,,Estimation by residential buildings,By rates Factors,17,,Number of metered connections,,17,,Estimation by non-residential buildings,By rates Factors,520,,4 - Reliable,113926,,6836,,4 - Reliable,1,,5 - Highly Reliable,,Measure Not Applicable,Measure Not Applicable,,,,Measure Not Applicable,Measure Not Applicable,,,,Measure Not Applicable,Measure Not Applicable,,,5 - Highly Reliable,Measure Not Applicable,,Measure Not Applicable,,5 - Highly Reliable,425,,Yes,150,,0,,5 - Highly Reliable,61821,No,,61064,,7348,,8.3,4 - Reliable,413,,4 - Reliable
ACC-00001006,Selwyn District Council,SOU001,Southbridge,17,,1,,Bore,,406,,Number of metered connections,,412,,Estimation by residential buildings,By rates Factors,26,,Number of metered connections,,26,,Estimation by non-residential buildings,By rates Factors,1140,,4 - Reliable,143147,,9167,,4 - Reliable,1,,5 - Highly Reliable,,Measure Not Applicable,Measure Not Applicable,,,,Measure Not Applicable,Measure Not Applicable,,,,Measure Not Applicable,Measure Not Applicable,,,5 - Highly Reliable,Measure Not Applicable,,Measure Not Applicable,,5 - Highly Reliable,425,,Yes,200,,0,,5 - Highly Reliable,42098,No,,39962,,9321,,4.3,4 - Reliable,548,,4 - Reliable
ACC-00001006,Selwyn District Council,SPR002,Springfield,43,,1,,Infiltration gallery,,212,,Number of metered connections,,215,,Estimation by residential buildings,By rates Factors,26,,Number of metered connections,,30,,Estimation by non-residential buildings,By rates Factors,616,,4 - Reliable,108809,,13057,,4 - Reliable,2,,5 - Highly Reliable,,Measure Not Applicable,Measure Not Applicable,,,,Measure Not Applicable,Measure Not Applicable,,,,Measure Not Applicable,Measure Not Applicable,,,5 - Highly Reliable,Measure Not Applicable,,Measure Not Applicable,,5 - Highly Reliable,475,,Yes,150,,0,,5 - Highly Reliable,49905,No,,48979,,15631,,3.1,4 - Reliable,346,,4 - Reliable
ACC-00001006,Selwyn District Council,SPR003,Springston,6,,1,,Bore,,192,,Number of metered connections,,192,,Estimation by residential buildings,By rates Factors,9,,Number of metered connections,,4,,Estimation by non-residential buildings,By rates Factors,555,,4 - Reliable,51101,,1022,,4 - Reliable,1,,5 - Highly Reliable,,Measure Not Applicable,Measure Not Applicable,,,,Measure Not Applicable,Measure Not Applicable,,,,Measure Not Applicable,Measure Not Applicable,,,5 - Highly Reliable,Measure Not Applicable,,Measure Not Applicable,,5 - Highly Reliable,305,,Yes,260,,0,,5 - Highly Reliable,4032,No,,3046,,2690,,1.1,4 - Reliable,562,,4 - Reliable
ACC-00001006,Selwyn District Council,TAI009,Tai Tapu,23,,1,,Bore,,312,,Number of metered connections,,311,,Estimation by residential buildings,By rates Factors,15,,Number of metered connections,,12,,Estimation by non-residential buildings,By rates Factors,916,,4 - Reliable,151525,,121122,,4 - Reliable,1,,5 - Highly Reliable,,Measure Not Applicable,Measure Not Applicable,,,,Measure Not Applicable,Measure Not Applicable,,,,Measure Not Applicable,Measure Not Applicable,,,5 - Highly Reliable,Measure Not Applicable,,Measure Not Applicable,,5 - Highly Reliable,450,,Yes,150,,0,,5 - Highly Reliable,36940,No,,35575,,10131,,3.5,4 - Reliable,548,,4 - Reliable
ACC-00001006,Selwyn District Council,WES010,Greater West Melton,61,,5,,Bore,,1173,,Number of metered connections,,1188,,Estimation by residential buildings,By rates Factors,29,,Number of metered connections,,21,,Estimation by non-residential buildings,By rates Factors,3162,,4 - Reliable,400130,,8003,,4 - Reliable,3,,5 - Highly Reliable,,Measure Not Applicable,Measure Not Applicable,,,,Measure Not Applicable,Measure Not Applicable,,,,Measure Not Applicable,Measure Not Applicable,,,5 - Highly Reliable,Measure Not Applicable,,Measure Not Applicable,,5 - Highly Reliable,400,,Yes,200,,0,,5 - Highly Reliable,35326,No,,26941,,30667,,0.9,4 - Reliable,976,,4 - Reliable
ACC-00008521,South Taranaki District Council,ELT001,Eltham,41,,1,,River/stream/creek,,780,,,,,Measure Not Applicable,,,240,,Number of connections known,,,Measure Not Applicable,,,2064,,4 - Reliable,878684,,531428,,5 - Highly Reliable,3,,5 - Highly Reliable,10213,,Stockpile,,,98959,,Freshwater,,,,Measure Not Applicable,,Measure Not Applicable,,3 - Less Reliable,Yes,,Yes,,5 - Highly Reliable,429,,Yes,200,,31,,3 - Less Reliable,148773,Yes,,137024,,24675,,5.57,4 - Reliable,608,,3 - Less Reliable
ACC-00008521,South Taranaki District Council,HAW003,Hawera,191,,2,,River/stream/creek,,4301,,,,,Measure Not Applicable,,,1151,,Number of connections known,,,Measure Not Applicable,,,11761,,4 - Reliable,2278077,,782761,,5 - Highly Reliable,5,,5 - Highly Reliable,37782,,Stockpile,,,104150,,Freshwater,,,,Measure Not Applicable,,Measure Not Applicable,,3 - Less Reliable,Yes,,Yes,,5 - Highly Reliable,409,,Yes,300,,2252,,3 - Less Reliable,374195,Yes,,354448,,118872,,2.99,4 - Reliable,603,,3 - Less Reliable
ACC-00008521,South Taranaki District Council,INA001,Inaha,67,,2,,River/stream/creek,,0,Measure Not Applicable,,,,Measure Not Applicable,,,189,,Number of connections known,,,Measure Not Applicable,,,561,,4 - Reliable,1202804,,980039,,5 - Highly Reliable,6,,5 - Highly Reliable,16620,,Stockpile,,,,Data Not Available,Freshwater,,,,Measure Not Applicable,,Measure Not Applicable,,3 - Less Reliable,Yes,,Yes,,5 - Highly Reliable,729,,Yes,100,,,Data Not Available,3 - Less Reliable,217865,Yes,,197061,,36883,,5,4 - Reliable,,Data Not Available,3 - Less Reliable
ACC-00008521,South Taranaki District Council,OPU001,Opunake,30,,1,,River/stream/creek,,705,,,,,Measure Not Applicable,,,113,,Number of connections known,,,Measure Not Applicable,,,1446,,4 - Reliable,293251,,98245,,5 - Highly Reliable,4,,5 - Highly Reliable,4876,,Stockpile,,,40483,,Freshwater,,,,Measure Not Applicable,,Measure Not Applicable,,3 - Less Reliable,Yes,,Yes,,5 - Highly Reliable,661,,Yes,300,,,Data Not Available,3 - Less Reliable,40211,Yes,,37576,,29348,,5.36,4 - Reliable,639,,3 - Less Reliable
ACC-00008521,South Taranaki District Council,PAT001,Patea,22,,4,,Bore,,574,,,,,Measure Not Applicable,,,85,,Number of connections known,,,Measure Not Applicable,,,1310,,4 - Reliable,175414,,10262,,5 - Highly Reliable,1,,5 - Highly Reliable,,Measure Not Applicable,Measure Not Applicable,,,,Measure Not Applicable,Measure Not Applicable,,,,Measure Not Applicable,,Measure Not Applicable,,3 - Less Reliable,Measure Not Applicable,,Measure Not Applicable,,5 - Highly Reliable,290,,Yes,200,,75,,3 - Less Reliable,18364,Yes,,17631,,9889,,1.28,4 - Reliable,632,,3 - Less Reliable
ACC-00008521,South Taranaki District Council,RAH001,Rahotu,5,,1,,River/stream/creek,,0,Measure Not Applicable,Other (Please identify in the comments section),The properties in Rahotu are not identified as residential. Please refer to column R,,Measure Not Applicable,,,72,,Number of connections known,,,Measure Not Applicable,,,144,,4 - Reliable,26420,,21158,,5 - Highly Reliable,1,,5 - Highly Reliable,383,,Stockpile,,,,Data Not Available,Freshwater,,,,Measure Not Applicable,,Measure Not Applicable,,3 - Less Reliable,Yes,,Yes,,5 - Highly Reliable,364,,Yes,300,,,Data Not Available,3 - Less Reliable,4492,Yes,,4043,,1951,,2.08,4 - Reliable,249,,3 - Less Reliable
ACC-00008521,South Taranaki District Council,WAI018,Waimate West,220,,4,,River/stream/creek,,518,,,,,Measure Not Applicable,,,957,,Number of connections known,,,Measure Not Applicable,,,2635,,4 - Reliable,4820291,,4221411,,5 - Highly Reliable,9,,5 - Highly Reliable,101842,,Stockpile,,,88711,,Freshwater,,,,Measure Not Applicable,,Measure Not Applicable,,3 - Less Reliable,Yes,,Yes,,5 - Highly Reliable,460,,Yes,300,,,Data Not Available,3 - Less Reliable,440180,Yes,,350726,,87870,,4,4 - Reliable,597,,3 - Less Reliable
ACC-00008521,South Taranaki District Council,WAI020,Wairoa Beach Domain aka waverley Beach,1,,1,,Bore,,46,,,,,Measure Not Applicable,,,2,,Number of connections known,,,Measure Not Applicable,,,36,,4 - Reliable,3889,,466,,5 - Highly Reliable,1,,5 - Highly Reliable,,Measure Not Applicable,Measure Not Applicable,,,,Measure Not Applicable,Measure Not Applicable,,,,Measure Not Applicable,,Measure Not Applicable,,3 - Less Reliable,Measure Not Applicable,,Measure Not Applicable,,5 - Highly Reliable,80,,Yes,100,,20,,3 - Less Reliable,758,Yes,,703,,154,,4.57,4 - Reliable,,Data Not Available,3 - Less Reliable
ACC-00008521,South Taranaki District Council,WAI021,Wai-inu Beach,4,,1,,Bore,,29,,,,,Measure Not Applicable,,,2,,Number of connections known,,,Measure Not Applicable,,,72,,4 - Reliable,15366,,1422,,5 - Highly Reliable,1,,5 - Highly Reliable,,Measure Not Applicable,Measure Not Applicable,,,,Measure Not Applicable,Measure Not Applicable,,,,Measure Not Applicable,,Measure Not Applicable,,3 - Less Reliable,Measure Not Applicable,,Measure Not Applicable,,5 - Highly Reliable,184,,Yes,100,,,Data Not Available,3 - Less Reliable,3211,Yes,,3165,,638,,4.97,4 - Reliable,,Data Not Available,3 - Less Reliable
ACC-00008521,South Taranaki District Council,WAV001,Waverley,18,,3,,Bore,,378,,,,,Measure Not Applicable,,,100,,Number of connections known,,,Measure Not Applicable,,,878,,4 - Reliable,173596,,24084,,5 - Highly Reliable,1,,5 - Highly Reliable,,Measure Not Applicable,Measure Not Applicable,,,,Data Not Available,Other (Please identify in the comments section),Wastewater network,,,Measure Not Applicable,,Measure Not Applicable,,3 - Less Reliable,Measure Not Applicable,,Measure Not Applicable,,5 - Highly Reliable,255,,Yes,300,,434,,3 - Less Reliable,55000,Yes,,54174,,6757,,8.04,4 - Reliable,615,,3 - Less Reliable
ACC-00008568,South Waikato District Council,ARA003,Arapuni Water Supply,9,,3,,Bore,,167,,Other (Please identify in the comments section),"connections determined by number of rating values and AMP (page 44, table 32)",167,,Number of connections known,,3,,Estimation by non-residential buildings,"If there are any connections to rainwater tanks within the townships, they are unknown.",1,,Estimation by non-residential buildings,,300,,4 - Reliable,68379,,2120,,3 - Less Reliable,1,,5 - Highly Reliable,,Measure Not Applicable,Freshwater,cartridge filter material not measured and sent to landfill,Data Not Available,240,,Other (Please identify in the comments section),Backwash is from a greensand filter goes to land and Council have a consent for this.,Data Not Available,,Data Not Available,Freshwater,captured in cartridge filters and sent to landfill,,2 - Uncertain,Measure Not Applicable,,Measure Not Applicable,,5 - Highly Reliable,210,,No,200,,,Data Not Available,1 - Very Uncertain,245,Yes,,196,,49,,4,3 - Less Reliable,623,,3 - Less Reliable
ACC-00008568,South Waikato District Council,LIC001,Lichfield Water Supply,1,,1,,Bore,,17,,Other (Please identify in the comments section),"connections determined by number of rating values and AMP (page 44, table 32)",17,,Estimation by residential buildings,,17,,Number of connections known,This community is lifestyle blocks who are required to have back-up tanks for emergency purposes.,17,,Number of connections known,,50,,4 - Reliable,5085,,0,,3 - Less Reliable,1,,5 - Highly Reliable,,Measure Not Applicable,Freshwater,cartridge filter material not measured and sent to landfill,Data Not Available,,Data Not Available,Land,,Data Not Available,,Data Not Available,Freshwater,captured in cartridge filters and sent to landfill,,2 - Uncertain,Measure Not Applicable,,Measure Not Applicable,,5 - Highly Reliable,,Data Not Available,No,,Data Not Available,,Data Not Available,1 - Very Uncertain,4,Yes,,3,,1,,1.7,3 - Less Reliable,260,,3 - Less Reliable
ACC-00008568,South Waikato District Council,PUT001,Putaruru Water Supply,68,,3,,Bore,,1890,,Other (Please identify in the comments section),"connections determined by number of rating values and AMP (page 44, table 32)",1890,,Number of connections known,,6,,Estimation by non-residential buildings,"If there are any connections to rainwater tanks within the townships, they are unknown.",6,,Other (Please identify in the comments section),signficant users from Water Conservation and Demand Management Plan,6687,,4 - Reliable,1908582,,94275,,3 - Less Reliable,2,,5 - Highly Reliable,,Measure Not Applicable,Freshwater,cartridge filter material not measured and sent to landfill,Data Not Available,,Data Not Available,Freshwater,,Data Not Available,,Data Not Available,Freshwater,captured in cartridge filters and sent to landfill,,2 - Uncertain,Yes,,Yes,,5 - Highly Reliable,400,,Yes,200,,,Data Not Available,1 - Very Uncertain,434,Yes,,373,,61,,6.2,3 - Less Reliable,400,,3 - Less Reliable
ACC-00008568,South Waikato District Council,TIR001,Tirau Water Supply,19,,1,,Spring,,479,,Other (Please identify in the comments section),"connections determined by number of rating values and AMP (page 44, table 32)",479,,Number of connections known,,3,,Estimation by non-residential buildings,"If there are any connections to rainwater tanks within the townships, they are unknown.",1,,Other (Please identify in the comments section),signficant users from Water Conservation and Demand Management Plan,700,,4 - Reliable,482724,,18352,,3 - Less Reliable,1,,5 - Highly Reliable,,Measure Not Applicable,Freshwater,cartridge filter material not measured and sent to landfill,Data Not Available,,Data Not Available,Land,,Data Not Available,,Data Not Available,Freshwater,captured in cartridge filters and sent to landfill,,2 - Uncertain,Yes,,Yes,,5 - Highly Reliable,350,,Yes,200,,,Data Not Available,1 - Very Uncertain,1397,Yes,,1339,,58,,23.2,3 - Less Reliable,459,,3 - Less Reliable
ACC-00008568,South Waikato District Council,TOK001,Tokoroa Water Supply,171,,2,,Bore,,5597,,Other (Please identify in the comments section),"connections determined by number of rating values and AMP (page 44, table 32)",5597,,Number of connections known,,17,,Estimation by non-residential buildings,"If there are any connections to rainwater tanks within the townships, they are unknown.",11,,Other (Please identify in the comments section),signficant users from Water Conservation and Demand Management Plan,14498,,4 - Reliable,2173536,,96757,,3 - Less Reliable,1,,5 - Highly Reliable,,Measure Not Applicable,Freshwater,no cartridge filter,Data Not Available,,Data Not Available,Land,,Data Not Available,,Data Not Available,Measure Not Applicable,no filters onsite,,4 - Reliable,Measure Not Applicable,,Measure Not Applicable,,5 - Highly Reliable,620,,Yes,200,,,Data Not Available,1 - Very Uncertain,314,Yes,,241,,73,,3.3,3 - Less Reliable,410,,3 - Less Reliable
ACC-00001109,South Wairarapa District Council,FEA001,Featherston,50,,4,,Bore,,1242,,Other (Please identify in the comments section),The raw data is from Corelogic dataset.,,Data Not Available,Other (Please identify in the comments section),FME process with Corelogic dataset,109,,Other (Please identify in the comments section),FME process with Corelogic dataset,,Data Not Available,Data Not Available,,2890,,4 - Reliable,598715,,,Data Not Available,3 - Less Reliable,1,,4 - Reliable,0,,Measure Not Applicable,,Data Not Available,0,Measure Not Applicable,Measure Not Applicable,No,Measure Not Applicable,0,Measure Not Applicable,Measure Not Applicable,No,Measure Not Applicable,4 - Reliable,Measure Not Applicable,,Measure Not Applicable,,4 - Reliable,480,,Yes,245,,115,,4 - Reliable,368410,No,,745,,30920,,11.9,4 - Reliable,,Data Not Available,4 - Reliable
ACC-00001109,South Wairarapa District Council,GRE002,Greytown,48,,1,,Bore,,1412,,Other (Please identify in the comments section),The raw data is from Corelogic dataset.,,Data Not Available,Other (Please identify in the comments section),FME process with Corelogic dataset,156,,Other (Please identify in the comments section),FME process with Corelogic dataset,,Data Not Available,Data Not Available,,2870,,4 - Reliable,608235,,,Data Not Available,3 - Less Reliable,1,,4 - Reliable,0,,Measure Not Applicable,,Data Not Available,0,Measure Not Applicable,Measure Not Applicable,No,Measure Not Applicable,0,Measure Not Applicable,Measure Not Applicable,No,Measure Not Applicable,4 - Reliable,Measure Not Applicable,,Measure Not Applicable,,4 - Reliable,435,,Yes,245,,11,,4 - Reliable,289720,No,,513,,34060,,8.5,4 - Reliable,,Data Not Available,4 - Reliable
ACC-00001109,South Wairarapa District Council,MAR003,Martinborough,44,,4,,Bore,,1306,,Other (Please identify in the comments section),The raw data is from Corelogic dataset.,,Data Not Available,Other (Please identify in the comments section),FME process with Corelogic dataset,208,,Other (Please identify in the comments section),FME process with Corelogic dataset,,Data Not Available,Data Not Available,,1930,,4 - Reliable,414920,,,Data Not Available,3 - Less Reliable,1,,4 - Reliable,0,,Measure Not Applicable,,Data Not Available,778,,Other (Please identify in the comments section),Waste water network,,0,Measure Not Applicable,Measure Not Applicable,No,Measure Not Applicable,4 - Reliable,Measure Not Applicable,,Measure Not Applicable,,4 - Reliable,389,,Yes,245,,73,,4 - Reliable,110260,No,,204,,28940,,3.8,4 - Reliable,,Data Not Available,4 - Reliable
ACC-00001109,South Wairarapa District Council,PIR004,Pirinoa,20,,1,,Bore,,11,,Other (Please identify in the comments section),The raw data is from Corelogic dataset.,,Data Not Available,Other (Please identify in the comments section),FME process with Corelogic dataset,11,,Other (Please identify in the comments section),FME process with Corelogic dataset,,Data Not Available,Data Not Available,,80,,2 - Uncertain,1406,,,Data Not Available,3 - Less Reliable,1,,4 - Reliable,0,,Measure Not Applicable,,Data Not Available,0,Measure Not Applicable,Measure Not Applicable,No,Measure Not Applicable,0,Measure Not Applicable,Measure Not Applicable,No,Measure Not Applicable,4 - Reliable,Measure Not Applicable,,Measure Not Applicable,,4 - Reliable,490,,Yes,245,,0,,4 - Reliable,220,No,,43,,690,,0.3,4 - Reliable,,Data Not Available,4 - Reliable
ACC-00001119,Southland District Council,EAS002,Eastern Bush/Otahu Flat RWS,69,,1,,River/stream/creek,,11,,Other (Please identify in the comments section),Ratings data,15,,Other (Please identify in the comments section),Ratings data,41,,Other (Please identify in the comments section),Ratings data,205,,Other (Please identify in the comments section),Ratings data,180,,5 - Highly Reliable,205231,,188,,5 - Highly Reliable,1,,5 - Highly Reliable,0,Measure Not Applicable,Other (Please identify in the comments section),Riverton is the only plant with sludge,Measure Not Applicable,0,Measure Not Applicable,Measure Not Applicable,,Measure Not Applicable,0,Measure Not Applicable,Measure Not Applicable,,Measure Not Applicable,5 - Highly Reliable,Yes,,No,,5 - Highly Reliable,0,Data Not Available,Yes,62,,0,,5 - Highly Reliable,38517,Yes,,38517,,2827,,14,5 - Highly Reliable,1764,,5 - Highly Reliable
ACC-00001119,Southland District Council,EDE001,Edendale/Wyndham,24,,2,,Bore,,539,,Other (Please identify in the comments section),Ratings data,526,,Other (Please identify in the comments section),Ratings data,89,,Other (Please identify in the comments section),Ratings data,137,,Other (Please identify in the comments section),Ratings data,1152,,5 - Highly Reliable,211455,,0,,5 - Highly Reliable,1,,5 - Highly Reliable,0,Measure Not Applicable,Other (Please identify in the comments section),Riverton is the only plant with sludge,Measure Not Applicable,0,Measure Not Applicable,Measure Not Applicable,,Measure Not Applicable,0,Measure Not Applicable,Measure Not Applicable,,Measure Not Applicable,5 - Highly Reliable,No,,No,,5 - Highly Reliable,450,,Yes,51,,0,,5 - Highly Reliable,0,Yes,,0,,2153,,17,5 - Highly Reliable,503,,5 - Highly Reliable
ACC-00001119,Southland District Council,LUM001,Lumsden/Balfour,169,,2,,Bore,,375,,Other (Please identify in the comments section),Ratings data,368,,Other (Please identify in the comments section),Ratings data,159,,Other (Please identify in the comments section),Ratings data,804,,Other (Please identify in the comments section),Ratings data,1061,,5 - Highly Reliable,662840,,0,,5 - Highly Reliable,1,,5 - Highly Reliable,0,Measure Not Applicable,Other (Please identify in the comments section),Riverton is the only plant with sludge,Measure Not Applicable,0,Measure Not Applicable,Measure Not Applicable,,Measure Not Applicable,0,Measure Not Applicable,Measure Not Applicable,,Measure Not Applicable,5 - Highly Reliable,No,,No,,5 - Highly Reliable,1000,,Yes,55,,0,,5 - Highly Reliable,206198,Yes,,206198,,4771,,43,5 - Highly Reliable,1396,,5 - Highly Reliable
ACC-00001119,Southland District Council,MAN006,Manapouri,10,,1,,Lake,,285,,Other (Please identify in the comments section),Ratings data,273,,Other (Please identify in the comments section),Ratings data,15,,Other (Please identify in the comments section),Ratings data,19,,Other (Please identify in the comments section),Ratings data,228,,5 - Highly Reliable,101105,,11068,,5 - Highly Reliable,1,,5 - Highly Reliable,0,Measure Not Applicable,Other (Please identify in the comments section),Riverton is the only plant with sludge,Measure Not Applicable,0,Measure Not Applicable,Measure Not Applicable,,Measure Not Applicable,0,Measure Not Applicable,Measure Not Applicable,,Measure Not Applicable,5 - Highly Reliable,No,,No,,5 - Highly Reliable,200,,Yes,29,,0,,5 - Highly Reliable,0,Yes,,0,,1123,,37,5 - Highly Reliable,1114,,5 - Highly Reliable
ACC-00001119,Southland District Council,MOS002,Mossburn,10,,2,,Bore,,107,,Other (Please identify in the comments section),Ratings data,103,,Other (Please identify in the comments section),Ratings data,30,,Other (Please identify in the comments section),Ratings data,32,,Other (Please identify in the comments section),Ratings data,201,,5 - Highly Reliable,71540,,5555,,5 - Highly Reliable,1,,5 - Highly Reliable,0,Measure Not Applicable,Other (Please identify in the comments section),Riverton is the only plant with sludge,Measure Not Applicable,0,Measure Not Applicable,Measure Not Applicable,,Measure Not Applicable,0,Measure Not Applicable,Measure Not Applicable,,Measure Not Applicable,5 - Highly Reliable,No,,No,,5 - Highly Reliable,360,,Yes,28,,0,,5 - Highly Reliable,6993,Yes,,6993,,980,,7,5 - Highly Reliable,1182,,5 - Highly Reliable
ACC-00001119,Southland District Council,OHA009,Ohai/Nightcaps,28,,1,,River/stream/creek,,423,,Other (Please identify in the comments section),Ratings data,393,,Other (Please identify in the comments section),Ratings data,44,,Other (Please identify in the comments section),Ratings data,41,,Other (Please identify in the comments section),Ratings data,667,,5 - Highly Reliable,276049,,22801,,5 - Highly Reliable,2,,5 - Highly Reliable,0,Measure Not Applicable,Other (Please identify in the comments section),Riverton is the only plant with sludge,Measure Not Applicable,8760,,Land,"The backwash water should go directly to the wastewater plant, while the clean water is discharged to land.",,12,,Land,,,5 - Highly Reliable,Yes,,Yes,,5 - Highly Reliable,0,Data Not Available,Yes,57,,0,,5 - Highly Reliable,105412,Yes,,105412,,2246,,47,5 - Highly Reliable,758,,5 - Highly Reliable
ACC-00001119,Southland District Council,ORA003,Orawia,4,,1,,Spring,,377,,Other (Please identify in the comments section),Ratings data,374,,Other (Please identify in the comments section),Ratings data,74,,Other (Please identify in the comments section),Ratings data,75,,Other (Please identify in the comments section),Ratings data,15,,5 - Highly Reliable,0,Measure Not Applicable,0,Measure Not Applicable,5 - Highly Reliable,1,,5 - Highly Reliable,0,Measure Not Applicable,Other (Please identify in the comments section),Riverton is the only plant with sludge,Measure Not Applicable,0,Measure Not Applicable,Measure Not Applicable,,Measure Not Applicable,0,Measure Not Applicable,Measure Not Applicable,,Measure Not Applicable,5 - Highly Reliable,No,,No,,5 - Highly Reliable,0,Measure Not Applicable,Yes,0,Measure Not Applicable,0,Measure Not Applicable,5 - Highly Reliable,0,Yes,Measure Not Applicable,0,Measure Not Applicable,0,Measure Not Applicable,0,5 - Highly Reliable,0,Measure Not Applicable,5 - Highly Reliable
ACC-00001119,Southland District Council,OTA001,Otautau,18,,1,,Bore,,11,,Other (Please identify in the comments section),Ratings data,13,,Other (Please identify in the comments section),Ratings data,3,,Other (Please identify in the comments section),Ratings data,7,,Other (Please identify in the comments section),Ratings data,798,,5 - Highly Reliable,264798,,5620,,5 - Highly Reliable,2,,5 - Highly Reliable,0,Measure Not Applicable,Other (Please identify in the comments section),Riverton is the only plant with sludge,Measure Not Applicable,0,Measure Not Applicable,Measure Not Applicable,,Measure Not Applicable,0,Measure Not Applicable,Measure Not Applicable,,Measure Not Applicable,5 - Highly Reliable,No,,No,,5 - Highly Reliable,607,,No,58,,0,,5 - Highly Reliable,97835,Yes,,97835,,2118,,46,5 - Highly Reliable,581,,5 - Highly Reliable
ACC-00001119,Southland District Council,RIV001,Riverton,44,,1,,River/stream/creek,,1316,,Other (Please identify in the comments section),Ratings data,1235,,Other (Please identify in the comments section),Ratings data,88,,Other (Please identify in the comments section),Ratings data,87,,Other (Please identify in the comments section),Ratings data,1506,,5 - Highly Reliable,473742,,15303,,5 - Highly Reliable,2,,5 - Highly Reliable,30,,Other (Please identify in the comments section),Disposed to sewer,,0,Measure Not Applicable,Measure Not Applicable,,Measure Not Applicable,0,,Other (Please identify in the comments section),Disposed to sewer,,5 - Highly Reliable,Yes,,Yes,,5 - Highly Reliable,780,,Yes,55,,0,,5 - Highly Reliable,13007,Yes,,13007,,3158,,4,5 - Highly Reliable,679,,5 - Highly Reliable
ACC-00001119,Southland District Council,RIV001,Riverton,44,,2,,Bore,,1316,,Other (Please identify in the comments section),Ratings data,1235,,Other (Please identify in the comments section),Ratings data,88,,Other (Please identify in the comments section),Ratings data,87,,Other (Please identify in the comments section),Ratings data,1506,,5 - Highly Reliable,473742,,15303,,5 - Highly Reliable,2,,5 - Highly Reliable,30,,Other (Please identify in the comments section),Disposed to sewer,,0,Measure Not Applicable,Measure Not Applicable,,Measure Not Applicable,0,,Other (Please identify in the comments section),Disposed to sewer,,5 - Highly Reliable,Yes,,Yes,,5 - Highly Reliable,780,,Yes,55,,0,,5 - Highly Reliable,13007,Yes,,13007,,3158,,4,5 - Highly Reliable,679,,5 - Highly Reliable
ACC-00001119,Southland District Council,TEA002,Te Anau,72,,4,,Bore,,2121,,Other (Please identify in the comments section),Ratings data,2041,,Other (Please identify in the comments section),Ratings data,177,,Other (Please identify in the comments section),Ratings data,193,,Other (Please identify in the comments section),Ratings data,2628,,5 - Highly Reliable,1134954,,145412,,5 - Highly Reliable,1,,5 - Highly Reliable,0,Measure Not Applicable,Other (Please identify in the comments section),Riverton is the only plant with sludge,Measure Not Applicable,0,Measure Not Applicable,Measure Not Applicable,,Measure Not Applicable,0,Measure Not Applicable,Measure Not Applicable,,Measure Not Applicable,5 - Highly Reliable,No,,No,,5 - Highly Reliable,454,,Yes,37,,0,,5 - Highly Reliable,238162,Yes,,238162,,3864,,62,5 - Highly Reliable,764,,5 - Highly Reliable
ACC-00001119,Southland District Council,TUA001,Tuatapere,14,,3,,Bore,,278,,Other (Please identify in the comments section),Ratings data,271,,Other (Please identify in the comments section),Ratings data,47,,Other (Please identify in the comments section),Ratings data,47,,Other (Please identify in the comments section),Ratings data,531,,5 - Highly Reliable,211826,,10971,,5 - Highly Reliable,1,,5 - Highly Reliable,0,Measure Not Applicable,Other (Please identify in the comments section),Riverton is the only plant with sludge,Measure Not Applicable,0,Measure Not Applicable,Measure Not Applicable,,Measure Not Applicable,0,Measure Not Applicable,Measure Not Applicable,,Measure Not Applicable,5 - Highly Reliable,No,,No,,5 - Highly Reliable,443,,Yes,34,,0,,5 - Highly Reliable,87108,Yes,,87108,,1359,,64,5 - Highly Reliable,677,,5 - Highly Reliable
ACC-00001119,Southland District Council,WIN001,Winton,38,,2,,Bore,,1211,,Other (Please identify in the comments section),Ratings data,1206,,Other (Please identify in the comments section),Ratings data,141,,Other (Please identify in the comments section),Ratings data,158,,Other (Please identify in the comments section),Ratings data,2436,,5 - Highly Reliable,514233,,28867,,5 - Highly Reliable,1,,5 - Highly Reliable,0,Measure Not Applicable,Other (Please identify in the comments section),Riverton is the only plant with sludge,Measure Not Applicable,0,Measure Not Applicable,Measure Not Applicable,,Measure Not Applicable,0,Measure Not Applicable,Measure Not Applicable,,Measure Not Applicable,5 - Highly Reliable,No,,No,,5 - Highly Reliable,350,,Yes,37,,0,,5 - Highly Reliable,0,Yes,,0,,2648,,4,5 - Highly Reliable,564,,5 - Highly Reliable
ACC-00008528,Stratford District Council,MID001,Midhirst,5,,1,,River/stream/creek,,88,,Other (Please identify in the comments section),Rates,,Data Not Available,Data Not Available,,27,,Other (Please identify in the comments section),Rates,,Data Not Available,Data Not Available,,280,,4 - Reliable,32500,,10670,,4 - Reliable,2,,4 - Reliable,0,,Measure Not Applicable,,,817,,Land,Buried gravel filter chamber,,0,Data Not Available,Freshwater,Intake screenings returned to river at source,,4 - Reliable,Yes,,Yes,,4 - Reliable,430,,No,,Data Not Available,,,4 - Reliable,,Yes,,52000,,2970,,1.75,,,,4 - Reliable
ACC-00008528,Stratford District Council,STR001,Stratford,103,,2,,River/stream/creek,,2493,,Other (Please identify in the comments section),Rates,,Data Not Available,Data Not Available,,462,,Other (Please identify in the comments section),Rates,,Data Not Available,Data Not Available,,7151,,4 - Reliable,933700,,305740,,4 - Reliable,4,,4 - Reliable,0,,Measure Not Applicable,,,115892,,Other (Please identify in the comments section),Settling pond to river,,0,Data Not Available,Freshwater,Intake screenings returned to river at source,,4 - Reliable,Yes,,Yes,,4 - Reliable,500,,No,,Data Not Available,,,4 - Reliable,159600,Yes,,159600,,76980,,2,4 - Reliable,493,,4 - Reliable
ACC-00008528,Stratford District Council,TOK004,Toko,2,,1,,Bore,,20,,Other (Please identify in the comments section),Rates,,Data Not Available,Data Not Available,,12,,Other (Please identify in the comments section),Rates,,Data Not Available,Data Not Available,,55,,4 - Reliable,4800,,2060,,4 - Reliable,2,,4 - Reliable,0,,Measure Not Applicable,,,780,,Land,Buried gravel filter chamber,,0,Data Not Available,Measure Not Applicable,Bore,,4 - Reliable,Measure Not Applicable,,Measure Not Applicable,,4 - Reliable,330,,No,,Data Not Available,,,4 - Reliable,830,Yes,,830,,790,,0.05,4 - Reliable,685,,4 - Reliable
ACC-00008574,Tararua District Council,AKI001,Akitio,2,,1,,River/stream/creek,,2,,Estimation by residential buildings,Based on Rates. Number of Connections,2,,Other (Please identify in the comments section),Based on Rates. Number of Rating Units,54,,Other (Please identify in the comments section),Based on Rates,53,,Other (Please identify in the comments section),Based on Rates,113,,4 - Reliable,,Data Not Available,,Data Not Available,2 - Uncertain,,Measure Not Applicable,4 - Reliable,,Data Not Available,Data Not Available,,Data Not Available,,Data Not Available,Land,,,,Measure Not Applicable,Measure Not Applicable,No Screen Process,,4 - Reliable,Measure Not Applicable,,Measure Not Applicable,,4 - Reliable,,Data Not Available,No,,Data Not Available,,Data Not Available,4 - Reliable,,,Data Not Available,,Data Not Available,,Data Not Available,,4 - Reliable,,Data Not Available,4 - Reliable
ACC-00008574,Tararua District Council,DAN001,Dannevirke,100,,1,,River/stream/creek,,2380,,Other (Please identify in the comments section),Based on Rates. Number of Connections,2276,,Other (Please identify in the comments section),Based on Rates. Number of Rating Units,591,,Other (Please identify in the comments section),Based on Rates,581,,Other (Please identify in the comments section),Based on Rates,5680,,4 - Reliable,1425617,,385799,,3 - Less Reliable,4,,4 - Reliable,,Data Not Available,Other (Please identify in the comments section),Geobags,,13278.72,,Land,,,,Measure Not Applicable,Measure Not Applicable,No Screen Process,,4 - Reliable,Measure Not Applicable,,Measure Not Applicable,,4 - Reliable,460,,No,,Data Not Available,,Data Not Available,4 - Reliable,,,Data Not Available,,Data Not Available,,Data Not Available,,4 - Reliable,,Data Not Available,4 - Reliable
ACC-00008574,Tararua District Council,EKE001,Eketahuna,19,,1,,River/stream/creek,,201,,Other (Please identify in the comments section),Based on Rates. Number of Connections,192,,Other (Please identify in the comments section),Based on Rates. Number of Rating Units,156,,Other (Please identify in the comments section),Based on Rates,153,,Other (Please identify in the comments section),Based on Rates,590,,4 - Reliable,104112,,8137,,3 - Less Reliable,2,,4 - Reliable,,Data Not Available,Data Not Available,,Data Not Available,10658,,Freshwater,,,,Measure Not Applicable,Measure Not Applicable,No Screen Process,,4 - Reliable,Measure Not Applicable,,Measure Not Applicable,,4 - Reliable,500,,No,,Data Not Available,,Data Not Available,4 - Reliable,,,Data Not Available,,Data Not Available,,Data Not Available,,4 - Reliable,,Data Not Available,4 - Reliable
ACC-00008574,Tararua District Council,NOR002,Norsewood,5,,1,,Bore,,50,,Estimation by residential buildings,Based on Rates. Number of Connections,41,,Other (Please identify in the comments section),Based on Rates. Number of Rating Units,32,,Other (Please identify in the comments section),Based on Rates,31,,Other (Please identify in the comments section),Based on Rates,150,,4 - Reliable,21249,,,Data Not Available,2 - Uncertain,,,4 - Reliable,,Data Not Available,Data Not Available,,Data Not Available,2190,,Other (Please identify in the comments section),Wastewater treatment plant,,,Measure Not Applicable,Measure Not Applicable,Bore No Screen Process,,4 - Reliable,Measure Not Applicable,,Measure Not Applicable,,4 - Reliable,,Data Not Available,No,,Data Not Available,,Data Not Available,4 - Reliable,,,Data Not Available,,Data Not Available,,Data Not Available,,4 - Reliable,,Data Not Available,4 - Reliable
ACC-00008574,Tararua District Council,PAH001,Pahiatua,40,,2,,River/stream/creek,,1104,,Other (Please identify in the comments section),Based on Rates. Number of Connections,1059,,Other (Please identify in the comments section),Based on Rates. Number of Rating Units,220,,Other (Please identify in the comments section),Based on Rates,214,,Other (Please identify in the comments section),Based on Rates,2860,,4 - Reliable,446142,,28814,,3 - Less Reliable,5,,4 - Reliable,,Data Not Available,Data Not Available,,Data Not Available,91250,,Other (Please identify in the comments section),Wastewater treatment plant,,,Measure Not Applicable,Measure Not Applicable,No Screen Process,,4 - Reliable,Measure Not Applicable,,Measure Not Applicable,,4 - Reliable,370,,No,,Data Not Available,,Data Not Available,4 - Reliable,,,Data Not Available,,Data Not Available,,Data Not Available,,4 - Reliable,,Data Not Available,4 - Reliable
ACC-00008574,Tararua District Council,PON001,Pongaroa,5,,1,,River/stream/creek,,49,,Other (Please identify in the comments section),Based on Rates. Number of Connections,49,,Other (Please identify in the comments section),Based on Rates. Number of Rating Units,19,,Other (Please identify in the comments section),Based on Rates,19,,Other (Please identify in the comments section),Based on Rates,80,,4 - Reliable,,Data Not Available,,Data Not Available,2 - Uncertain,,Measure Not Applicable,4 - Reliable,,Data Not Available,Data Not Available,,Data Not Available,,Data Not Available,Land,,,,Measure Not Applicable,Measure Not Applicable,No Screen Process,,4 - Reliable,Measure Not Applicable,,Measure Not Applicable,,4 - Reliable,,Data Not Available,No,,Data Not Available,,Data Not Available,4 - Reliable,,,Data Not Available,,Data Not Available,,Data Not Available,,4 - Reliable,,Data Not Available,4 - Reliable
ACC-00008574,Tararua District Council,WOO001,Woodville,43,,1,,River/stream/creek,,669,,Other (Please identify in the comments section),Based on Rates. Number of Connections,639,,Other (Please identify in the comments section),Based on Rates. Number of Rating Units,259,,Other (Please identify in the comments section),Based on Rates,246,,Other (Please identify in the comments section),Based on Rates,1710,,4 - Reliable,366815,,46519,,3 - Less Reliable,3,,4 - Reliable,,Data Not Available,Other (Please identify in the comments section),Levin Landfill,,12520,,Land,,,,Measure Not Applicable,Measure Not Applicable,No Screen Process,,4 - Reliable,Measure Not Applicable,,Measure Not Applicable,,4 - Reliable,550,,No,,Data Not Available,,Data Not Available,4 - Reliable,,,Data Not Available,,Data Not Available,,Data Not Available,,4 - Reliable,,Data Not Available,4 - Reliable
ACC-00008530,Tasman District Council,COL007,Collingwood,10,,2,,Bore,,194,,Number of metered connections,,194,,Number of connections known,,26,,Number of metered connections,,26,,Number of connections known,,288,,4 - Reliable,39904,,8887,,5 - Highly Reliable,3,,5 - Highly Reliable,0,,Measure Not Applicable,,,0,,Measure Not Applicable,,,0,Measure Not Applicable,,,,5 - Highly Reliable,Measure Not Applicable,,Measure Not Applicable,,5 - Highly Reliable,600,,Yes,300,,8,,4 - Reliable,9754,No,,8383,,7957,,1.1,4 - Reliable,204,,4 - Reliable
ACC-00008530,Tasman District Council,DOV001,Dovedale Rural,140,,1,,River/stream/creek,,224,,Other (Please identify in the comments section),Estimated by restrictor size,224,,Other (Please identify in the comments section),Estimated by restrictor size,79,,Other (Please identify in the comments section),Estimated by restrictor size,79,,Other (Please identify in the comments section),Estimated by restrictor size,661,,4 - Reliable,274522,,,Data Not Available,5 - Highly Reliable,4,,4 - Reliable,25,,Stockpile,"Stockpiled on site in geobags, to be disposed of in landfill",,0,,Measure Not Applicable,,,0,Data Not Available,Freshwater,Screened stream intake,,4 - Reliable,Yes,,Yes,,5 - Highly Reliable,770,,Yes,100,,0,,4 - Reliable,,,Data Not Available,,Data Not Available,,Data Not Available,,,,Data Not Available,
ACC-00008530,Tasman District Council,EIG001,Eighty Eight Valley Rural,53,,1,,River/stream/creek,,134,,Other (Please identify in the comments section),Estimated by restrictor size,134,,Other (Please identify in the comments section),Estimated by restrictor size,45,,Other (Please identify in the comments section),Estimated by restrictor size,45,,Other (Please identify in the comments section),Estimated by restrictor size,481,,4 - Reliable,104489,,,Data Not Available,5 - Highly Reliable,2,,4 - Reliable,0,,Measure Not Applicable,,,0,,Measure Not Applicable,,,0,Data Not Available,Freshwater,Screened stream intake,,5 - Highly Reliable,Yes,,Yes,,5 - Highly Reliable,350,,Yes,100,,0,,4 - Reliable,,,Data Not Available,,Data Not Available,,Data Not Available,,,,Data Not Available,
ACC-00008530,Tasman District Council,HOP001,Brightwater,57,,3,,Bore,,824,,Number of metered connections,,824,,Number of connections known,,80,,Number of metered connections,,80,,Number of connections known,,2905,,4 - Reliable,344915,,36436,,5 - Highly Reliable,1,,4 - Reliable,0,,Measure Not Applicable,,,0,,Measure Not Applicable,,,0,Measure Not Applicable,,,,5 - Highly Reliable,Measure Not Applicable,,Measure Not Applicable,,5 - Highly Reliable,480,,Yes,300,,0,,4 - Reliable,155383,No,,94936,,31577,,3,4 - Reliable,425,,4 - Reliable
ACC-00008530,Tasman District Council,KAI015,Kaiteriteri,25,,2,,Bore,,612,,Number of metered connections,,612,,Number of connections known,,29,,Number of metered connections,,29,,Number of connections known,,725,,4 - Reliable,181778,,44063,,5 - Highly Reliable,4,,5 - Highly Reliable,0,,Measure Not Applicable,,,0,,Measure Not Applicable,,,0,Measure Not Applicable,,,,5 - Highly Reliable,Measure Not Applicable,,Measure Not Applicable,,5 - Highly Reliable,840,,Yes,300,,0,,4 - Reliable,66424,No,,63425,,29907,,2.1,4 - Reliable,245,,4 - Reliable
ACC-00008530,Tasman District Council,MOT001,Motueka,52,,3,,Bore,,1370,,Number of metered connections,,1370,,Number of connections known,,87,,Number of metered connections,,87,,Number of connections known,,3177,,4 - Reliable,356058,,48302,,5 - Highly Reliable,2,,4 - Reliable,0,,Measure Not Applicable,,,0,,Measure Not Applicable,,,0,Measure Not Applicable,,,,5 - Highly Reliable,Measure Not Applicable,,Measure Not Applicable,,5 - Highly Reliable,560,,Yes,300,,0,,4 - Reliable,102948,No,,89368,,42824,,2.1,4 - Reliable,340,,4 - Reliable
ACC-00008530,Tasman District Council,MUR001,Murchison,17,,2,,Bore,,232,,Number of metered connections,,232,,Number of connections known,,77,,Number of metered connections,,77,,Number of connections known,,488,,4 - Reliable,143453,,54162,,5 - Highly Reliable,2,,4 - Reliable,0,,Measure Not Applicable,,,0,,Measure Not Applicable,,,0,Measure Not Applicable,,,,5 - Highly Reliable,Measure Not Applicable,,Measure Not Applicable,,5 - Highly Reliable,420,,Yes,300,,2,,4 - Reliable,56404,No,,53553,,8418,,6.4,4 - Reliable,333,,4 - Reliable
ACC-00008530,Tasman District Council,POH001,Pohara,7,,1,,River/stream/creek,,48,,Number of metered connections,,48,,Number of connections known,,8,,Number of metered connections,,8,,Number of connections known,,160,,4 - Reliable,25005,,10632,,5 - Highly Reliable,1,,5 - Highly Reliable,0,,Measure Not Applicable,,,1333,,Freshwater,Backwash returned to source creek,,0,Data Not Available,Freshwater,Screened stream intake,,4 - Reliable,Yes,,Yes,,5 - Highly Reliable,290,,Yes,300,,45,,4 - Reliable,8584,No,,8157,,1710,,4.8,4 - Reliable,214,,4 - Reliable
ACC-00008530,Tasman District Council,RED001,Redwood Valley 1,36,,2,,Bore,,74,,Other (Please identify in the comments section),Estimated by restrictor size,74,,Other (Please identify in the comments section),Estimated by restrictor size,10,,Other (Please identify in the comments section),Estimated by restrictor size,10,,Other (Please identify in the comments section),Estimated by restrictor size,259,,4 - Reliable,66606,,,Data Not Available,5 - Highly Reliable,2,,4 - Reliable,0,,Measure Not Applicable,,,0,,Measure Not Applicable,,,0,Measure Not Applicable,,,,5 - Highly Reliable,Measure Not Applicable,,Measure Not Applicable,,5 - Highly Reliable,530,,Yes,100,,0,,4 - Reliable,,,Data Not Available,,Data Not Available,,Data Not Available,,,,Data Not Available,
ACC-00008530,Tasman District Council,RED003,Redwood Valley 2,55,,2,,Bore,,258,,Other (Please identify in the comments section),Estimated by restrictor size,258,,Other (Please identify in the comments section),Estimated by restrictor size,60,,Other (Please identify in the comments section),Estimated by restrictor size,60,,Other (Please identify in the comments section),Estimated by restrictor size,726,,4 - Reliable,153726,,,Data Not Available,5 - Highly Reliable,2,,4 - Reliable,0,,Measure Not Applicable,,,0,,Measure Not Applicable,,,0,Measure Not Applicable,,,,5 - Highly Reliable,Measure Not Applicable,,Measure Not Applicable,,5 - Highly Reliable,600,,Yes,100,,0,,4 - Reliable,,,Data Not Available,,Data Not Available,,Data Not Available,,,,Data Not Available,
ACC-00008530,Tasman District Council,RIC002,Richmond,199,,11,,Bore,,7065,,Number of metered connections,,7065,,Number of connections known,,673,,Number of metered connections,,673,,Number of connections known,,18145,,4 - Reliable,2754043,,1156368,,5 - Highly Reliable,3,,4 - Reliable,0,,Measure Not Applicable,,,0,,Measure Not Applicable,,,0,Measure Not Applicable,,,,5 - Highly Reliable,Measure Not Applicable,,Measure Not Applicable,,5 - Highly Reliable,620,,Yes,300,,73,,4 - Reliable,348792,No,,150248,,233568,,0.6,4 - Reliable,378,,4 - Reliable
ACC-00008530,Tasman District Council,TAP003,Tapawera,8,,2,,Bore,,132,,Number of metered connections,,132,,Number of connections known,,37,,Number of metered connections,,37,,Number of connections known,,315,,4 - Reliable,53989,,9804,,5 - Highly Reliable,1,,4 - Reliable,0,,Measure Not Applicable,,,0,,Measure Not Applicable,,,0,Measure Not Applicable,,,,5 - Highly Reliable,Measure Not Applicable,,Measure Not Applicable,,5 - Highly Reliable,440,,Yes,300,,0,,4 - Reliable,24046,No,,22680,,4380,,5.2,4 - Reliable,332,,4 - Reliable
ACC-00008530,Tasman District Council,WAI023,Mapua/Ruby Bay,80,,7,,Bore,,971,,Number of metered connections,,971,,Number of connections known,,71,,Number of metered connections,,71,,Number of connections known,,2736,,4 - Reliable,447673,,25449,,5 - Highly Reliable,2,,4 - Reliable,0,,Measure Not Applicable,,,0,,Measure Not Applicable,,,0,Measure Not Applicable,,,,5 - Highly Reliable,Measure Not Applicable,,Measure Not Applicable,,5 - Highly Reliable,410,,Yes,300,,148,,4 - Reliable,253087,No,,114077,,36842,,3.1,4 - Reliable,403,,4 - Reliable
ACC-00008530,Tasman District Council,WAK001,Wakefield,38,,2,,Infiltration gallery,,845,,Number of metered connections,,845,,Number of connections known,,56,,Number of metered connections,,56,,Number of connections known,,2551,,4 - Reliable,321551,,11985,,5 - Highly Reliable,2,,4 - Reliable,0,,Measure Not Applicable,,,0,,Measure Not Applicable,,,0,Measure Not Applicable,,,,5 - Highly Reliable,Measure Not Applicable,,Measure Not Applicable,,5 - Highly Reliable,490,,Yes,300,,40,,4 - Reliable,162916,No,,122660,,25898,,4.7,4 - Reliable,392,,4 - Reliable
ACC-00001011,Taupo District Council,ATI001,Atiamuri Village,5.62435,,2,,Bore,,68,,Other (Please identify in the comments section),Number determined using Rates data,71,,Number of connections known,,8,,Number of connections known,,8,,Number of connections known,,203,,3 - Less Reliable,20513,,9720,,4 - Reliable,1,,4 - Reliable,0,,Measure Not Applicable,No by-products,Measure Not Applicable,,Measure Not Applicable,Measure Not Applicable,No by-products,Measure Not Applicable,0,,Measure Not Applicable,No Screenings generated,,4 - Reliable,Measure Not Applicable,,Yes,,4 - Reliable,392,,Yes,300,,0,,4 - Reliable,10581,No,,10366,,2052,,5.1,4 - Reliable,350,,4 - Reliable
ACC-00001011,Taupo District Council,BON001,Bonshaw Park,9.84301,,2,,Bore,,68,,Other (Please identify in the comments section),Number determined using Rates data,80,,Number of connections known,,0,Measure Not Applicable,Number of connections known,,0,Measure Not Applicable,Number of connections known,,200,,3 - Less Reliable,20370,,14891,,4 - Reliable,3,,4 - Reliable,0,,Measure Not Applicable,No by-products,Measure Not Applicable,,Measure Not Applicable,Measure Not Applicable,No by-products,Measure Not Applicable,0,,Measure Not Applicable,No Screenings generated,,4 - Reliable,Measure Not Applicable,,Yes,,4 - Reliable,441,,Yes,300,,0,,4 - Reliable,5185,No,,4867,,1987,,2.4,4 - Reliable,600,,4 - Reliable
ACC-00001011,Taupo District Council,CEN001,Centennial Drive,17.7506,,1,,River/stream/creek,,0,Measure Not Applicable,Other (Please identify in the comments section),Number determined using Rates data,0,,Number of connections known,,65,,Number of connections known,,72,,Number of connections known,,188,,3 - Less Reliable,225731,,183475,,4 - Reliable,1,,4 - Reliable,0,,Measure Not Applicable,No by-products,Measure Not Applicable,,Measure Not Applicable,Measure Not Applicable,No by-products,Measure Not Applicable,0,,Measure Not Applicable,No Screenings generated,,4 - Reliable,Yes,,Yes,,4 - Reliable,588,,Yes,300,,0,,4 - Reliable,29288,No,,25392,,4966,,5.1,4 - Reliable,6721,,4 - Reliable
ACC-00001011,Taupo District Council,HAT001,Hatepe Village,3.46954,,1,,Lake,,109,,Other (Please identify in the comments section),Number determined using Rates data,117,,Number of connections known,,1,,Number of connections known,,1,,Number of connections known,,269,,3 - Less Reliable,21774,,18028,,4 - Reliable,1,,4 - Reliable,0,,Measure Not Applicable,No by-products,Measure Not Applicable,,Measure Not Applicable,Measure Not Applicable,No by-products,Measure Not Applicable,0,,Measure Not Applicable,No Screenings generated,,4 - Reliable,Measure Not Applicable,,Yes,,4 - Reliable,294,,Yes,300,,0,,4 - Reliable,3526,No,,3143,,1573,,2,4 - Reliable,431,,4 - Reliable
ACC-00001011,Taupo District Council,KIN001,Kinloch,89.71294,,1,,Lake,,1051,,Other (Please identify in the comments section),Number determined using Rates data,1068,,Number of connections known,,220,,Number of connections known,,230,,Number of connections known,,2913,,3 - Less Reliable,485912,,109850,,4 - Reliable,1,,4 - Reliable,0,,Measure Not Applicable,No by-products,Measure Not Applicable,,Measure Not Applicable,Measure Not Applicable,No by-products,Measure Not Applicable,0,,Measure Not Applicable,No Screenings generated,,4 - Reliable,Measure Not Applicable,,Yes,,4 - Reliable,711,,Yes,300,,10,,3 - Less Reliable,143790,No,,141107,,64039,,3.2,4 - Reliable,1957,,4 - Reliable
ACC-00001011,Taupo District Council,MAN002,Mangakino,30.10907,,1,,Spring,,690,,Other (Please identify in the comments section),Number determined using Rates data,708,,Number of connections known,,35,,Number of connections known,,49,,Number of connections known,,1901,,3 - Less Reliable,217358,,28254,,4 - Reliable,1,,4 - Reliable,0,,Measure Not Applicable,No by-products,Measure Not Applicable,,Measure Not Applicable,Measure Not Applicable,No by-products,Measure Not Applicable,0,,Measure Not Applicable,No Screenings generated,,4 - Reliable,Measure Not Applicable,,Yes,,4 - Reliable,510,,Yes,300,,0,,4 - Reliable,77839,No,,77057,,20119,,3.8,4 - Reliable,2867,,4 - Reliable
ACC-00001011,Taupo District Council,MOT002,Motuoapa,17.05182,,1,,Lake,,464,,Other (Please identify in the comments section),Number determined using Rates data,472,,Number of connections known,,6,,Number of connections known,,7,,Number of connections known,,1178,,3 - Less Reliable,96132,,3010,,4 - Reliable,2,,4 - Reliable,0,,Measure Not Applicable,No by-products,Measure Not Applicable,,Measure Not Applicable,Measure Not Applicable,No by-products,Measure Not Applicable,0,,Measure Not Applicable,No Screenings generated,,4 - Reliable,Measure Not Applicable,,Yes,,4 - Reliable,667,,Yes,300,,0,,4 - Reliable,16925,No,,16769,,16990,,1,4 - Reliable,4135,,4 - Reliable
ACC-00001011,Taupo District Council,MOT010,Motutere Camping Ground,0.55418,,1,,Lake,,1,,Other (Please identify in the comments section),Number determined using Rates data,1,,Number of connections known,,0,Measure Not Applicable,Number of connections known,,0,Measure Not Applicable,Number of connections known,,400,,3 - Less Reliable,10069,,10069,,4 - Reliable,1,,4 - Reliable,0,,Measure Not Applicable,No by-products,Measure Not Applicable,,Measure Not Applicable,Measure Not Applicable,No by-products,Measure Not Applicable,0,,Measure Not Applicable,No Screenings generated,,4 - Reliable,Measure Not Applicable,,Yes,,4 - Reliable,,Measure Not Applicable,Yes,300,,0,,4 - Reliable,,,Measure Not Applicable,,Measure Not Applicable,,Measure Not Applicable,,,,Measure Not Applicable,
ACC-00001011,Taupo District Council,OMO001,Omori/Kurutau/Pukawa,38.02816,,1,,Lake,,1132,,Other (Please identify in the comments section),Number determined using Rates data,1134,,Number of connections known,,117,,Number of connections known,,118,,Number of connections known,,2608,,3 - Less Reliable,168995,,17849,,4 - Reliable,2,,4 - Reliable,0,,Measure Not Applicable,No by-products,Measure Not Applicable,,Measure Not Applicable,Measure Not Applicable,No by-products,Measure Not Applicable,0,,Measure Not Applicable,No Screenings generated,,4 - Reliable,Measure Not Applicable,,Yes,,4 - Reliable,569,,Yes,300,,20,,3 - Less Reliable,56066,No,,55540,,32204,,1.7,4 - Reliable,589,,4 - Reliable
ACC-00001011,Taupo District Council,RIV003,River Rd Reporoa,13.49937,,1,,Spring,,64,,Other (Please identify in the comments section),Number determined using Rates data,65,,Number of connections known,,51,,Number of connections known,,61,,Number of connections known,,183,,3 - Less Reliable,47839,,16580,,4 - Reliable,1,,4 - Reliable,0,,Measure Not Applicable,No by-products,Measure Not Applicable,,Measure Not Applicable,Measure Not Applicable,No by-products,Measure Not Applicable,0,,Measure Not Applicable,No Screenings generated,,4 - Reliable,Measure Not Applicable,,Yes,,4 - Reliable,441,,Yes,200,,0,,4 - Reliable,16513,No,,16133,,4790,,3.4,4 - Reliable,891,,4 - Reliable
ACC-00001011,Taupo District Council,TAU001,Taupo  - Lake Terrace,421.61538,,1,,Lake,,11499,,Other (Please identify in the comments section),Number determined using Rates data,12344,,Number of connections known,,1674,,Number of connections known,,2140,,Number of connections known,,31390,,3 - Less Reliable,5043405,,1211682,,4 - Reliable,6,,4 - Reliable,2755,,Other (Please identify in the comments section),Sludge is discharged to sewer.,,61615,,Freshwater,Clarified Backwash Water is discharged to Lake Taupo,,0,,Measure Not Applicable,No Screenings generated,,,Measure Not Applicable,,Yes,,4 - Reliable,486,,Yes,300,,250,,3 - Less Reliable,778958,No,,318456,,749681,,2.4,4 - Reliable,1750,,4 - Reliable
ACC-00001011,Taupo District Council,TIR002,Tirohanga Valley Community,46.49334,,1,,Spring,,4,,Other (Please identify in the comments section),Number determined using Rates data,4,,Number of connections known,,102,,Number of connections known,,169,,Number of connections known,,451,,3 - Less Reliable,300962,,177634,,4 - Reliable,3,,4 - Reliable,0,,Measure Not Applicable,No by-products,Measure Not Applicable,,Measure Not Applicable,Measure Not Applicable,No by-products,Measure Not Applicable,0,,Measure Not Applicable,No Screenings generated,,4 - Reliable,Measure Not Applicable,,Yes,,4 - Reliable,784,,Yes,200,,0,,4 - Reliable,121807,No,,117953,,24938,,4.7,4 - Reliable,3754,,4 - Reliable
ACC-00001011,Taupo District Council,TUR001,Turangi,79.26078,,1,,Spring,,1996,,Other (Please identify in the comments section),Number determined using Rates data,2052,,Number of connections known,,265,,Number of connections known,,315,,Number of connections known,,5328,,3 - Less Reliable,1155524,,280816,,4 - Reliable,1,,4 - Reliable,0,,Measure Not Applicable,No by-products,Measure Not Applicable,,Measure Not Applicable,Measure Not Applicable,No by-products,Measure Not Applicable,0,,Measure Not Applicable,No Screenings generated,,4 - Reliable,Measure Not Applicable,,Yes,,4 - Reliable,588,,Yes,300,,0,,4 - Reliable,492742,No,,485970,,70325,,6.9,4 - Reliable,3347,,4 - Reliable
ACC-00001011,Taupo District Council,WAI042,Waihaha Rural Area,34.31193,,1,,River/stream/creek,,0,Data Not Available,Other (Please identify in the comments section),Number determined using Rates data,0,,Number of connections known,,30,,Number of connections known,,34,,Number of connections known,,78,,3 - Less Reliable,78782,,71051,,4 - Reliable,4,,4 - Reliable,0,,Measure Not Applicable,No Sludge produced,Measure Not Applicable,10,,Freshwater,Backwash water discharged to stream,,,Data Not Available,Measure Not Applicable,No Screenings generated,,4 - Reliable,Measure Not Applicable,,Yes,,4 - Reliable,539,,Yes,200,,0,,4 - Reliable,7287,No,,5787,,11439,,0.5,4 - Reliable,5562,,4 - Reliable
ACC-00001011,Taupo District Council,WHA009,Whakamoenga Point,3.73798,,1,,Lake,,51,,Other (Please identify in the comments section),Number determined using Rates data,52,,Number of connections known,,0,Measure Not Applicable,Number of connections known,,0,Measure Not Applicable,Number of connections known,,133,,3 - Less Reliable,32157,,17949,,4 - Reliable,1,,4 - Reliable,0,,Measure Not Applicable,No by-products,Measure Not Applicable,,Measure Not Applicable,Measure Not Applicable,No by-products,Measure Not Applicable,0,,Measure Not Applicable,No Screenings generated,,4 - Reliable,Measure Not Applicable,,Yes,,4 - Reliable,627,,Yes,300,,0,,4 - Reliable,13437,No,,13046,,2297,,5.7,4 - Reliable,833,,4 - Reliable
ACC-00001011,Taupo District Council,WHA010,Whareroa,6.45796,,2,,Bore,,174,,Other (Please identify in the comments section),Number determined using Rates data,179,,Number of connections known,,1,,Number of connections known,,1,,Number of connections known,,439,,3 - Less Reliable,22454,,11565,,4 - Reliable,1,,4 - Reliable,0,,Measure Not Applicable,No by-products,Measure Not Applicable,,Measure Not Applicable,Measure Not Applicable,No by-products,Measure Not Applicable,0,,Measure Not Applicable,No Screenings generated,,4 - Reliable,Measure Not Applicable,,Yes,,4 - Reliable,696,,Yes,300,,0,,4 - Reliable,10636,No,,10383,,3510,,3,4 - Reliable,297,,4 - Reliable
ACC-00001011,Taupo District Council,WHA011,Whakamaru,4.85967,,2,,Bore,,66,,Other (Please identify in the comments section),Number determined using Rates data,66,,Number of connections known,,12,,Number of connections known,,12,,Number of connections known,,172,,3 - Less Reliable,44421,,24341,,4 - Reliable,1,,4 - Reliable,0,,Measure Not Applicable,No by-products,Measure Not Applicable,,Measure Not Applicable,Measure Not Applicable,No by-products,Measure Not Applicable,0,,Measure Not Applicable,No Screenings generated,,4 - Reliable,Measure Not Applicable,,Yes,,4 - Reliable,490,,Yes,300,,0,,4 - Reliable,19687,No,,19156,,2571,,7.5,4 - Reliable,855,,4 - Reliable
ACC-00001011,Taupo District Council,WHA073,Whakamaru Settlers Hall,,Measure Not Applicable,1,,Other (Please identify in the comments section),roof,1,,Other (Please identify in the comments section),self-supplied building,1,,Number of connections known,,0,Measure Not Applicable,Number of connections known,,0,Measure Not Applicable,Number of connections known,,25,,3 - Less Reliable,,Data Not Available,,Data Not Available,2 - Uncertain,,Data Not Available,2 - Uncertain,0,,Measure Not Applicable,No by-products,Measure Not Applicable,,Measure Not Applicable,Measure Not Applicable,No by-products,Measure Not Applicable,0,,Measure Not Applicable,No Screenings generated,,4 - Reliable,Measure Not Applicable,,Yes,,4 - Reliable,,Measure Not Applicable,,,Measure Not Applicable,0,,2 - Uncertain,,,Measure Not Applicable,,Measure Not Applicable,,Measure Not Applicable,,2 - Uncertain,,Measure Not Applicable,2 - Uncertain
ACC-00008507,Tauranga City Council,TAU004,Tauranga,1484,,3,,River/stream/creek,,56812,,Estimation by residential buildings,,59032,,Estimation by residential buildings,,4137,,Estimation by non-residential buildings,,9853,,Estimation by non-residential buildings,,158045,,3 - Less Reliable,15252082,,3739048,,3 - Less Reliable,26,,4 - Reliable,359,,Landfill,All removed from site in skip bins. Solids are roughly 20 to 25% dry solids,,773462.02,,Other (Please identify in the comments section),Zero Liquid Discharge. Backwash Recycled to head of works. Oropi had a average return of 8.931% and a production volume of 5679059m3. Waiari had an average return of 7.315% and production of 3639730m3. Joyce Road does not return its supernatant,,,Measure Not Applicable,Measure Not Applicable,No mechanical screening prior to treatment process that generates a waste stream.,Measure Not Applicable,3 - Less Reliable,Yes,,Yes,,4 - Reliable,553,,Yes,300,,113,,4 - Reliable,2223571,No,,2006268,,1584990,,1.27,3 - Less Reliable,431,,2 - Uncertain
ACC-00001125,Thames Coromandel District Council,COR001,Coromandel Town,36,,2,,River/stream/creek,,986,,Other (Please identify in the comments section),3 Waters assessment by Rates database,1194,,Other (Please identify in the comments section),Assessment by Rate type. Residential properties in the suburbs of water network area.,85,,Other (Please identify in the comments section),3 Waters assessment by Rates database,69,,Other (Please identify in the comments section),Assessment by Rate type. Non - Residential properties in the suburbs of water network area.,2019,,4 - Reliable,253474,,37508,,5 - Highly Reliable,3,,5 - Highly Reliable,,Data Not Available,Other (Please identify in the comments section),Waste is directed to the wastewater treatment plant.,,,Data Not Available,Other (Please identify in the comments section),Waste is directed to the wastewater treatment plant.,,,Data Not Available,Other (Please identify in the comments section),Waste is directed to the wastewater treatment plant.,,5 - Highly Reliable,No,,Yes,,5 - Highly Reliable,566,,Yes,200,,,,4 - Reliable,106188,No,,101721,,31946,,3.2,5 - Highly Reliable,317,,5 - Highly Reliable
ACC-00001125,Thames Coromandel District Council,HAH001,Hahei,10,,1,,Bore,,137,,Other (Please identify in the comments section),3 Waters assessment by Rates database,671,,Other (Please identify in the comments section),Assessment by Rate type. Residential properties in the suburbs of water network area.,10,,Other (Please identify in the comments section),3 Waters assessment by Rates database,33,,Other (Please identify in the comments section),Assessment by Rate type. Non - Residential properties in the suburbs of water network area.,234,,4 - Reliable,22394,,1634,,4 - Reliable,2,,5 - Highly Reliable,,Data Not Available,Other (Please identify in the comments section),Waste is directed to the wastewater treatment plant.,,,Data Not Available,Other (Please identify in the comments section),Waste is directed to the wastewater treatment plant.,,,Data Not Available,Other (Please identify in the comments section),Waste is directed to the wastewater treatment plant.,,5 - Highly Reliable,No,,No,,5 - Highly Reliable,363,,Yes,200,,,,4 - Reliable,2838,No,,2704,,59,,0.67,5 - Highly Reliable,361,,4 - Reliable
ACC-00001125,Thames Coromandel District Council,MAT010,Matarangi,46,,1,,River/stream/creek,,1459,,Other (Please identify in the comments section),3 Waters assessment by Rates database,1787,,Other (Please identify in the comments section),Assessment by Rate type. Residential properties in the suburbs of water network area.,5,,Other (Please identify in the comments section),3 Waters assessment by Rates database,7,,Other (Please identify in the comments section),Assessment by Rate type. Non - Residential properties in the suburbs of water network area.,2107,,4 - Reliable,305432,,855,,4 - Reliable,1,,4 - Reliable,,Data Not Available,Other (Please identify in the comments section),Waste is directed to the wastewater treatment plant.,,,Data Not Available,Other (Please identify in the comments section),Waste is directed to the wastewater treatment plant.,,,Data Not Available,Other (Please identify in the comments section),Waste is directed to the wastewater treatment plant.,,5 - Highly Reliable,No,,Yes,,5 - Highly Reliable,510,,Yes,200,,,,4 - Reliable,76324,No,,74492,,38548,,1.9,5 - Highly Reliable,432,,4 - Reliable
ACC-00001125,Thames Coromandel District Council,ONE002,Onemana,8,,3,,Bore,,361,,Other (Please identify in the comments section),3 Waters assessment by Rates database,387,,Other (Please identify in the comments section),Assessment by Rate type. Residential properties in the suburbs of water network area.,2,,Other (Please identify in the comments section),3 Waters assessment by Rates database,6,,Other (Please identify in the comments section),Assessment by Rate type. Non - Residential properties in the suburbs of water network area.,200,,4 - Reliable,61285,,340,,4 - Reliable,1,,5 - Highly Reliable,,Data Not Available,Other (Please identify in the comments section),Waste is directed to the wastewater treatment plant.,,,Data Not Available,Other (Please identify in the comments section),Waste is directed to the wastewater treatment plant.,,,Data Not Available,Other (Please identify in the comments section),Waste is directed to the wastewater treatment plant.,,5 - Highly Reliable,No,,No,,5 - Highly Reliable,451,,Yes,200,,,,4 - Reliable,7623,No,,7255,,7265,,1,5 - Highly Reliable,407,,4 - Reliable
ACC-00001125,Thames Coromandel District Council,PAU001,Pauanui,58,,4,,River/stream/creek,,2502,,Other (Please identify in the comments section),3 Waters assessment by Rates database,2484,,Other (Please identify in the comments section),Assessment by Rate type. Residential properties in the suburbs of water network area.,17,,Other (Please identify in the comments section),3 Waters assessment by Rates database,29,,Other (Please identify in the comments section),Assessment by Rate type. Non - Residential properties in the suburbs of water network area.,1243,,4 - Reliable,380253,,29943,,5 - Highly Reliable,2,,5 - Highly Reliable,,Data Not Available,Other (Please identify in the comments section),Waste is directed to the wastewater treatment plant.,,,Data Not Available,Other (Please identify in the comments section),Waste is directed to the wastewater treatment plant.,,,Data Not Available,Other (Please identify in the comments section),Waste is directed to the wastewater treatment plant.,,5 - Highly Reliable,No,,Yes,,5 - Highly Reliable,470,,Yes,200,,,,4 - Reliable,129503,No,,122206,,54068,,2.3,5 - Highly Reliable,250,,5 - Highly Reliable
ACC-00001125,Thames Coromandel District Council,TAI002,Tairua,47,,2,,River/stream/creek,,1538,,Other (Please identify in the comments section),3 Waters assessment by Rates database,1753,,Other (Please identify in the comments section),Assessment by Rate type. Residential properties in the suburbs of water network area.,66,,Other (Please identify in the comments section),3 Waters assessment by Rates database,74,,Other (Please identify in the comments section),Assessment by Rate type. Non - Residential properties in the suburbs of water network area.,1716,,4 - Reliable,517805,,22221,,4 - Reliable,5,,5 - Highly Reliable,,Data Not Available,Other (Please identify in the comments section),Waste is directed to the wastewater treatment plant.,,,Data Not Available,Other (Please identify in the comments section),Waste is directed to the wastewater treatment plant.,,,Data Not Available,Other (Please identify in the comments section),Waste is directed to the wastewater treatment plant.,,5 - Highly Reliable,No,,Yes,,5 - Highly Reliable,480,,Yes,200,,,,4 - Reliable,189463,No,,186356,,38085,,4.9,5 - Highly Reliable,551,,4 - Reliable
ACC-00001125,Thames Coromandel District Council,THA001,Thames,108,,2,,River/stream/creek,,3579,,Other (Please identify in the comments section),3 Waters assessment by Rates database,3404,,Other (Please identify in the comments section),Assessment by Rate type. Residential properties in the suburbs of water network area.,274,,Other (Please identify in the comments section),3 Waters assessment by Rates database,390,,Other (Please identify in the comments section),Assessment by Rate type. Non - Residential properties in the suburbs of water network area.,8549,,4 - Reliable,1156994,,162921,,5 - Highly Reliable,2,,5 - Highly Reliable,,Data Not Available,Other (Please identify in the comments section),Waste is directed to the wastewater treatment plant.,,,Data Not Available,Other (Please identify in the comments section),Waste is directed to the wastewater treatment plant.,,,Data Not Available,Other (Please identify in the comments section),Waste is directed to the wastewater treatment plant.,,5 - Highly Reliable,No,,Yes,,5 - Highly Reliable,686,,Yes,200,,,,4 - Reliable,477882,No,,457358,,128909,,3.5,5 - Highly Reliable,411,,5 - Highly Reliable
ACC-00001125,Thames Coromandel District Council,THA002,Thames Valley,64,,3,,River/stream/creek,,331,,Other (Please identify in the comments section),3 Waters assessment by Rates database,327,,Other (Please identify in the comments section),Assessment by Rate type. Residential properties in the suburbs of water network area.,118,,Other (Please identify in the comments section),3 Waters assessment by Rates database,103,,Other (Please identify in the comments section),Assessment by Rate type. Non - Residential properties in the suburbs of water network area.,1182,,4 - Reliable,535276,,227436,,5 - Highly Reliable,7,,5 - Highly Reliable,,Data Not Available,Other (Please identify in the comments section),No Trreatment process to produce sludge,,,Data Not Available,Freshwater,Out of the three filter stations in Thames Valley one of tehm has sand filtes.,,,Data Not Available,Other (Please identify in the comments section),Waste is directed to the wastewater treatment plant.,,5 - Highly Reliable,No,,Yes,,5 - Highly Reliable,637,,Yes,200,,,,4 - Reliable,249323,No,,240406,,17385,,13.8,5 - Highly Reliable,558,,5 - Highly Reliable
ACC-00001125,Thames Coromandel District Council,WHA003,Whangamata,100,,8,,Bore,,4399,,Other (Please identify in the comments section),3 Waters assessment by Rates database,4812,,Other (Please identify in the comments section),Assessment by Rate type. Residential properties in the suburbs of water network area.,156,,Other (Please identify in the comments section),3 Waters assessment by Rates database,185,,Other (Please identify in the comments section),Assessment by Rate type. Non - Residential properties in the suburbs of water network area.,4752,,4 - Reliable,1153530,,40907,,4 - Reliable,5,,4 - Reliable,,Data Not Available,Other (Please identify in the comments section),Waste is directed to the wastewater treatment plant.,,,Data Not Available,Other (Please identify in the comments section),Waste is directed to the wastewater treatment plant.,,,Data Not Available,Other (Please identify in the comments section),Waste is directed to the wastewater treatment plant.,,5 - Highly Reliable,No,,No,,5 - Highly Reliable,423,,Yes,200,,,,4 - Reliable,389614,No,,382693,,85955,,4.5,5 - Highly Reliable,455,,4 - Reliable
ACC-00001125,Thames Coromandel District Council,WHI001,Whitianga,118,,1,,River/stream/creek,,3826,,Other (Please identify in the comments section),3 Waters assessment by Rates database,4545,,Other (Please identify in the comments section),Assessment by Rate type. Residential properties in the suburbs of water network area.,189,,Other (Please identify in the comments section),3 Waters assessment by Rates database,247,,Other (Please identify in the comments section),Assessment by Rate type. Non - Residential properties in the suburbs of water network area.,6623,,4 - Reliable,1025712,,62742,,5 - Highly Reliable,3,,4 - Reliable,,Data Not Available,Other (Please identify in the comments section),Waste is directed to the wastewater treatment plant.,,,Data Not Available,Other (Please identify in the comments section),Waste is directed to the wastewater treatment plant.,,,Data Not Available,Other (Please identify in the comments section),Waste is directed to the wastewater treatment plant.,,5 - Highly Reliable,No,,Yes,,5 - Highly Reliable,500,,Yes,200,,,,4 - Reliable,229875,No,,210026,,101262,,2.1,5 - Highly Reliable,539,,5 - Highly Reliable
ACC-00008504,Timaru District Council,DOW001,Downlands,1030,,1,,Infiltration gallery,,1726,,Other (Please identify in the comments section),Based on TDC rating information for the scheme.,1499,,Other (Please identify in the comments section),Based on TDC rating information for the scheme.,367,,Number of connections known,,54,,,Based on TDC rating information for the scheme.,4550,,4 - Reliable,1383393.41,,,Data Not Available,5 - Highly Reliable,12,,5 - Highly Reliable,0,Measure Not Applicable,Measure Not Applicable,No sludge produced.,Measure Not Applicable,650,,Other (Please identify in the comments section),Concentrated backwash water is tankered to wastewater treatment plant.,,0,Measure Not Applicable,Measure Not Applicable,,Measure Not Applicable,5 - Highly Reliable,Yes,,Yes,,5 - Highly Reliable,911,,Yes,200,,,Data Not Available,5 - Highly Reliable,975939.5312,No,,287887.9592,,688051.572,,0.418410437,4 - Reliable,,Data Not Available,5 - Highly Reliable
ACC-00008504,Timaru District Council,GER001,Geraldine,29,,4,,Bore,,1566,,Other (Please identify in the comments section),Based on TDC rating information for the scheme.,1502,,Other (Please identify in the comments section),Based on TDC rating information for the scheme.,124,,Number of connections known,,122,,Other (Please identify in the comments section),Based on TDC rating information for the scheme.,2121,,4 - Reliable,510466.95,,578529.0365,,5 - Highly Reliable,1,,5 - Highly Reliable,0,Measure Not Applicable,Measure Not Applicable,No sludge produced.,Measure Not Applicable,0,Measure Not Applicable,Measure Not Applicable,,Measure Not Applicable,0,Measure Not Applicable,Measure Not Applicable,,Measure Not Applicable,5 - Highly Reliable,Measure Not Applicable,,Measure Not Applicable,,5 - Highly Reliable,549,,Yes,200,,,Data Not Available,5 - Highly Reliable,143290.8643,No,,107651.6803,,35639.184,,3.020598908,5 - Highly Reliable,,Data Not Available,5 - Highly Reliable
ACC-00008504,Timaru District Council,PAR002,Pareora,,Data Not Available,1,,Bore,,184,,Other (Please identify in the comments section),Based on TDC rating information for the scheme.,,Data Not Available,Data Not Available,,,Data Not Available,Number of connections known,,,Data Not Available,Data Not Available,,450,,4 - Reliable,32257.11,,,Data Not Available,5 - Highly Reliable,1,,5 - Highly Reliable,0,Measure Not Applicable,Measure Not Applicable,No sludge produced.,Measure Not Applicable,0,Measure Not Applicable,Measure Not Applicable,,Measure Not Applicable,0,Measure Not Applicable,Measure Not Applicable,,Measure Not Applicable,5 - Highly Reliable,Measure Not Applicable,,Measure Not Applicable,,5 - Highly Reliable,,Data Not Available,Yes,200,,,Data Not Available,5 - Highly Reliable,,No,Data Not Available,,Data Not Available,,Data Not Available,,2 - Uncertain,,Data Not Available,5 - Highly Reliable
ACC-00008504,Timaru District Council,PEE001,Peel Forest,2,,1,,Bore,,36,,Other (Please identify in the comments section),Based on TDC rating information for the scheme.,34,,Other (Please identify in the comments section),Based on TDC rating information for the scheme.,3,,Number of connections known,,3,,Other (Please identify in the comments section),Based on TDC rating information for the scheme.,130,,4 - Reliable,4784.84,,,Data Not Available,5 - Highly Reliable,1,,5 - Highly Reliable,0,Measure Not Applicable,Measure Not Applicable,No sludge produced.,Measure Not Applicable,0,Measure Not Applicable,Measure Not Applicable,,Measure Not Applicable,0,Measure Not Applicable,Measure Not Applicable,,Measure Not Applicable,5 - Highly Reliable,Measure Not Applicable,,Measure Not Applicable,,5 - Highly Reliable,,Data Not Available,Yes,200,,,Data Not Available,5 - Highly Reliable,,No,Data Not Available,,Data Not Available,,Data Not Available,,2 - Uncertain,,Data Not Available,5 - Highly Reliable
ACC-00008504,Timaru District Council,PLE001,Pleasant Point,17,,3,,Bore,,635,,Other (Please identify in the comments section),Based on TDC rating information for the scheme.,620,,Other (Please identify in the comments section),Based on TDC rating information for the scheme.,49,,Number of connections known,,48,,Other (Please identify in the comments section),Based on TDC rating information for the scheme.,1200,,4 - Reliable,243307,,164827,,5 - Highly Reliable,3,,5 - Highly Reliable,0,Measure Not Applicable,Measure Not Applicable,No sludge produced.,Measure Not Applicable,0,Measure Not Applicable,Measure Not Applicable,,Measure Not Applicable,0,Measure Not Applicable,Measure Not Applicable,,Measure Not Applicable,5 - Highly Reliable,Measure Not Applicable,,Measure Not Applicable,,5 - Highly Reliable,352,,Yes,200,,,Data Not Available,5 - Highly Reliable,87295.701,No,,75506.493,,11789.208,,6.404712937,5 - Highly Reliable,,Data Not Available,5 - Highly Reliable
ACC-00008504,Timaru District Council,RAN003,Rangitata Huts,2,,1,,Bore,,113,,Other (Please identify in the comments section),Based on TDC rating information for the scheme.,113,,Other (Please identify in the comments section),Based on TDC rating information for the scheme.,,Data Not Available,Data Not Available,,,Data Not Available,Data Not Available,,100,,4 - Reliable,0,Data Not Available,,Data Not Available,5 - Highly Reliable,4,,5 - Highly Reliable,0,Measure Not Applicable,Measure Not Applicable,No sludge produced.,Measure Not Applicable,0,Measure Not Applicable,Measure Not Applicable,,Measure Not Applicable,0,Measure Not Applicable,Measure Not Applicable,,Measure Not Applicable,5 - Highly Reliable,Measure Not Applicable,,Measure Not Applicable,,5 - Highly Reliable,,Data Not Available,Yes,200,,,Data Not Available,5 - Highly Reliable,,No,Data Not Available,,Data Not Available,,Data Not Available,,2 - Uncertain,,Data Not Available,5 - Highly Reliable
ACC-00008504,Timaru District Council,SEA001,Seadown,189,,1,,Bore,,383,,Other (Please identify in the comments section),Based on TDC rating information for the scheme.,337,,Other (Please identify in the comments section),Based on TDC rating information for the scheme.,75,,Number of connections known,,27,,Other (Please identify in the comments section),Based on TDC rating information for the scheme.,895,,4 - Reliable,351805.4,,195072.425,,5 - Highly Reliable,2,,5 - Highly Reliable,0,Measure Not Applicable,Measure Not Applicable,No sludge produced.,Measure Not Applicable,0,Measure Not Applicable,Measure Not Applicable,,Measure Not Applicable,0,Measure Not Applicable,Measure Not Applicable,,Measure Not Applicable,5 - Highly Reliable,Measure Not Applicable,,Measure Not Applicable,,5 - Highly Reliable,323,,Yes,200,,,Data Not Available,5 - Highly Reliable,196443.9711,No,,152479.7211,,43964.25,,3.468266173,5 - Highly Reliable,,Data Not Available,5 - Highly Reliable
ACC-00008504,Timaru District Council,STA004,St Andrews,,Data Not Available,1,,Bore,,167,,Other (Please identify in the comments section),Based on TDC rating information for the scheme.,,Data Not Available,Data Not Available,,,Data Not Available,Number of connections known,,,Data Not Available,Data Not Available,,280,,4 - Reliable,50652.3,,,Data Not Available,5 - Highly Reliable,1,,5 - Highly Reliable,0,Measure Not Applicable,Measure Not Applicable,No sludge produced.,Measure Not Applicable,0,Measure Not Applicable,Measure Not Applicable,,Measure Not Applicable,0,Measure Not Applicable,Measure Not Applicable,,Measure Not Applicable,5 - Highly Reliable,Measure Not Applicable,,Measure Not Applicable,,5 - Highly Reliable,,Data Not Available,Yes,200,,,Data Not Available,5 - Highly Reliable,,No,Data Not Available,,Data Not Available,,Data Not Available,,2 - Uncertain,,Data Not Available,5 - Highly Reliable
ACC-00008504,Timaru District Council,TEM001,Temuka,68,,4,,Bore,,2104,,Other (Please identify in the comments section),Based on TDC rating information for the scheme.,2134,,Other (Please identify in the comments section),Based on TDC rating information for the scheme.,148,,Number of connections known,,171,,Other (Please identify in the comments section),Based on TDC rating information for the scheme.,4620,,4 - Reliable,1074252.894,,660514.8,,5 - Highly Reliable,1,,5 - Highly Reliable,0,Measure Not Applicable,Measure Not Applicable,No sludge produced.,Measure Not Applicable,0,Measure Not Applicable,Measure Not Applicable,,Measure Not Applicable,0,Measure Not Applicable,Measure Not Applicable,,Measure Not Applicable,5 - Highly Reliable,Measure Not Applicable,,Measure Not Applicable,,5 - Highly Reliable,392,,Yes,200,,,Data Not Available,5 - Highly Reliable,442879.9818,No,,401889.0218,,40990.96,,9.804332999,5 - Highly Reliable,,Data Not Available,5 - Highly Reliable
ACC-00008504,Timaru District Council,TEM002,Te Moana,207,,2,,Infiltration gallery,,554,,Other (Please identify in the comments section),Based on TDC rating information for the scheme.,456,,Other (Please identify in the comments section),Based on TDC rating information for the scheme.,83,,Number of connections known,,11,,Other (Please identify in the comments section),Based on TDC rating information for the scheme.,1650,,4 - Reliable,285743.7,,290854.63,,5 - Highly Reliable,2,,5 - Highly Reliable,0,Data Not Available,Measure Not Applicable,No sludge produced.,Measure Not Applicable,300,,Other (Please identify in the comments section),Concentrated backwash water is tankered to wastewater treatment plant.,,0,Measure Not Applicable,Measure Not Applicable,,Measure Not Applicable,5 - Highly Reliable,Measure Not Applicable,,Measure Not Applicable,,5 - Highly Reliable,607,,Yes,200,,,Data Not Available,5 - Highly Reliable,271456.0197,No,,173956.9277,,97499.092,,1.784190233,5 - Highly Reliable,,Data Not Available,5 - Highly Reliable
ACC-00008504,Timaru District Council,TIM001,Timaru,354,,2,,Other (Please identify in the comments section),Sources- Infiltration Galley and Pareora River,12729,,Other (Please identify in the comments section),Based on TDC rating information for the scheme.,12114,,Other (Please identify in the comments section),Based on TDC rating information for the scheme.,1140,,Number of connections known,,1125,,Other (Please identify in the comments section),Based on TDC rating information for the scheme.,27144,,4 - Reliable,6499482.9,,5348975.225,,5 - Highly Reliable,13,,5 - Highly Reliable,0,Measure Not Applicable,Measure Not Applicable,No sludge produced.,Measure Not Applicable,0,Measure Not Applicable,Measure Not Applicable,,Measure Not Applicable,0,Measure Not Applicable,Measure Not Applicable,,Measure Not Applicable,5 - Highly Reliable,Yes,,Yes,,5 - Highly Reliable,637,,Yes,200,,,Data Not Available,5 - Highly Reliable,1493294.108,No,,1090291.768,,403002.34,,2.7,5 - Highly Reliable,,Data Not Available,5 - Highly Reliable
ACC-00001016,Waikato District Council,HUN002,Huntly-Ngaruawahia,302,,2,,River/stream/creek,,6460,,Number of metered connections,,6460,,Number of connections known,,432,,Number of metered connections,,432,,Number of connections known,,17442,,4 - Reliable,2395429,,118222,,4 - Reliable,2,,5 - Highly Reliable,,Data Not Available,Other (Please identify in the comments section),"Huntly -  Huntly WWTP, Ngaaruawaahia - Ngaaruawaahia WWTP.",,,Data Not Available,Other (Please identify in the comments section),"Huntly -  Huntly WWTP, Ngaaruawaahia - Ngaaruawaahia WWTP.",,,Measure Not Applicable,Measure Not Applicable,,Measure Not Applicable,4 - Reliable,,,Yes,,5 - Highly Reliable,455,,Yes,200,,0,,5 - Highly Reliable,857792,Yes,,725903,,165210,,4.39,4 - Reliable,,Measure Not Applicable,1 - Very Uncertain
ACC-00001016,Waikato District Council,NOR013,North Western District,26,,,Measure Not Applicable,River/stream/creek,,10,,Number of metered connections,,10,,Number of connections known,,0,Measure Not Applicable,Number of metered connections,,0,Measure Not Applicable,Number of connections known,,27,,4 - Reliable,8759,,0,Measure Not Applicable,4 - Reliable,0,Measure Not Applicable,5 - Highly Reliable,,Measure Not Applicable,Measure Not Applicable,Linked supply - HCC,Measure Not Applicable,,Measure Not Applicable,Measure Not Applicable,Linked supply - HCC,Measure Not Applicable,,Measure Not Applicable,Measure Not Applicable,Linked supply - HCC,Measure Not Applicable,4 - Reliable,,,,,5 - Highly Reliable,350,,Yes,200,,0,,5 - Highly Reliable,4288,Yes,,3916,,555,,7.05,4 - Reliable,,Measure Not Applicable,1 - Very Uncertain
ACC-00001016,Waikato District Council,ONE004,Onewhero,1,,1,,Spring,,10,,Number of metered connections,,10,,Number of connections known,,0,Measure Not Applicable,Number of metered connections,,0,Measure Not Applicable,Number of connections known,,27,,4 - Reliable,4797,,0,Measure Not Applicable,4 - Reliable,0,,5 - Highly Reliable,,Measure Not Applicable,Measure Not Applicable,No sludge produced.,Measure Not Applicable,,Measure Not Applicable,Measure Not Applicable,No backwash produced.,Measure Not Applicable,,Measure Not Applicable,Measure Not Applicable,,Measure Not Applicable,4 - Reliable,,,,,5 - Highly Reliable,400,,Yes,200,,0,,5 - Highly Reliable,3075,Yes,,3075,,343,,8.96,4 - Reliable,,Measure Not Applicable,1 - Very Uncertain
ACC-00001016,Waikato District Council,POK001,Pokeno,79,,,Measure Not Applicable,River/stream/creek,,2293,,Number of metered connections,,2293,,Number of connections known,,71,,Number of metered connections,,71,,Number of connections known,,6192,,4 - Reliable,526838,,31223,,4 - Reliable,0,Measure Not Applicable,5 - Highly Reliable,,Measure Not Applicable,Measure Not Applicable,Linked supply - WSL Auckland,Measure Not Applicable,,Measure Not Applicable,Measure Not Applicable,Linked supply - WSL Auckland,Measure Not Applicable,,Measure Not Applicable,Measure Not Applicable,Linked supply - WSL Auckland,Measure Not Applicable,4 - Reliable,,,,,5 - Highly Reliable,650,,Yes,200,,0,,5 - Highly Reliable,64460,Yes,,42893,,84737,,0.51,4 - Reliable,,Measure Not Applicable,1 - Very Uncertain
ACC-00001016,Waikato District Council,POR005,Port-Waikato,6,,1,,River/stream/creek,,15,,Number of metered connections,,15,,Number of connections known,,0,Measure Not Applicable,Number of metered connections,,0,Measure Not Applicable,Number of connections known,,41,,4 - Reliable,17269,,0,Measure Not Applicable,4 - Reliable,3,,5 - Highly Reliable,,Data Not Available,Other (Please identify in the comments section),Huntly WWTP,,,Data Not Available,Other (Please identify in the comments section),Huntly WWTP,,,Measure Not Applicable,Measure Not Applicable,,Measure Not Applicable,4 - Reliable,Yes,,Yes,,5 - Highly Reliable,400,,Yes,200,,0,,5 - Highly Reliable,10145,Yes,,9620,,2190,,4.39,4 - Reliable,,Measure Not Applicable,1 - Very Uncertain
ACC-00001016,Waikato District Council,RAG001,Raglan,62,,1,,Spring,,2170,,Number of metered connections,,2170,,Number of connections known,,99,,Number of metered connections,,99,,Number of connections known,,5859,,4 - Reliable,574191,,41456,,4 - Reliable,1,,5 - Highly Reliable,,Measure Not Applicable,Measure Not Applicable,No sludge produced.,Measure Not Applicable,,Measure Not Applicable,Measure Not Applicable,No backwash produced.,Measure Not Applicable,,Measure Not Applicable,Measure Not Applicable,,Measure Not Applicable,4 - Reliable,,,,,5 - Highly Reliable,570,,Yes,200,,0,,5 - Highly Reliable,189548,Yes,,170815,,61130,,2.79,4 - Reliable,,Measure Not Applicable,1 - Very Uncertain
ACC-00001016,Waikato District Council,SOU009,Southern District,221,,,Measure Not Applicable,River/stream/creek,,3251,,Number of metered connections,,3251,,Number of connections known,,17,,Number of metered connections,,17,,Number of connections known,,8778,,4 - Reliable,867144,,6715,,4 - Reliable,0,Measure Not Applicable,5 - Highly Reliable,,Measure Not Applicable,Measure Not Applicable,Linked supply - HCC,Measure Not Applicable,,Measure Not Applicable,Measure Not Applicable,Linked supply - HCC,Measure Not Applicable,,Measure Not Applicable,Measure Not Applicable,Linked supply - HCC,Measure Not Applicable,4 - Reliable,,,,,5 - Highly Reliable,350,,Yes,200,,0,,5 - Highly Reliable,184115,Yes,,141538,,101071,,1.4,4 - Reliable,,Measure Not Applicable,1 - Very Uncertain
ACC-00001016,Waikato District Council,TEA009,Te Akau,1,,,Measure Not Applicable,Spring,,27,,Number of metered connections,,27,,Number of connections known,,0,Measure Not Applicable,Number of metered connections,,0,Measure Not Applicable,Number of connections known,,73,,4 - Reliable,2188,,0,Measure Not Applicable,4 - Reliable,0,,5 - Highly Reliable,,Measure Not Applicable,Measure Not Applicable,No sludge produced.  Water tankered from Raglan.,Measure Not Applicable,,Measure Not Applicable,Measure Not Applicable,No backwash produced.  Water tankered from Raglan.,Measure Not Applicable,,Measure Not Applicable,Measure Not Applicable,,Measure Not Applicable,4 - Reliable,,,,,5 - Highly Reliable,400,,Yes,200,,0,,5 - Highly Reliable,1222,Yes,,1152,,690,,1.67,4 - Reliable,,Measure Not Applicable,1 - Very Uncertain
ACC-00001016,Waikato District Council,TEK001,Te Kauwhata,120,,,Measure Not Applicable,River/stream/creek,,2595,,Number of metered connections,,2595,,Number of connections known,,60,,Number of metered connections,,60,,Number of connections known,,7007,,4 - Reliable,708557,,82333,,4 - Reliable,0,,5 - Highly Reliable,,Data Not Available,Other (Please identify in the comments section),Backwash lagoons/Sludge ponds.,,,Data Not Available,Other (Please identify in the comments section),Backwash lagoons/Sludge ponds.,,,Measure Not Applicable,Measure Not Applicable,,Measure Not Applicable,4 - Reliable,,,Yes,,5 - Highly Reliable,380,,Yes,200,,0,,5 - Highly Reliable,79364,Yes,,54571,,65973,,0.83,4 - Reliable,,Measure Not Applicable,1 - Very Uncertain
ACC-00001016,Waikato District Council,TUA002,Tuakau,63,,,Measure Not Applicable,River/stream/creek,,1949,,Number of metered connections,,1949,,Number of connections known,,147,,Number of metered connections,,147,,Number of connections known,,5263,,4 - Reliable,539491,,57365,,4 - Reliable,0,Measure Not Applicable,5 - Highly Reliable,,Measure Not Applicable,Measure Not Applicable,Linked supply - WSL Auckland,Measure Not Applicable,,Measure Not Applicable,Measure Not Applicable,Linked supply - WSL Auckland,Measure Not Applicable,,Measure Not Applicable,Measure Not Applicable,Linked supply - WSL Auckland,Measure Not Applicable,4 - Reliable,,,,,5 - Highly Reliable,450,,Yes,200,,0,,5 - Highly Reliable,94297,Yes,,69422,,45665,,1.52,4 - Reliable,,Measure Not Applicable,1 - Very Uncertain
ACC-00001016,Waikato District Council,WES014,Western District,4,,,Measure Not Applicable,River/stream/creek,,43,,Number of metered connections,,43,,Number of connections known,,0,Measure Not Applicable,Number of metered connections,,0,Measure Not Applicable,Number of connections known,,117,,4 - Reliable,5077,,0,Measure Not Applicable,4 - Reliable,0,Measure Not Applicable,5 - Highly Reliable,,Measure Not Applicable,Measure Not Applicable,Linked supply - HCC,Measure Not Applicable,,Measure Not Applicable,Measure Not Applicable,Linked supply - HCC,Measure Not Applicable,,Measure Not Applicable,Measure Not Applicable,Linked supply - HCC,Measure Not Applicable,4 - Reliable,,,,,5 - Highly Reliable,350,,Yes,200,,0,,5 - Highly Reliable,393,Yes,,80,,1318,,0.06,3 - Less Reliable,,Measure Not Applicable,1 - Very Uncertain
ACC-00008589,Waimakariri District Council,CUS001,Cust,12,,1,,Bore,,134,,Estimation by residential buildings,,136,,Estimation by residential buildings,,7,,Estimation by non-residential buildings,,10,,Estimation by non-residential buildings,,335,,4 - Reliable,76905.20501,,6252,,4 - Reliable,1,,5 - Highly Reliable,,Measure Not Applicable,Measure Not Applicable,,Measure Not Applicable,,Measure Not Applicable,Measure Not Applicable,,Measure Not Applicable,,Measure Not Applicable,Measure Not Applicable,,Measure Not Applicable,5 - Highly Reliable,Measure Not Applicable,,Measure Not Applicable,,5 - Highly Reliable,376.967626,,Yes,250,,0,,5 - Highly Reliable,3468.96,No,,3468.96,,4302.623796,,0.806242926,4 - Reliable,1353.429593,,4 - Reliable
ACC-00008589,Waimakariri District Council,GAR001,Garrymere,5,,1,,Bore,,42,,Estimation by residential buildings,,42,,Estimation by residential buildings,,0,,Estimation by non-residential buildings,,0,,Estimation by non-residential buildings,,105,,4 - Reliable,50235.588,,0,,4 - Reliable,1,,5 - Highly Reliable,,Measure Not Applicable,Measure Not Applicable,,Measure Not Applicable,,Measure Not Applicable,Measure Not Applicable,,Measure Not Applicable,,Measure Not Applicable,Measure Not Applicable,,Measure Not Applicable,5 - Highly Reliable,Measure Not Applicable,,Measure Not Applicable,,5 - Highly Reliable,642.335575,,Yes,150,,0,,5 - Highly Reliable,4204.542949,No,,4204.542949,,2868.9,,1.465559256,4 - Reliable,3002.677433,,4 - Reliable
ACC-00008589,Waimakariri District Council,KAI003,Kaiapoi,190,,6,,Bore,,5714,,Estimation by residential buildings,,5804,,Estimation by residential buildings,,194,,Estimation by non-residential buildings,,355,,Estimation by non-residential buildings,,14285,,4 - Reliable,1684406.174,,221946,,4 - Reliable,6,,5 - Highly Reliable,,Measure Not Applicable,Measure Not Applicable,,Measure Not Applicable,,Measure Not Applicable,Measure Not Applicable,,Measure Not Applicable,,Measure Not Applicable,Measure Not Applicable,,Measure Not Applicable,5 - Highly Reliable,Measure Not Applicable,,Measure Not Applicable,,5 - Highly Reliable,394.22733,,Yes,250,,0,,5 - Highly Reliable,314333.5235,No,,314333.5235,,112282.1979,,2.79949564,4 - Reliable,541.962865,,4 - Reliable
ACC-00008589,Waimakariri District Council,MAN009,Mandeville,92,,1,,Bore,,989,,Estimation by residential buildings,,989,,Estimation by residential buildings,,0,,Estimation by non-residential buildings,,0,,Estimation by non-residential buildings,,2473,,4 - Reliable,492231.8586,,0,,4 - Reliable,1,,5 - Highly Reliable,,Measure Not Applicable,Measure Not Applicable,,Measure Not Applicable,,Measure Not Applicable,Measure Not Applicable,,Measure Not Applicable,,Measure Not Applicable,Measure Not Applicable,,Measure Not Applicable,5 - Highly Reliable,Measure Not Applicable,,Measure Not Applicable,,5 - Highly Reliable,523.7731765,,Yes,150,,0,,5 - Highly Reliable,272874,No,,272874,,44089.49033,,6.189093998,4 - Reliable,607.6647467,,4 - Reliable
ACC-00008589,Waimakariri District Council,OHO001,Ohoka,10,,1,,Bore,,140,,Estimation by residential buildings,,140,,Estimation by residential buildings,,0,,Estimation by non-residential buildings,,0,,Estimation by non-residential buildings,,350,,4 - Reliable,47655.36,,0,,4 - Reliable,1,,5 - Highly Reliable,,Measure Not Applicable,Measure Not Applicable,,Measure Not Applicable,,Measure Not Applicable,Measure Not Applicable,,Measure Not Applicable,,Measure Not Applicable,Measure Not Applicable,,Measure Not Applicable,5 - Highly Reliable,Measure Not Applicable,,Measure Not Applicable,,5 - Highly Reliable,401.091985,,Yes,150,,0,,5 - Highly Reliable,3854.4,No,,3854.4,,3698.08802,,1.042268323,4 - Reliable,857.1616438,,4 - Reliable
ACC-00008589,Waimakariri District Council,OXF101,Oxford Rural 1,155,,1,,Bore,,437,,Estimation by residential buildings,,437,,Estimation by residential buildings,,0,,Estimation by non-residential buildings,,0,,Estimation by non-residential buildings,,1093,,4 - Reliable,585176.7108,,0,,4 - Reliable,1,,5 - Highly Reliable,,Measure Not Applicable,Measure Not Applicable,,Measure Not Applicable,,Measure Not Applicable,Measure Not Applicable,,Measure Not Applicable,,Measure Not Applicable,Measure Not Applicable,,Measure Not Applicable,5 - Highly Reliable,Measure Not Applicable,,Measure Not Applicable,,5 - Highly Reliable,970.85835,,Yes,150,,0,,5 - Highly Reliable,242196.48,No,,242196.48,,89760.7854,,2.69824377,4 - Reliable,2150.278868,,4 - Reliable
ACC-00008589,Waimakariri District Council,OXF103,Oxford Urban - Rural 2,138,,1,,Bore,,1251,,Estimation by residential buildings,,1261,,Estimation by residential buildings,,34,,Estimation by non-residential buildings,,67,,Estimation by non-residential buildings,,3128,,4 - Reliable,677719.3025,,41888.4,,4 - Reliable,1,,5 - Highly Reliable,,Measure Not Applicable,Measure Not Applicable,,Measure Not Applicable,,Measure Not Applicable,Measure Not Applicable,,Measure Not Applicable,,Measure Not Applicable,Measure Not Applicable,,Measure Not Applicable,5 - Highly Reliable,Measure Not Applicable,,Measure Not Applicable,,5 - Highly Reliable,688.42683,,Yes,250,,0,,5 - Highly Reliable,161420.6613,No,,161420.6613,,68822.86554,,2.345451036,4 - Reliable,1030.732819,,4 - Reliable
ACC-00008589,Waimakariri District Council,PEG001,Woodend-Pegasus,180,,3,,Bore,,4312,,Estimation by residential buildings,,4325,,Estimation by residential buildings,,68,,Estimation by non-residential buildings,,132,,Estimation by non-residential buildings,,10780,,4 - Reliable,1152161.235,,82526.4,,4 - Reliable,3,,5 - Highly Reliable,,Measure Not Applicable,Measure Not Applicable,,Measure Not Applicable,18317,,Other (Please identify in the comments section),Wastewater reticulation network,Measure Not Applicable,,Measure Not Applicable,Measure Not Applicable,,Measure Not Applicable,5 - Highly Reliable,Measure Not Applicable,,Measure Not Applicable,,5 - Highly Reliable,468.8069032,,Yes,250,,0,,5 - Highly Reliable,45064.59595,No,,45064.59595,,113632.681,,0.396581296,4 - Reliable,649.0269944,,4 - Reliable
ACC-00008589,Waimakariri District Council,RAN001,Rangiora,271,,1,,Bore,,7846,,Estimation by residential buildings,,8202,,Estimation by residential buildings,,372,,Estimation by non-residential buildings,,689,,Estimation by non-residential buildings,,19615,,4 - Reliable,2542413.823,,430762.8,,4 - Reliable,1,,5 - Highly Reliable,,Measure Not Applicable,Measure Not Applicable,,Measure Not Applicable,,Measure Not Applicable,Measure Not Applicable,,Measure Not Applicable,,Measure Not Applicable,Measure Not Applicable,,Measure Not Applicable,5 - Highly Reliable,Measure Not Applicable,,Measure Not Applicable,,5 - Highly Reliable,541.32708,,Yes,250,,0,,5 - Highly Reliable,735467.4733,No,,735467.4733,,220936.5206,,3.328863292,4 - Reliable,459.6885989,,4 - Reliable
ACC-00008589,Waimakariri District Council,WAI011,Waikuku Beach,17,,1,,Bore,,480,,Estimation by residential buildings,,480,,Estimation by residential buildings,,2,,Estimation by non-residential buildings,,15,,Estimation by non-residential buildings,,1200,,4 - Reliable,230801.1914,,9378,,4 - Reliable,1,,5 - Highly Reliable,,Measure Not Applicable,Measure Not Applicable,,Measure Not Applicable,,Measure Not Applicable,Measure Not Applicable,,Measure Not Applicable,,Measure Not Applicable,Measure Not Applicable,,Measure Not Applicable,5 - Highly Reliable,Measure Not Applicable,,Measure Not Applicable,,5 - Highly Reliable,415.409694,,Yes,250,,0,,5 - Highly Reliable,34736.32258,No,,34736.32258,,10075.2667,,3.447682689,4 - Reliable,1065.56432,,4 - Reliable
ACC-00008589,Waimakariri District Council,WES004,West Eyreton,92,,1,,Bore,,404,,Estimation by residential buildings,,404,,Estimation by residential buildings,,0,,Estimation by non-residential buildings,,0,,Estimation by non-residential buildings,,1010,,4 - Reliable,213004.1036,,0,,4 - Reliable,1,,5 - Highly Reliable,,Measure Not Applicable,Measure Not Applicable,,Measure Not Applicable,,Measure Not Applicable,Measure Not Applicable,,Measure Not Applicable,,Measure Not Applicable,Measure Not Applicable,,Measure Not Applicable,5 - Highly Reliable,Measure Not Applicable,,Measure Not Applicable,,5 - Highly Reliable,665.871535,,Yes,150,,0,,5 - Highly Reliable,68363.04,No,,68363.04,,41298.23306,,1.65535024,4 - Reliable,980.8833826,,4 - Reliable
ACC-00001017,Waimate District Council,HOO001,Hook/Waituna Rural,260,,1,,Infiltration gallery,,294,,Estimation by residential buildings,,294,,Estimation by residential buildings,,199,,Estimation by non-residential buildings,,199,,Estimation by non-residential buildings,,962,,3 - Less Reliable,328606,,391541,,2 - Uncertain,2,,5 - Highly Reliable,0,,Measure Not Applicable,,Measure Not Applicable,0,,Measure Not Applicable,,,0,,Measure Not Applicable,,,5 - Highly Reliable,Yes,,Measure Not Applicable,,5 - Highly Reliable,450,,Yes,200,,110,,4 - Reliable,,,Data Not Available,,Data Not Available,,Data Not Available,,1 - Very Uncertain,,Data Not Available,1 - Very Uncertain
ACC-00001017,Waimate District Council,LOW002,Lower Waihao Rural,133,,1,,Bore,,65,,Estimation by residential buildings,,65,,Estimation by residential buildings,,196,,Estimation by non-residential buildings,,196,,Estimation by non-residential buildings,,700,,3 - Less Reliable,349515,,289872,,2 - Uncertain,1,,5 - Highly Reliable,0,,Measure Not Applicable,,Measure Not Applicable,0,,Measure Not Applicable,,,0,,Measure Not Applicable,,,5 - Highly Reliable,Measure Not Applicable,,Measure Not Applicable,,5 - Highly Reliable,730,,Yes,200,,0,,4 - Reliable,,,Data Not Available,,Data Not Available,,Data Not Available,,1 - Very Uncertain,,Data Not Available,1 - Very Uncertain
ACC-00001017,Waimate District Council,OTA005,Otaio/Makikihi Rural,158,,1,,Bore,,108,,Estimation by residential buildings,,108,,Estimation by residential buildings,,125,,Estimation by non-residential buildings,,125,,Estimation by non-residential buildings,,422,,3 - Less Reliable,261934,,308166,,2 - Uncertain,3,,5 - Highly Reliable,0,,Measure Not Applicable,,Measure Not Applicable,0,,Measure Not Applicable,,,0,,Measure Not Applicable,,,5 - Highly Reliable,Measure Not Applicable,,Measure Not Applicable,,5 - Highly Reliable,540,,Yes,200,,8,,4 - Reliable,,,Data Not Available,,Data Not Available,,Data Not Available,,1 - Very Uncertain,,Data Not Available,1 - Very Uncertain
ACC-00001017,Waimate District Council,WAI032,Waikakahi Rural,176,,1,,River/stream/creek,,35,,Estimation by residential buildings,,35,,Estimation by residential buildings,,141,,Estimation by non-residential buildings,,141,,Estimation by non-residential buildings,,344,,3 - Less Reliable,358096,,373384,,2 - Uncertain,3,,5 - Highly Reliable,0,,Measure Not Applicable,,Measure Not Applicable,0,,Measure Not Applicable,,,0,,Measure Not Applicable,,,5 - Highly Reliable,No,,Yes,,4 - Reliable,680,,Yes,200,,15,,4 - Reliable,,,Data Not Available,,Data Not Available,,Data Not Available,,1 - Very Uncertain,,Data Not Available,1 - Very Uncertain
ACC-00001017,Waimate District Council,WAI033,Waimate,90,,2,,Bore,,1867,,Estimation by residential buildings,,1867,,Estimation by residential buildings,,191,,Estimation by non-residential buildings,,191,,Estimation by non-residential buildings,,3416,,3 - Less Reliable,547701,,37786,,3 - Less Reliable,2,,5 - Highly Reliable,0,,Measure Not Applicable,,Measure Not Applicable,2496,,Land,,,0,,Measure Not Applicable,,,2 - Uncertain,Measure Not Applicable,,Measure Not Applicable,,5 - Highly Reliable,640,,Yes,200,,13,,4 - Reliable,,,Data Not Available,,Data Not Available,,Data Not Available,,1 - Very Uncertain,517,,4 - Reliable
ACC-00008578,Waipa District Council,CAM001,Cambridge,282,,3,,River/stream/creek,,7734,,Number of metered connections,,7879,,Estimation by residential buildings,,1147,,Number of metered connections,,998,,Estimation by non-residential buildings,,22191,,3 - Less Reliable,4174072,,2288191,,3 - Less Reliable,3,,5 - Highly Reliable,,Data Not Available,Other (Please identify in the comments section),Alpha St Plant produces about 20 tonnes per year to landfill but Karapiro's sludge is mixed with water and disposed of via the sewer so cannot get a total weight for sludge,,169146,,Freshwater,,,,Measure Not Applicable,Measure Not Applicable,,Measure Not Applicable,2 - Uncertain,Yes,,Yes,,5 - Highly Reliable,333,,Yes,200,,,Data Not Available,4 - Reliable,321260,No,,321260,,151802,,2.12,4 - Reliable,400,,4 - Reliable
ACC-00008578,Waipa District Council,KIH001,Kihikihi,46,,2,,Bore,,1165,,Number of metered connections,,1163,,Estimation by residential buildings,,265,,Number of metered connections,,244,,Estimation by non-residential buildings,,2984,,3 - Less Reliable,429396,,159605,,3 - Less Reliable,1,,5 - Highly Reliable,,Measure Not Applicable,Measure Not Applicable,Bore,Measure Not Applicable,,Measure Not Applicable,Measure Not Applicable,,,,Measure Not Applicable,Measure Not Applicable,,Measure Not Applicable,2 - Uncertain,Yes,,Yes,,5 - Highly Reliable,466,,Yes,200,,,Data Not Available,4 - Reliable,55859,No,,55859,,33970,,1.64,4 - Reliable,413,,4 - Reliable
ACC-00008578,Waipa District Council,PUK001,Pukerimu Rural,137,,1,,River/stream/creek,,199,,Number of metered connections,,199,,Estimation by residential buildings,,864,,Number of metered connections,,785,,Estimation by non-residential buildings,,511,,3 - Less Reliable,1212075,,962069,,3 - Less Reliable,2,,5 - Highly Reliable,1430,,Landfill,,,149335.04,,Other (Please identify in the comments section),Backwash water is recycled through a pond where the solids settle out,,,Measure Not Applicable,Measure Not Applicable,,Measure Not Applicable,2 - Uncertain,Yes,,Yes,,5 - Highly Reliable,664,,Yes,200,,,Data Not Available,4 - Reliable,170567,No,,170567,,94663,,1.8,4 - Reliable,446,,4 - Reliable
ACC-00008578,Waipa District Council,TEA001,Te Awamutu,158,,4,,River/stream/creek,,5310,,Number of metered connections,,5443,,Estimation by residential buildings,,1037,,Number of metered connections,,941,,Estimation by non-residential buildings,,14400,,3 - Less Reliable,2913940,,1687038,,3 - Less Reliable,9,,5 - Highly Reliable,40,,Landfill,,,,Measure Not Applicable,Freshwater,,,,Measure Not Applicable,Measure Not Applicable,,Measure Not Applicable,2 - Uncertain,Yes,,Yes,,5 - Highly Reliable,437,,Yes,200,,,Data Not Available,4 - Reliable,204537,No,,204537,,139299,,1.47,4 - Reliable,373,,4 - Reliable
ACC-00008575,Wairoa District Council,MAH005,Mahanga,,Data Not Available,1,,Bore,,62,,Estimation by residential buildings,,62,,Other (Please identify in the comments section),Data supplied from Rates - number of factors rated,0,,Estimation by non-residential buildings,,0,,Other (Please identify in the comments section),Data supplied from Rates - number of factors rated,100,,3 - Less Reliable,0,,0,,4 - Reliable,1,,5 - Highly Reliable,0,,,No sludge produced,,,Measure Not Applicable,Measure Not Applicable,,Measure Not Applicable,0,,Measure Not Applicable,,,,No,,Yes,,4 - Reliable,90,,No,,Measure Not Applicable,0,,2 - Uncertain,0,,Data Not Available,,,,,,,250,,3 - Less Reliable
ACC-00008575,Wairoa District Council,TUA005,Tuai,,Data Not Available,1,,River/stream/creek,,56,,Estimation by residential buildings,,56,,Other (Please identify in the comments section),Data supplied from Rates - number of factors rated,0,,Estimation by non-residential buildings,,0,,Other (Please identify in the comments section),Data supplied from Rates - number of factors rated,300,,3 - Less Reliable,68200,,0,,4 - Reliable,1,,5 - Highly Reliable,0,,,No sludge produced,,,Measure Not Applicable,Measure Not Applicable,,Measure Not Applicable,0,,Measure Not Applicable,,,,No,,Yes,,4 - Reliable,200,,No,,Measure Not Applicable,0,,2 - Uncertain,0,,Data Not Available,,,,,,,250,,3 - Less Reliable
ACC-00008575,Wairoa District Council,WAI006,Wairoa,,Data Not Available,1,,River/stream/creek,,1698,,Estimation by residential buildings,,1740,,Other (Please identify in the comments section),Data supplied from Rates - number of factors rated,206,,Estimation by non-residential buildings,,212,,Other (Please identify in the comments section),Data supplied from Rates - number of factors rated,4800,,3 - Less Reliable,2073535,,1025307,,4 - Reliable,2,,5 - Highly Reliable,350,,Landfill,,,,Data Not Available,Freshwater,,,0,,Measure Not Applicable,,,,No,,Yes,,4 - Reliable,450,,Yes,450,,5,,2 - Uncertain,,,,,,,,,,250,,3 - Less Reliable
ACC-00008499,Waitaki District Council,DUN004,Duntroon,7.5,,1,,Bore,,56,,Other (please provide comment),number of assessments with water levies,63,,Other (Please identify in the comments section),number of levies per assessment,11,,Other (Please identify in the comments section),Levies,19,,Other (Please identify in the comments section),number of levies per asssessment,81,,3 - Less Reliable,34502,,,Data Not Available,4 - Reliable,1,,5 - Highly Reliable,,Measure Not Applicable,,,Measure Not Applicable,,Measure Not Applicable,,,Measure Not Applicable,,Data Not Available,Measure Not Applicable,,Measure Not Applicable,3 - Less Reliable,Measure Not Applicable,,,,5 - Highly Reliable,230,,No,,Measure Not Applicable,,Measure Not Applicable,3 - Less Reliable,,No,Data Not Available,,Data Not Available,,Data Not Available,,3 - Less Reliable,,Data Not Available,3 - Less Reliable
ACC-00008499,Waitaki District Council,KUR001,Kurow,16.1,,2,,Bore,,242,,Other (Please identify in the comments section),number of assessments with water levies,248,,Other (Please identify in the comments section),number of levies per assessment,56,,Number of metered connections,Levies,60,,Other (Please identify in the comments section),number of levies per asssessment,330,,3 - Less Reliable,208456,,,Data Not Available,4 - Reliable,1,,5 - Highly Reliable,,Measure Not Applicable,,,Measure Not Applicable,,Measure Not Applicable,,,Measure Not Applicable,,Data Not Available,Measure Not Applicable,,Measure Not Applicable,3 - Less Reliable,Measure Not Applicable,,,,5 - Highly Reliable,630,,No,,Measure Not Applicable,,Measure Not Applicable,3 - Less Reliable,102710,No,,96,,11,,9,3 - Less Reliable,,Data Not Available,4 - Reliable
ACC-00008499,Waitaki District Council,LOW004,"Lower Waitaki, Rural",95,,2,,Bore,,138,,Other (Please identify in the comments section),number of assessments with water levies,170,,Other (Please identify in the comments section),number of levies per assessment,67,,Other (Please identify in the comments section),Levies,242,,Other (Please identify in the comments section),number of levies per asssessment,778,,3 - Less Reliable,216610,,,Data Not Available,4 - Reliable,1,,5 - Highly Reliable,,Measure Not Applicable,,,Measure Not Applicable,,Measure Not Applicable,,,Measure Not Applicable,,Data Not Available,Measure Not Applicable,,Measure Not Applicable,3 - Less Reliable,Measure Not Applicable,,,,5 - Highly Reliable,510,,No,,Measure Not Applicable,,Measure Not Applicable,3 - Less Reliable,,No,Data Not Available,,Data Not Available,,Data Not Available,,3 - Less Reliable,,Data Not Available,3 - Less Reliable
ACC-00008499,Waitaki District Council,OAM001,Oamaru,767,,1,,Other,Irrigation Race,7772,,Other (Please identify in the comments section),number of assessments with water levies,8182,,Other (Please identify in the comments section),number of levies per assessment,1591,,Other (Please identify in the comments section),Levies,2464,,Other (Please identify in the comments section),number of levies per asssessment,15713,,3 - Less Reliable,3771187,,,Data Not Available,4 - Reliable,0,,5 - Highly Reliable,205,,Other (Please identify in the comments section),Wastewater network,,2693,,Other (Please identify in the comments section),backwash goes through the thickener tank then to the Supernatant Tank or the sewer,,,Data Not Available,Land,Screenings are composted on site from the intake screen at Redcastle Road Pumpstation,,3 - Less Reliable,,,Yes,,4 - Reliable,590,,No,,Measure Not Applicable,,Measure Not Applicable,3 - Less Reliable,801540,No,,,Data Not Available,,Data Not Available,,3 - Less Reliable,,Data Not Available,3 - Less Reliable
ACC-00008499,Waitaki District Council,OHA005,Ohau Alpine Village,5.3,,1,,River/stream/creek,,74,,Other (Please identify in the comments section),number of assessments with water levies,74,,Other (Please identify in the comments section),number of levies per assessment,0,Measure Not Applicable,Other (Please identify in the comments section),Levies,0,Measure Not Applicable,Other (Please identify in the comments section),number of levies per asssessment,36,,3 - Less Reliable,,Data Not Available,0,Measure Not Applicable,4 - Reliable,1,,5 - Highly Reliable,,Measure Not Applicable,,,Measure Not Applicable,,Measure Not Applicable,,,Measure Not Applicable,,Data Not Available,Measure Not Applicable,,Measure Not Applicable,3 - Less Reliable,,,No,,3 - Less Reliable,410,,No,,Measure Not Applicable,,Measure Not Applicable,3 - Less Reliable,,No,Data Not Available,,Data Not Available,,Data Not Available,,3 - Less Reliable,,Data Not Available,3 - Less Reliable
ACC-00008499,Waitaki District Council,OMA001,Omarama,18.4,,3,,Bore,,289,,Other (Please identify in the comments section),number of assessments with water levies,298,,Other (Please identify in the comments section),number of levies per assessment,33,,Other (Please identify in the comments section),Levies,58,,Other (Please identify in the comments section),number of levies per asssessment,270,,3 - Less Reliable,323091,,,Data Not Available,4 - Reliable,1,,5 - Highly Reliable,,Measure Not Applicable,,,Measure Not Applicable,,Measure Not Applicable,,,Measure Not Applicable,,Data Not Available,Measure Not Applicable,,Measure Not Applicable,3 - Less Reliable,Measure Not Applicable,,,,5 - Highly Reliable,390,,No,,Measure Not Applicable,,Measure Not Applicable,3 - Less Reliable,111375,No,,,Data Not Available,,Data Not Available,,3 - Less Reliable,,Data Not Available,3 - Less Reliable
ACC-00008499,Waitaki District Council,OTE001,Otematata,19,,2,,Bore,,498,,Other (Please identify in the comments section),number of assessments with water levies,502,,Other (Please identify in the comments section),number of levies per assessment,28,,Other (Please identify in the comments section),Levies,33,,Other (Please identify in the comments section),number of levies per asssessment,195,,3 - Less Reliable,218363,,,Data Not Available,4 - Reliable,1,,5 - Highly Reliable,,Measure Not Applicable,,,Measure Not Applicable,,Measure Not Applicable,,,Measure Not Applicable,,Data Not Available,Measure Not Applicable,,Measure Not Applicable,3 - Less Reliable,Measure Not Applicable,,,,5 - Highly Reliable,400,,No,,Measure Not Applicable,,Measure Not Applicable,3 - Less Reliable,72988,No,,,Data Not Available,,Data Not Available,,3 - Less Reliable,,Data Not Available,3 - Less Reliable
ACC-00008499,Waitaki District Council,STO001,Stoneburn,86,,1,,River/stream/creek,,19,,Other (Please identify in the comments section),number of assessments with water levies,24,,Other (Please identify in the comments section),number of levies per assessment,43,,Other (Please identify in the comments section),Levies,307,,Other (Please identify in the comments section),number of levies per asssessment,86,,3 - Less Reliable,89032,,,Data Not Available,4 - Reliable,2,,5 - Highly Reliable,,Measure Not Applicable,,,Measure Not Applicable,,Measure Not Applicable,,,Measure Not Applicable,,Data Not Available,Land,,Measure Not Applicable,3 - Less Reliable,,,Yes,,4 - Reliable,517,,No,,Measure Not Applicable,,Measure Not Applicable,3 - Less Reliable,,No,Data Not Available,,Data Not Available,,Data Not Available,,3 - Less Reliable,,Data Not Available,3 - Less Reliable
ACC-00008499,Waitaki District Council,WAI215,Waihemo,214,,2,,Bore,,676,,Other (Please identify in the comments section),number of assessments with water levies,712,,Other (Please identify in the comments section),number of levies per assessment,193,,Other (Please identify in the comments section),Levies,331,,Other (Please identify in the comments section),number of levies per asssessment,1357,,3 - Less Reliable,429874,,,Data Not Available,4 - Reliable,1,,5 - Highly Reliable,,Measure Not Applicable,,,Measure Not Applicable,,Measure Not Applicable,,,Measure Not Applicable,,Data Not Available,Measure Not Applicable,,Measure Not Applicable,3 - Less Reliable,Measure Not Applicable,,,,5 - Highly Reliable,230,,No,,Measure Not Applicable,,Measure Not Applicable,3 - Less Reliable,43410,No,,,Data Not Available,,Data Not Available,,3 - Less Reliable,,Data Not Available,3 - Less Reliable
ACC-00008576,Waitomo District Council,BEN002,Benneydale,6,,2,,Bore,,112,,Other (Please identify in the comments section),Through rates billing,112,,,,3,,Other (Please identify in the comments section),Through rates billing,,,,,280,,4 - Reliable,32912,,,Measure Not Applicable,,4,,,,Measure Not Applicable,Other (Please identify in the comments section),Sludge disposed to Te Kuiti Wastewater Treatment Plant,,,Measure Not Applicable,Freshwater,,,,Measure Not Applicable,,,,4 - Reliable,No,,Yes,,4 - Reliable,300,,No,,,,Data Not Available,4 - Reliable,18306,Yes,,,Measure Not Applicable,,,,,250,,
ACC-00008576,Waitomo District Council,MOK002,"Mokau, Waitomo",14,,1,,Other (Please identify in the comments section),Dam,211,,Other (Please identify in the comments section),Through rates billing,211,,,,5,,Other (Please identify in the comments section),Through rates billing,,,,,200,,4 - Reliable,50536,,,Measure Not Applicable,,3,,,,Measure Not Applicable,Other (Please identify in the comments section),Sludge disposed to Te Kuiti Wastewater Treatment Plant,,560,,Other (Please identify in the comments section),Sludge disposed to Te Kuiti Wastewater Treatment Plant,,,Measure Not Applicable,,,,4 - Reliable,No,,No,,4 - Reliable,350,,No,,,,Data Not Available,4 - Reliable,3972,Yes,,,Measure Not Applicable,,,,,430,,
ACC-00008576,Waitomo District Council,PIO001,Piopio,9,,1,,River/stream/creek,,243,,Other (Please identify in the comments section),Through rates billing,243,,,,6,,Other (Please identify in the comments section),Through rates billing,,,,,470,,4 - Reliable,108676,,,Measure Not Applicable,,3,,,,Measure Not Applicable,Other (Please identify in the comments section),Sludge disposed to Te Kuiti Wastewater Treatment Plant,,12724,,Other (Please identify in the comments section),Sludge disposed to Te Kuiti Wastewater Treatment Plant,,,Measure Not Applicable,,,,4 - Reliable,No,,Yes,,4 - Reliable,350,,No,,,,Data Not Available,4 - Reliable,1456,Yes,,,Measure Not Applicable,,,,,530,,
ACC-00008576,Waitomo District Council,TEK003,Te Kuiti,59,,1,,River/stream/creek,,2094,,Other (Please identify in the comments section),Through rates billing,2094,,,,25,,Other (Please identify in the comments section),Through rates billing,,,,,4612,,4 - Reliable,1005314,,,Measure Not Applicable,,3,,,,Measure Not Applicable,Other (Please identify in the comments section),Sludge disposed to Te Kuiti Wastewater Treatment Plant,,,Measure Not Applicable,Other (Please identify in the comments section),Sludge disposed to Te Kuiti Wastewater Treatment Plant,,,Measure Not Applicable,,,,4 - Reliable,Yes,,Yes,,4 - Reliable,400,,No,,,,Data Not Available,4 - Reliable,179348,Yes,,,Measure Not Applicable,,,,,450,,
ACC-00001216,Watercare,AUC003,Auckland,10209.8,,16,,Lake,,436486,,Number of metered connections,,587266,,Number of connections known,,33028,,Number of metered connections,,33028,,Number of metered connections,,1630000,,4 - Reliable,160493058,,37944484,,4 - Reliable,94,,5 - Highly Reliable,16725,,Landfill,Sludge goes to landfill (either onsite or offsite),,3763850,,Other (Please identify in the comments section),"Plant dependent: Some backwash water is recycled back into the process (Ardmore, Huia, Papakura and Waitakere), Waikato WTPs is discharged into the Waikato River and some goes into the wastewater network.",,0,,Measure Not Applicable,"No screenings enter plant from, bore sources and dam sources. Waikato river screenings (sand) are included in sludge production value",,5 - Highly Reliable,Yes,,Yes,,5 - Highly Reliable,640,,Yes,200,,631,,4 - Reliable,31320631,No,,29754600.3,,13366961.41,,2.3,5 - Highly Reliable,490,,5 - Highly Reliable
ACC-00001216,Watercare,BOM003,Bombay,13.5,,1,,Spring,,183,,Number of metered connections,,183,,Number of connections known,,12,,Number of metered connections,,12,,Number of metered connections,,570,,4 - Reliable,70862,,3546,,4 - Reliable,1,,5 - Highly Reliable,0,,Measure Not Applicable,"Spring water source, no sludge waste produced.",,4842,,Other (Please identify in the comments section),Rejects from the Ion Exchange regeneration is pumped into a bulk waste tank onsite. Contents of the tank is then pumped to a tanker which then brings it to the Pukekohe Wastewater Pump Station,,0,,Measure Not Applicable,"Bore source, screenings are 0/tonnes per year.",,5 - Highly Reliable,Yes,,Yes,,5 - Highly Reliable,470,,Yes,200,,28,,4 - Reliable,33790,No,,32100.5,,9552.2252,,3.4,5 - Highly Reliable,626,,5 - Highly Reliable
ACC-00001216,Watercare,HEL005,Helensville/Parakai,49.3,,2,,River/stream/creek,,1542,,Number of metered connections,,1542,,Number of connections known,,190,,Number of metered connections,,190,,Number of metered connections,,4600,,4 - Reliable,338581,,48172,,4 - Reliable,15,,5 - Highly Reliable,0,,Measure Not Applicable,Clarifier bleeds sent to sewer,,8663,,Other (Please identify in the comments section),Backwash water sent to sewer,,0,,Measure Not Applicable,"No dam screening, 0/tonnes per year",,4 - Reliable,Yes,,Yes,,5 - Highly Reliable,440,,Yes,200,,0,,4 - Reliable,71920,No,,68324,,54706.7548,,1.2,5 - Highly Reliable,373,,5 - Highly Reliable
ACC-00001216,Watercare,HUI006,Huia Village,8.6,,1,,Lake,,248,,Number of metered connections,,248,,Number of connections known,,8,,Number of metered connections,,8,,Number of metered connections,,800,,4 - Reliable,55892,,2913,,4 - Reliable,1,,5 - Highly Reliable,0,,Measure Not Applicable,Every 6 months a sucker truck is used to suck out sediments slurry from the wastewater tank,,1933,,Other (Please identify in the comments section),Backwash water settles out in wastewater tank which is recycled - pumped to Lower Huia dam or stream,,0,,Measure Not Applicable,"No dam screening, 0/tonnes per year",,4 - Reliable,Yes,,Yes,,5 - Highly Reliable,640,,Yes,200,,2,,5 - Highly Reliable,22227,No,,21115.7,,8657.216,,2.4,5 - Highly Reliable,356,,5 - Highly Reliable
ACC-00001216,Watercare,MUR011,Muriwai,4.5,,2,,Spring,,201,,Number of metered connections,,201,,Number of connections known,,3,,Number of metered connections,,3,,Number of metered connections,,500,,4 - Reliable,54007,,8332,,4 - Reliable,1,,5 - Highly Reliable,0,,Measure Not Applicable,"Spring water source, no sludge waste produced.",,0,,Measure Not Applicable,No backwash water as there is no backwashing of cartridge filters,,0,,Measure Not Applicable,"Spring source, screenings are 0/tonnes per year",,5 - Highly Reliable,,,,,5 - Highly Reliable,270,,Yes,200,,76,,4 - Reliable,39990,No,,37990.5,,6007.4328,,6.3,5 - Highly Reliable,311,,5 - Highly Reliable
ACC-00001216,Watercare,SNE002,Snells/Algies,55.5,,2,,Bore,,2138,,Number of metered connections,,2138,,Number of connections known,,49,,Number of metered connections,,49,,Number of metered connections,,6500,,4 - Reliable,391101,,35907,,4 - Reliable,4,,5 - Highly Reliable,0,,Measure Not Applicable,"Bore water source, no sludge waste produced.",,1664,,Other (Please identify in the comments section),"Bore source, Backwash water goes to stream",,0,,Measure Not Applicable,"Bore source, screenings are 0/tonnes per year.",,4 - Reliable,,,,,5 - Highly Reliable,590,,Yes,200,,0,,4 - Reliable,137950,No,,131052.5,,66634.254,,2,5 - Highly Reliable,292,,5 - Highly Reliable
ACC-00001216,Watercare,WAI214,Waiuku,95.6,,4,,Bore,,3191,,Number of metered connections,,3191,,Number of connections known,,237,,Number of metered connections,,237,,Number of metered connections,,10000,,4 - Reliable,815513,,120810,,4 - Reliable,3,,5 - Highly Reliable,0,,Measure Not Applicable,"Bore water source, no sludge waste produced.",,26915.7,,Other (Please identify in the comments section),"Backwash water at Victoria Ave WTP and Cornwall Interim WTP go to the stormwater network.
Backwash water from Cornwall Road WTP is discharged to sewage while Backwash water from Waiuku Road WTP is recycled.",,0,,Measure Not Applicable,"Bore source, screenings are 0/tonnes per year.",,5 - Highly Reliable,,,,,5 - Highly Reliable,500,,Yes,200,,4,,4 - Reliable,170500,No,,161975,,111921.8188,,1.4,5 - Highly Reliable,356,,5 - Highly Reliable
ACC-00001216,Watercare,WAR006,Warkworth,79.3,,2,,Bore,,2170,,Number of metered connections,,2170,,Number of connections known,,353,,Number of metered connections,,353,,Number of metered connections,,7500,,4 - Reliable,597145,,179721,,4 - Reliable,3,,5 - Highly Reliable,0,,Measure Not Applicable,"Bore water source, no sludge waste produced.",,4640.5,,Other (Please identify in the comments section),Backwash water goes to sewer,,0,,Measure Not Applicable,"Bore source, screenings are 0/tonnes per year.",,4 - Reliable,,,,,5 - Highly Reliable,540,,Yes,200,,0,,5 - Highly Reliable,166780,No,,158441,,83041.2668,,1.9,5 - Highly Reliable,358,,5 - Highly Reliable
ACC-00001216,Watercare,WEL004,Wellsford/Te Hana,37.3,,1,,River/stream/creek,,766,,Number of metered connections,,766,,Number of connections known,,139,,Number of metered connections,,139,,Number of metered connections,,2700,,4 - Reliable,265890,,43793,,4 - Reliable,4,,5 - Highly Reliable,0,,Measure Not Applicable,Clarifier bleeds sent to river,,14015,,Other (Please identify in the comments section),Backwash water sent to river,,0,,Measure Not Applicable,No screenings produced from plant. 0/tonnes per year,,4 - Reliable,Yes,,Yes,,5 - Highly Reliable,490,,Yes,200,,0,,4 - Reliable,128030,No,,121628.5,,33644.0064,,3.6,5 - Highly Reliable,369,,5 - Highly Reliable
ACC-00008546,Wellington Water Ltd.,WEL003,Wellington Region Bulk Water,3048.67,,17,,Bore,"1. Ground water
2. Surface water",156646,,Estimation by residential buildings,,157456,,Estimation by residential buildings,,10538,,Other (Please identify in the comments section),Based on council supplied information as used in Water Loss calculations.,,Data Not Available,,,426000,,4 - Reliable,58959809,,9338586,,3 - Less Reliable,18,,4 - Reliable,2728,,Landfill,Sludge and backwash,,1192929,,Other (Please identify in the comments section),"Recycled, supernatant lagoon, sewer",,,Data Not Available,Freshwater,Leaves etc goes downstream,Data Not Available,2 - Uncertain,Yes,,Yes,,4 - Reliable,647,,Yes,Minimum 245 kPa - Maximum 882 kPa,,4109,,3 - Less Reliable,16165944,No,,22025907,,4148023,,3.9,4 - Reliable,550,,4 - Reliable
ACC-00001161,Western Bay of Plenty District Council,ATH003,Athenree,,Data Not Available,4,,Bore,,,Data Not Available,Number of metered connections,,,Data Not Available,Number of connections known,,,Data Not Available,Number of metered connections,,,Data Not Available,Number of metered connections,,,Data Not Available,4 - Reliable,,Data Not Available,,Data Not Available,4 - Reliable,4,,5 - Highly Reliable,0,Measure Not Applicable,Measure Not Applicable,,Measure Not Applicable,0,Measure Not Applicable,Measure Not Applicable,,Measure Not Applicable,0,Measure Not Applicable,Measure Not Applicable,,Measure Not Applicable,5 - Highly Reliable,Measure Not Applicable,,Measure Not Applicable,,5 - Highly Reliable,500,,Yes,500,,0,,5 - Highly Reliable,,No,Data Not Available,,Data Not Available,,Data Not Available,,4 - Reliable,,Data Not Available,4 - Reliable
ACC-00001161,Western Bay of Plenty District Council,KAT003,Katikati,293,,3,,Bore,,5592,,Number of metered connections,,5592,,Number of connections known,,2129,,Number of metered connections,,2129,,Number of metered connections,,14941,,4 - Reliable,2662563.98,,913629,,4 - Reliable,1,,5 - Highly Reliable,0,Measure Not Applicable,Measure Not Applicable,,Measure Not Applicable,0,Measure Not Applicable,Measure Not Applicable,,Measure Not Applicable,0,Measure Not Applicable,Measure Not Applicable,,Measure Not Applicable,5 - Highly Reliable,Measure Not Applicable,,Measure Not Applicable,,5 - Highly Reliable,700,,Yes,700,,0,,5 - Highly Reliable,968714,No,,795369.2196,,351128.1549,,2.265182123,4 - Reliable,292.7487492,,4 - Reliable
ACC-00001161,Western Bay of Plenty District Council,OMO003,Omokoroa Minden,191,,5,,Bore,,2809,,Number of metered connections,,2809,,Number of connections known,,2174,,Number of metered connections,,2174,,Number of metered connections,,13827,,4 - Reliable,2088857,,723141,,4 - Reliable,2,,5 - Highly Reliable,0,Measure Not Applicable,Measure Not Applicable,,Measure Not Applicable,0,Measure Not Applicable,Measure Not Applicable,,Measure Not Applicable,0,Measure Not Applicable,Measure Not Applicable,,Measure Not Applicable,5 - Highly Reliable,Measure Not Applicable,,Measure Not Applicable,,5 - Highly Reliable,700,,Yes,700,,0,,5 - Highly Reliable,953873,No,,790557.726,,232197.2083,,3.404682304,4 - Reliable,389.9373856,,4 - Reliable
ACC-00001161,Western Bay of Plenty District Council,PON003,Pongakawa,256,,1,,Bore,,4428,,Number of metered connections,,4428,,Number of connections known,,1395,,Number of metered connections,,1395,,Number of metered connections,,13033,,4 - Reliable,2608693.2,,905056,,4 - Reliable,1,,5 - Highly Reliable,0,Measure Not Applicable,Measure Not Applicable,,Measure Not Applicable,6805,,Land,,,0,Measure Not Applicable,Measure Not Applicable,,Measure Not Applicable,5 - Highly Reliable,Measure Not Applicable,,Measure Not Applicable,,5 - Highly Reliable,500,,Yes,500,,0,,5 - Highly Reliable,901436,No,,666549.5557,,278993.7853,,2.389119726,4 - Reliable,408.2898688,,4 - Reliable
ACC-00001161,Western Bay of Plenty District Council,TEP002,Te Puke,,Data Not Available,5,,Bore,,,Data Not Available,Number of metered connections,,,Data Not Available,Number of connections known,,,Data Not Available,Number of metered connections,,,Data Not Available,Number of metered connections,,,Data Not Available,4 - Reliable,,Data Not Available,,Data Not Available,4 - Reliable,1,,5 - Highly Reliable,0,Measure Not Applicable,Measure Not Applicable,,Measure Not Applicable,2100,,Freshwater,,,0,Measure Not Applicable,Measure Not Applicable,,Measure Not Applicable,5 - Highly Reliable,Measure Not Applicable,,Measure Not Applicable,,5 - Highly Reliable,500,,Yes,500,,0,,5 - Highly Reliable,,No,Data Not Available,,Data Not Available,,Data Not Available,,4 - Reliable,,Data Not Available,4 - Reliable
ACC-00008497,Westland District Council,ARA001,Arahura,3,,1,,Bore,,24,,Other (Please identify in the comments section),Taken from Asset Management system,25,,Other (Please identify in the comments section),Rating database used for number of units,,Measure Not Applicable,,Taken from rates database (assuming 1 charge = 1 connection),,Measure Not Applicable,,,105,,4 - Reliable,12227,,,Data Not Available,,1,,5 - Highly Reliable,,Measure Not Applicable,,,Measure Not Applicable,2,,Stockpile,,,,Measure Not Applicable,Measure Not Applicable,,,2 - Uncertain,Yes,,Measure Not Applicable,,5 - Highly Reliable,350,,No,,,,Measure Not Applicable,1 - Very Uncertain,,,Data Not Available,,Data Not Available,,Data Not Available,,,938,,2 - Uncertain
ACC-00008497,Westland District Council,FOX001,Fox Glacier,9,,1,,River/stream/creek,,76,,Other (Please identify in the comments section),Taken from Asset Management system,90,,Other (Please identify in the comments section),Rating database used for number of units,41,,,Taken from rates database (assuming 1 charge = 1 connection) plus water meters,38,,,Rating database used for number of units,252,,4 - Reliable,95410,,1531,,4 - Reliable,1,,5 - Highly Reliable,,Measure Not Applicable,,,Measure Not Applicable,350,,Other (Please identify in the comments section),To wastewater treatment plant via reticulation,,,Measure Not Applicable,Measure Not Applicable,,,2 - Uncertain,Yes,,Measure Not Applicable,,5 - Highly Reliable,500,,No,,,,Measure Not Applicable,2 - Uncertain,6741,Yes,,4282,,,Data Not Available,,4 - Reliable,1202,,3 - Less Reliable
ACC-00008497,Westland District Council,FRA001,Franz Josef,12,,1,,River/stream/creek,,72,,Other (Please identify in the comments section),Taken from Asset Management system,66,,Other (Please identify in the comments section),Rating database used for number of units,68,,,Taken from rates database (assuming 1 charge = 1 connection) plus water meters,49,,,Rating database used for number of units,2611,,4 - Reliable,202477,,172,,3 - Less Reliable,2,,5 - Highly Reliable,,Measure Not Applicable,,,Measure Not Applicable,350,,Other (Please identify in the comments section),To wastewater treatment plant via reticulation,,,Measure Not Applicable,Measure Not Applicable,,,2 - Uncertain,Yes,,Measure Not Applicable,,5 - Highly Reliable,516,,Yes,516,,,Data Not Available,4 - Reliable,94274,Yes,,88897,,,Data Not Available,,4 - Reliable,147,,3 - Less Reliable
ACC-00008497,Westland District Council,HAA001,Haast,5,,1,,Bore,,66,,Other (Please identify in the comments section),Taken from Asset Management system,69,,Other (Please identify in the comments section),Rating database used for number of units,11,,,Taken from rates database (assuming 1 charge = 1 connection),11,,,Rating database used for number of units,110,,4 - Reliable,47945,,,Data Not Available,,1,,5 - Highly Reliable,,Measure Not Applicable,,,Measure Not Applicable,270,,Other (Please identify in the comments section),To wastewater treatment plant via reticulation,,,Measure Not Applicable,Measure Not Applicable,,,2 - Uncertain,Yes,,Measure Not Applicable,,5 - Highly Reliable,350,,No,,,,Measure Not Applicable,2 - Uncertain,,,Data Not Available,,Data Not Available,,Data Not Available,,,1333,,2 - Uncertain
ACC-00008497,Westland District Council,HAR001,Harihari,9,,1,,Bore,,95,,Other (Please identify in the comments section),Taken from Asset Management system,86,,Other (Please identify in the comments section),Rating database used for number of units,16,,,Taken from rates database (assuming 1 charge = 1 connection),16,,,Rating database used for number of units,348,,4 - Reliable,93735,,,Data Not Available,,1,,5 - Highly Reliable,,Measure Not Applicable,,,Measure Not Applicable,270,,Stockpile,,,,Measure Not Applicable,Measure Not Applicable,,,2 - Uncertain,Yes,,Measure Not Applicable,,5 - Highly Reliable,415,,No,,,,Measure Not Applicable,4 - Reliable,,,Data Not Available,,Data Not Available,,Data Not Available,,,2090,,2 - Uncertain
ACC-00008497,Westland District Council,HOK001,Hokitika,73,,2,,Lake,,1708,,Other (Please identify in the comments section),Taken from Asset Management system,1791,,Other (Please identify in the comments section),Rating database used for number of units,206,,Other (Please identify in the comments section),Taken from rates database (assuming 1 charge = 1 connection) plus water meters,170,,Other (Please identify in the comments section),Rating database used for number of units,3447,,4 - Reliable,3176703,,29776,,4 - Reliable,4,,5 - Highly Reliable,1,,Landfill,Low confidence with this measure,,1750,,Other (Please identify in the comments section),To wastewater treatment plant via reticulation,,,Measure Not Applicable,Measure Not Applicable,,,2 - Uncertain,Yes,,Measure Not Applicable,,5 - Highly Reliable,482,,No,,,,Measure Not Applicable,3 - Less Reliable,218934,Yes,,169819,,,Data Not Available,,4 - Reliable,943,,3 - Less Reliable
ACC-00008497,Westland District Council,KUM001,Kumara,8,,1,,Spring,,159,,Other (Please identify in the comments section),Taken from Asset Management system,179,,Other (Please identify in the comments section),Rating database used for number of units,7,,,Taken from rates database (assuming 1 charge = 1 connection),7,,,Rating database used for number of units,318,,4 - Reliable,68476,,,Data Not Available,,1,,5 - Highly Reliable,,Measure Not Applicable,,,Measure Not Applicable,270,,Stockpile,,,,Measure Not Applicable,Measure Not Applicable,,,2 - Uncertain,Yes,,Measure Not Applicable,,5 - Highly Reliable,350,,No,,,,Measure Not Applicable,1 - Very Uncertain,,,Data Not Available,,Data Not Available,,Data Not Available,,,734,,2 - Uncertain
ACC-00008497,Westland District Council,ROS001,Ross,10,,1,,River/stream/creek,,141,,Other (Please identify in the comments section),Taken from Asset Management system,168,,Other (Please identify in the comments section),Rating database used for number of units,11,,,Taken from rates database (assuming 1 charge = 1 connection),11,,,Rating database used for number of units,291,,4 - Reliable,56323,,,Data Not Available,,1,,5 - Highly Reliable,,Measure Not Applicable,,,Measure Not Applicable,270,,Stockpile,,,,Measure Not Applicable,Measure Not Applicable,,,2 - Uncertain,Yes,,Yes,,5 - Highly Reliable,350,,No,,,,Measure Not Applicable,1 - Very Uncertain,,,Data Not Available,,Data Not Available,,Data Not Available,,,643,,2 - Uncertain
ACC-00008497,Westland District Council,WHA002,Whataroa,4,,1,,Bore,,49,,Other (Please identify in the comments section),Taken from Asset Management system,60,,Other (Please identify in the comments section),Rating database used for number of units,13,,,Taken from rates database (assuming 1 charge = 1 connection),13,,,Rating database used for number of units,405,,4 - Reliable,25758,,,Data Not Available,,1,,5 - Highly Reliable,,Measure Not Applicable,,,Measure Not Applicable,270,,Stockpile,,,,Measure Not Applicable,Measure Not Applicable,,,2 - Uncertain,Yes,,Measure Not Applicable,,5 - Highly Reliable,415,,No,,,,Measure Not Applicable,4 - Reliable,,,Data Not Available,,Data Not Available,,Data Not Available,,,823,,2 - Uncertain
ACC-00008495,Whakatane District Council,MAT005,Matata,17.49,,1,,Spring,Source code: G00217 (Jennings Spring),252,,Number of metered connections,,252,,Number of connections known,,21,,Number of connections known,,21,,Number of connections known,,696,,4 - Reliable,107478,,7172,,3 - Less Reliable,1,,4 - Reliable,0,,Measure Not Applicable,,Measure Not Applicable,,Data Not Available,Measure Not Applicable,,Measure Not Applicable,,Measure Not Applicable,Measure Not Applicable,,Measure Not Applicable,5 - Highly Reliable,,,Measure Not Applicable,,5 - Highly Reliable,600,,Yes,300,,,Data Not Available,4 - Reliable,9637,Yes,,9373,,10696,,0.88,3 - Less Reliable,463.3221091,,3 - Less Reliable
ACC-00008495,Whakatane District Council,MUR002,Murupara,23.71,,2,,Bore,Source codes: G03032 (Murupara north bore) & G00437 (Murupara south bore),667,,Number of metered connections,,667,,Number of connections known,,19,,Number of connections known,,19,,Number of connections known,,2214,,4 - Reliable,559627,,37017,,3 - Less Reliable,1,,4 - Reliable,0,,Measure Not Applicable,,Measure Not Applicable,,Data Not Available,Measure Not Applicable,,Measure Not Applicable,,Measure Not Applicable,Measure Not Applicable,,Measure Not Applicable,5 - Highly Reliable,,,Measure Not Applicable,,5 - Highly Reliable,550,,Yes,300,,,Data Not Available,4 - Reliable,261739,Yes,,260356,,18208,,14.3,3 - Less Reliable,859.9040518,,3 - Less Reliable
ACC-00008495,Whakatane District Council,OTU010,Otumahi,83.36,,3,,Bore,"Source codes: G03030 (Otumahi (Paul Road) bore), G11193 (Paul Road bore 2) & G00208 (Te Teko Spring (Tahuna Road))",1042,,Number of metered connections,,1041,,Number of connections known,,160,,Number of connections known,,160,,Number of connections known,,3144,,4 - Reliable,953650,,185697,,3 - Less Reliable,2,,4 - Reliable,0,,Measure Not Applicable,,Measure Not Applicable,,Data Not Available,Measure Not Applicable,,Measure Not Applicable,,Measure Not Applicable,Measure Not Applicable,,Measure Not Applicable,5 - Highly Reliable,,,Measure Not Applicable,,5 - Highly Reliable,600,,Yes,300,,,Data Not Available,4 - Reliable,468142,Yes,,457581,,51356,,8.91,3 - Less Reliable,536.8923357,,3 - Less Reliable
ACC-00008495,Whakatane District Council,RAN007,Rangitaiki Plains,198.94,,2,,Spring,"Source codes: G00220 (Braemar Spring), G00221 (Johnson Road bore north) & G00548 (Johnson Road bore south)",991,,Number of metered connections,,991,,Number of connections known,,448,,Number of connections known,,488,,Number of connections known,,3221,,4 - Reliable,1937852,,957618,,3 - Less Reliable,2,,4 - Reliable,0,,Measure Not Applicable,,Measure Not Applicable,,Data Not Available,Other (Please identify in the comments section),,Measure Not Applicable,,Measure Not Applicable,Measure Not Applicable,,Measure Not Applicable,5 - Highly Reliable,,,Measure Not Applicable,,5 - Highly Reliable,600,,Yes,300,,,Data Not Available,4 - Reliable,453358,Yes,,422724,,99203,,4.26,3 - Less Reliable,900.9953711,,3 - Less Reliable
ACC-00008495,Whakatane District Council,RUA003,Ruatoki,32.6,,2,,Bore,Source codes: G10765 (Ruatoki well (emergency)) & G02088 (Ruatoki bore (main)),153,,Number of metered connections,,153,,Number of connections known,,25,,Number of connections known,,25,,Number of connections known,,551,,4 - Reliable,200072,,47952,,3 - Less Reliable,1,,4 - Reliable,0,,Measure Not Applicable,,Measure Not Applicable,,Data Not Available,Measure Not Applicable,,Measure Not Applicable,,Measure Not Applicable,Measure Not Applicable,,Measure Not Applicable,5 - Highly Reliable,,,Measure Not Applicable,,5 - Highly Reliable,550,,Yes,300,,,Data Not Available,4 - Reliable,86787,Yes,,84279,,13880,,6.07,3 - Less Reliable,580.0617335,,3 - Less Reliable
ACC-00008495,Whakatane District Council,TAN001,Taneatua,9.88,,2,,Bore,Source codes: G10766 (Taneatua bore east) & G00218 (Taneatua bore west),268,,Number of metered connections,,268,,Number of connections known,,11,,Number of connections known,,11,,Number of connections known,,868,,4 - Reliable,157895,,17215,,3 - Less Reliable,1,,4 - Reliable,0,,Measure Not Applicable,,Measure Not Applicable,,Data Not Available,Measure Not Applicable,,Measure Not Applicable,,Measure Not Applicable,Measure Not Applicable,,Measure Not Applicable,5 - Highly Reliable,,,Measure Not Applicable,,5 - Highly Reliable,600,,Yes,300,,,Data Not Available,4 - Reliable,17235,Yes,,16711,,8318,,2.01,3 - Less Reliable,566.8415311,,3 - Less Reliable
ACC-00008495,Whakatane District Council,TEM004,Te Mahoe,2.7,,1,,Bore,Source code: G01838,28,,Number of metered connections,,28,,Number of connections known,,4,,Number of connections known,,4,,Number of connections known,,105,,4 - Reliable,17255,,,Data Not Available,3 - Less Reliable,1,,4 - Reliable,0,,Measure Not Applicable,,Measure Not Applicable,,Data Not Available,Measure Not Applicable,,Measure Not Applicable,,Measure Not Applicable,Measure Not Applicable,,Measure Not Applicable,5 - Highly Reliable,,,Measure Not Applicable,,5 - Highly Reliable,550,,Yes,300,,,Data Not Available,4 - Reliable,1819,Yes,,1801,,1381,,1.3,3 - Less Reliable,,Data Not Available,3 - Less Reliable
ACC-00008495,Whakatane District Council,WAI017,Waimana,3.33,,1,,Bore,Source code: G00223,44,,Number of metered connections,,44,,Number of connections known,,3,,Number of connections known,,3,,Number of connections known,,158,,4 - Reliable,29030,,1499,,3 - Less Reliable,1,,4 - Reliable,0,,Measure Not Applicable,,Measure Not Applicable,,Data Not Available,Measure Not Applicable,,Measure Not Applicable,,Measure Not Applicable,Measure Not Applicable,,Measure Not Applicable,5 - Highly Reliable,,,Measure Not Applicable,,5 - Highly Reliable,600,,Yes,300,,,Data Not Available,4 - Reliable,4208,Yes,,4116,,2006,,2.05,3 - Less Reliable,493.0427079,,3 - Less Reliable
ACC-00008495,Whakatane District Council,WHA005,Whakatane,236.24,,2,,River/stream/creek,Second extraction point is temporary extraction and only used once salinity trigger levels are reached at the primary extraction point near WTP. Source code: S00217.,8483,,Number of metered connections,,8483,,Number of connections known,,628,,Number of connections known,,628,,Number of connections known,,22480,,4 - Reliable,2546621,,503829,,3 - Less Reliable,1,,4 - Reliable,,Data Not Available,Freshwater,Directly from WTP back into river,,,Data Not Available,Freshwater,Pipes,,,,Freshwater,,,4 - Reliable,Yes,,Yes,,4 - Reliable,700,,Yes,300,,,Data Not Available,4 - Reliable,590659,Yes,,552261,,278209,,1.99,3 - Less Reliable,372.7136136,,3 - Less Reliable
ACC-00001151,Whanganui District Council,FOR001,Fordell,28,,1,,Bore,,0,Measure Not Applicable,Other (Please identify in the comments section),Scheme is mixed use i.e connections are not typical residential.,0,Measure Not Applicable,Other (Please identify in the comments section),Scheme is mixed use i.e connections are not typical residential.,125,,Number of connections known,,125,,Number of connections known,,350,,4 - Reliable,194677,,138483,,4 - Reliable,1,,5 - Highly Reliable,0,Measure Not Applicable,Measure Not Applicable,No sludge produced,Measure Not Applicable,0,Measure Not Applicable,Measure Not Applicable,No backwash water,Measure Not Applicable,0,Measure Not Applicable,Measure Not Applicable,No screenings,Measure Not Applicable,5 - Highly Reliable,Measure Not Applicable,,Measure Not Applicable,,5 - Highly Reliable,450,,No,,Measure Not Applicable,0,Measure Not Applicable,3 - Less Reliable,56194,Yes,,45171,,11023,,4.1,2 - Uncertain,0,Measure Not Applicable,1 - Very Uncertain
ACC-00001151,Whanganui District Council,MAX001,Pākaraka,17,,1,,Bore,,0,Measure Not Applicable,Other (Please identify in the comments section),Scheme is mixed use i.e connections are not typical residential.,0,Measure Not Applicable,Other (Please identify in the comments section),Scheme is mixed use i.e connections are not typical residential.,62,,Number of connections known,,62,,Number of connections known,,260,,4 - Reliable,131202,,82445,,4 - Reliable,1,,5 - Highly Reliable,0,Measure Not Applicable,Measure Not Applicable,No sludge produced,Measure Not Applicable,0,Measure Not Applicable,Measure Not Applicable,No backwash water,Measure Not Applicable,0,Measure Not Applicable,Measure Not Applicable,No screenings,Measure Not Applicable,5 - Highly Reliable,Measure Not Applicable,,Measure Not Applicable,,5 - Highly Reliable,450,,No,,Measure Not Applicable,0,Measure Not Applicable,3 - Less Reliable,48757,Yes,,41282,,6622,,6.2,3 - Less Reliable,0,Measure Not Applicable,1 - Very Uncertain
ACC-00001151,Whanganui District Council,WAN001,Whanganui,501,,6,,Bore,,17272,,Other (Please identify in the comments section),Based on GIS and Asset Management Inventory,18731,,Other (Please identify in the comments section),Based on ratings database,1336,,Other (Please identify in the comments section),Based on Asset Sub Type in asset management system.  Included Non domestic and rural connections.  Supect last time only metered non domestic connections were included,1336,,Other (Please identify in the comments section),Based on Asset Sub Type in asset management system.  Included Non domestic and rural connections.  Supect last time only metered non domestic connections were included,45000,,4 - Reliable,8721415,,2054724,,3 - Less Reliable,6,,5 - Highly Reliable,0,Measure Not Applicable,Measure Not Applicable,No sludge produced,Measure Not Applicable,0,Measure Not Applicable,Measure Not Applicable,No backwash water,Measure Not Applicable,0,Measure Not Applicable,Measure Not Applicable,No screenings,Measure Not Applicable,5 - Highly Reliable,Measure Not Applicable,,Measure Not Applicable,,5 - Highly Reliable,500,,Yes,250,,20,,3 - Less Reliable,2416674,Yes,,1998782,,417892,,4.78,3 - Less Reliable,622,,3 - Less Reliable
ACC-00001181,Whangarei District Council,BRE001,Bream Bay,199,,3,,Lake,,4283,,Number of metered connections,,,Data Not Available,Data Not Available,,314,,Number of metered connections,,,Data Not Available,Data Not Available,,10964,,5 - Highly Reliable,1360592,,202665,,5 - Highly Reliable,7,,5 - Highly Reliable,493,,Landfill,Deposited at Kissing Point Land Fill,,17934,,Freshwater,Recycled,,0,Measure Not Applicable,,,,4 - Reliable,Yes,,Yes,,5 - Highly Reliable,465,,Yes,250,,6,,2 - Uncertain,454060,No,,434860,,116848,,3.72,5 - Highly Reliable,441,,5 - Highly Reliable
ACC-00001181,Whangarei District Council,MAU002,Maungakaramea,3,,1,,Bore,,84,,Number of metered connections,,,Data Not Available,Data Not Available,,10,,Number of metered connections,,,Data Not Available,Data Not Available,,226,,5 - Highly Reliable,35379,,16515,,5 - Highly Reliable,2,,5 - Highly Reliable,0,,Measure Not Applicable,No solid stream in process. Bore source,,0,Measure Not Applicable,Measure Not Applicable,,,0,Measure Not Applicable,,,,5 - Highly Reliable,Measure Not Applicable,,Measure Not Applicable,,5 - Highly Reliable,450,,Yes,250,,0,,5 - Highly Reliable,4990,No,,4360,,2087,,2.09,5 - Highly Reliable,441,,4 - Reliable
ACC-00001181,Whangarei District Council,WHA007,Whangarei,701,,5,,Lake,,22068,,Number of metered connections,,,Data Not Available,Data Not Available,,2105,,Number of metered connections,,,Data Not Available,Data Not Available,,60477,,5 - Highly Reliable,7226457.605,,1443965,,5 - Highly Reliable,6,,5 - Highly Reliable,14366,,Freshwater,These are transported at approx 2% solids to waste water plants.,,231375,,Freshwater,Recycled,,0,Measure Not Applicable,,,,3 - Less Reliable,Yes,,Yes,,5 - Highly Reliable,599,,Yes,250,,12,,2 - Uncertain,2243130,No,,2140360,,664663,,3.22,5 - Highly Reliable,441,,5 - Highly Reliable
,,,,,,,,,,,,,,,,,,,,,,,,,,,,,,,,,,,,,,,,,,,,,,,,,,,,,,,,,,,,,,,,,,,,,,,,,,,,,
,,,,,,,,,,,,,,,,,,,,,,,,,,,,,,,,,,,,,,,,,,,,,,,,,,,,,,,,,,,,,,,,,,,,,,,,,,,,,
,,,,,,,,,,,,,,,,,,,,,,,,,,,,,,,,,,,,,,,,,,,,,,,,,,,,,,,,,,,,,,,,,,,,,,,,,,,,,
,,,,,,,,,,,,,,,,,,,,,,,,,,,,,,,,,,,,,,,,,,,,,,,,,,,,,,,,,,,,,,,,,,,,,,,,,,,,,
,,,,,,,,,,,,,,,,,,,,,,,,,,,,,,,,,,,,,,,,,,,,,,,,,,,,,,,,,,,,,,,,,,,,,,,,,,,,,
,,,,,,,,,,,,,,,,,,,,,,,,,,,,,,,,,,,,,,,,,,,,,,,,,,,,,,,,,,,,,,,,,,,,,,,,,,,,,
,,,,,,,,,,,,,,,,,,,,,,,,,,,,,,,,,,,,,,,,,,,,,,,,,,,,,,,,,,,,,,,,,,,,,,,,,,,,,
,,,,,,,,,,,,,,,,,,,,,,,,,,,,,,,,,,,,,,,,,,,,,,,,,,,,,,,,,,,,,,,,,,,,,,,,,,,,,
,,,,,,,,,,,,,,,,,,,,,,,,,,,,,,,,,,,,,,,,,,,,,,,,,,,,,,,,,,,,,,,,,,,,,,,,,,,,,
,,,,,,,,,,,,,,,,,,,,,,,,,,,,,,,,,,,,,,,,,,,,,,,,,,,,,,,,,,,,,,,,,,,,,,,,,,,,,
,,,,,,,,,,,,,,,,,,,,,,,,,,,,,,,,,,,,,,,,,,,,,,,,,,,,,,,,,,,,,,,,,,,,,,,,,,,,,
,,,,,,,,,,,,,,,,,,,,,,,,,,,,,,,,,,,,,,,,,,,,,,,,,,,,,,,,,,,,,,,,,,,,,,,,,,,,,
,,,,,,,,,,,,,,,,,,,,,,,,,,,,,,,,,,,,,,,,,,,,,,,,,,,,,,,,,,,,,,,,,,,,,,,,,,,,,
,,,,,,,,,,,,,,,,,,,,,,,,,,,,,,,,,,,,,,,,,,,,,,,,,,,,,,,,,,,,,,,,,,,,,,,,,,,,,
,,,,,,,,,,,,,,,,,,,,,,,,,,,,,,,,,,,,,,,,,,,,,,,,,,,,,,,,,,,,,,,,,,,,,,,,,,,,,
,,,,,,,,,,,,,,,,,,,,,,,,,,,,,,,,,,,,,,,,,,,,,,,,,,,,,,,,,,,,,,,,,,,,,,,,,,,,,
,,,,,,,,,,,,,,,,,,,,,,,,,,,,,,,,,,,,,,,,,,,,,,,,,,,,,,,,,,,,,,,,,,,,,,,,,,,,,
,,,,,,,,,,,,,,,,,,,,,,,,,,,,,,,,,,,,,,,,,,,,,,,,,,,,,,,,,,,,,,,,,,,,,,,,,,,,,
,,,,,,,,,,,,,,,,,,,,,,,,,,,,,,,,,,,,,,,,,,,,,,,,,,,,,,,,,,,,,,,,,,,,,,,,,,,,,
,,,,,,,,,,,,,,,,,,,,,,,,,,,,,,,,,,,,,,,,,,,,,,,,,,,,,,,,,,,,,,,,,,,,,,,,,,,,,
,,,,,,,,,,,,,,,,,,,,,,,,,,,,,,,,,,,,,,,,,,,,,,,,,,,,,,,,,,,,,,,,,,,,,,,,,,,,,
,,,,,,,,,,,,,,,,,,,,,,,,,,,,,,,,,,,,,,,,,,,,,,,,,,,,,,,,,,,,,,,,,,,,,,,,,,,,,
,,,,,,,,,,,,,,,,,,,,,,,,,,,,,,,,,,,,,,,,,,,,,,,,,,,,,,,,,,,,,,,,,,,,,,,,,,,,,
,,,,,,,,,,,,,,,,,,,,,,,,,,,,,,,,,,,,,,,,,,,,,,,,,,,,,,,,,,,,,,,,,,,,,,,,,,,,,
,,,,,,,,,,,,,,,,,,,,,,,,,,,,,,,,,,,,,,,,,,,,,,,,,,,,,,,,,,,,,,,,,,,,,,,,,,,,,
,,,,,,,,,,,,,,,,,,,,,,,,,,,,,,,,,,,,,,,,,,,,,,,,,,,,,,,,,,,,,,,,,,,,,,,,,,,,,
,,,,,,,,,,,,,,,,,,,,,,,,,,,,,,,,,,,,,,,,,,,,,,,,,,,,,,,,,,,,,,,,,,,,,,,,,,,,,
,,,,,,,,,,,,,,,,,,,,,,,,,,,,,,,,,,,,,,,,,,,,,,,,,,,,,,,,,,,,,,,,,,,,,,,,,,,,,
,,,,,,,,,,,,,,,,,,,,,,,,,,,,,,,,,,,,,,,,,,,,,,,,,,,,,,,,,,,,,,,,,,,,,,,,,,,,,
,,,,,,,,,,,,,,,,,,,,,,,,,,,,,,,,,,,,,,,,,,,,,,,,,,,,,,,,,,,,,,,,,,,,,,,,,,,,,
,,,,,,,,,,,,,,,,,,,,,,,,,,,,,,,,,,,,,,,,,,,,,,,,,,,,,,,,,,,,,,,,,,,,,,,,,,,,,
,,,,,,,,,,,,,,,,,,,,,,,,,,,,,,,,,,,,,,,,,,,,,,,,,,,,,,,,,,,,,,,,,,,,,,,,,,,,,
,,,,,,,,,,,,,,,,,,,,,,,,,,,,,,,,,,,,,,,,,,,,,,,,,,,,,,,,,,,,,,,,,,,,,,,,,,,,,
,,,,,,,,,,,,,,,,,,,,,,,,,,,,,,,,,,,,,,,,,,,,,,,,,,,,,,,,,,,,,,,,,,,,,,,,,,,,,
,,,,,,,,,,,,,,,,,,,,,,,,,,,,,,,,,,,,,,,,,,,,,,,,,,,,,,,,,,,,,,,,,,,,,,,,,,,,,
,,,,,,,,,,,,,,,,,,,,,,,,,,,,,,,,,,,,,,,,,,,,,,,,,,,,,,,,,,,,,,,,,,,,,,,,,,,,,
,,,,,,,,,,,,,,,,,,,,,,,,,,,,,,,,,,,,,,,,,,,,,,,,,,,,,,,,,,,,,,,,,,,,,,,,,,,,,
,,,,,,,,,,,,,,,,,,,,,,,,,,,,,,,,,,,,,,,,,,,,,,,,,,,,,,,,,,,,,,,,,,,,,,,,,,,,,
,,,,,,,,,,,,,,,,,,,,,,,,,,,,,,,,,,,,,,,,,,,,,,,,,,,,,,,,,,,,,,,,,,,,,,,,,,,,,
,,,,,,,,,,,,,,,,,,,,,,,,,,,,,,,,,,,,,,,,,,,,,,,,,,,,,,,,,,,,,,,,,,,,,,,,,,,,,
,,,,,,,,,,,,,,,,,,,,,,,,,,,,,,,,,,,,,,,,,,,,,,,,,,,,,,,,,,,,,,,,,,,,,,,,,,,,,
,,,,,,,,,,,,,,,,,,,,,,,,,,,,,,,,,,,,,,,,,,,,,,,,,,,,,,,,,,,,,,,,,,,,,,,,,,,,,
,,,,,,,,,,,,,,,,,,,,,,,,,,,,,,,,,,,,,,,,,,,,,,,,,,,,,,,,,,,,,,,,,,,,,,,,,,,,,
,,,,,,,,,,,,,,,,,,,,,,,,,,,,,,,,,,,,,,,,,,,,,,,,,,,,,,,,,,,,,,,,,,,,,,,,,,,,,
,,,,,,,,,,,,,,,,,,,,,,,,,,,,,,,,,,,,,,,,,,,,,,,,,,,,,,,,,,,,,,,,,,,,,,,,,,,,,
,,,,,,,,,,,,,,,,,,,,,,,,,,,,,,,,,,,,,,,,,,,,,,,,,,,,,,,,,,,,,,,,,,,,,,,,,,,,,
,,,,,,,,,,,,,,,,,,,,,,,,,,,,,,,,,,,,,,,,,,,,,,,,,,,,,,,,,,,,,,,,,,,,,,,,,,,,,
,,,,,,,,,,,,,,,,,,,,,,,,,,,,,,,,,,,,,,,,,,,,,,,,,,,,,,,,,,,,,,,,,,,,,,,,,,,,,
,,,,,,,,,,,,,,,,,,,,,,,,,,,,,,,,,,,,,,,,,,,,,,,,,,,,,,,,,,,,,,,,,,,,,,,,,,,,,
,,,,,,,,,,,,,,,,,,,,,,,,,,,,,,,,,,,,,,,,,,,,,,,,,,,,,,,,,,,,,,,,,,,,,,,,,,,,,
,,,,,,,,,,,,,,,,,,,,,,,,,,,,,,,,,,,,,,,,,,,,,,,,,,,,,,,,,,,,,,,,,,,,,,,,,,,,,
,,,,,,,,,,,,,,,,,,,,,,,,,,,,,,,,,,,,,,,,,,,,,,,,,,,,,,,,,,,,,,,,,,,,,,,,,,,,,
,,,,,,,,,,,,,,,,,,,,,,,,,,,,,,,,,,,,,,,,,,,,,,,,,,,,,,,,,,,,,,,,,,,,,,,,,,,,,
,,,,,,,,,,,,,,,,,,,,,,,,,,,,,,,,,,,,,,,,,,,,,,,,,,,,,,,,,,,,,,,,,,,,,,,,,,,,,
,,,,,,,,,,,,,,,,,,,,,,,,,,,,,,,,,,,,,,,,,,,,,,,,,,,,,,,,,,,,,,,,,,,,,,,,,,,,,
,,,,,,,,,,,,,,,,,,,,,,,,,,,,,,,,,,,,,,,,,,,,,,,,,,,,,,,,,,,,,,,,,,,,,,,,,,,,,
,,,,,,,,,,,,,,,,,,,,,,,,,,,,,,,,,,,,,,,,,,,,,,,,,,,,,,,,,,,,,,,,,,,,,,,,,,,,,
,,,,,,,,,,,,,,,,,,,,,,,,,,,,,,,,,,,,,,,,,,,,,,,,,,,,,,,,,,,,,,,,,,,,,,,,,,,,,
,,,,,,,,,,,,,,,,,,,,,,,,,,,,,,,,,,,,,,,,,,,,,,,,,,,,,,,,,,,,,,,,,,,,,,,,,,,,,
,,,,,,,,,,,,,,,,,,,,,,,,,,,,,,,,,,,,,,,,,,,,,,,,,,,,,,,,,,,,,,,,,,,,,,,,,,,,,
,,,,,,,,,,,,,,,,,,,,,,,,,,,,,,,,,,,,,,,,,,,,,,,,,,,,,,,,,,,,,,,,,,,,,,,,,,,,,
,,,,,,,,,,,,,,,,,,,,,,,,,,,,,,,,,,,,,,,,,,,,,,,,,,,,,,,,,,,,,,,,,,,,,,,,,,,,,
,,,,,,,,,,,,,,,,,,,,,,,,,,,,,,,,,,,,,,,,,,,,,,,,,,,,,,,,,,,,,,,,,,,,,,,,,,,,,
,,,,,,,,,,,,,,,,,,,,,,,,,,,,,,,,,,,,,,,,,,,,,,,,,,,,,,,,,,,,,,,,,,,,,,,,,,,,,
,,,,,,,,,,,,,,,,,,,,,,,,,,,,,,,,,,,,,,,,,,,,,,,,,,,,,,,,,,,,,,,,,,,,,,,,,,,,,
,,,,,,,,,,,,,,,,,,,,,,,,,,,,,,,,,,,,,,,,,,,,,,,,,,,,,,,,,,,,,,,,,,,,,,,,,,,,,
,,,,,,,,,,,,,,,,,,,,,,,,,,,,,,,,,,,,,,,,,,,,,,,,,,,,,,,,,,,,,,,,,,,,,,,,,,,,,
,,,,,,,,,,,,,,,,,,,,,,,,,,,,,,,,,,,,,,,,,,,,,,,,,,,,,,,,,,,,,,,,,,,,,,,,,,,,,
,,,,,,,,,,,,,,,,,,,,,,,,,,,,,,,,,,,,,,,,,,,,,,,,,,,,,,,,,,,,,,,,,,,,,,,,,,,,,
,,,,,,,,,,,,,,,,,,,,,,,,,,,,,,,,,,,,,,,,,,,,,,,,,,,,,,,,,,,,,,,,,,,,,,,,,,,,,
,,,,,,,,,,,,,,,,,,,,,,,,,,,,,,,,,,,,,,,,,,,,,,,,,,,,,,,,,,,,,,,,,,,,,,,,,,,,,
,,,,,,,,,,,,,,,,,,,,,,,,,,,,,,,,,,,,,,,,,,,,,,,,,,,,,,,,,,,,,,,,,,,,,,,,,,,,,
,,,,,,,,,,,,,,,,,,,,,,,,,,,,,,,,,,,,,,,,,,,,,,,,,,,,,,,,,,,,,,,,,,,,,,,,,,,,,
,,,,,,,,,,,,,,,,,,,,,,,,,,,,,,,,,,,,,,,,,,,,,,,,,,,,,,,,,,,,,,,,,,,,,,,,,,,,,
,,,,,,,,,,,,,,,,,,,,,,,,,,,,,,,,,,,,,,,,,,,,,,,,,,,,,,,,,,,,,,,,,,,,,,,,,,,,,
,,,,,,,,,,,,,,,,,,,,,,,,,,,,,,,,,,,,,,,,,,,,,,,,,,,,,,,,,,,,,,,,,,,,,,,,,,,,,
,,,,,,,,,,,,,,,,,,,,,,,,,,,,,,,,,,,,,,,,,,,,,,,,,,,,,,,,,,,,,,,,,,,,,,,,,,,,,
,,,,,,,,,,,,,,,,,,,,,,,,,,,,,,,,,,,,,,,,,,,,,,,,,,,,,,,,,,,,,,,,,,,,,,,,,,,,,
,,,,,,,,,,,,,,,,,,,,,,,,,,,,,,,,,,,,,,,,,,,,,,,,,,,,,,,,,,,,,,,,,,,,,,,,,,,,,
,,,,,,,,,,,,,,,,,,,,,,,,,,,,,,,,,,,,,,,,,,,,,,,,,,,,,,,,,,,,,,,,,,,,,,,,,,,,,
,,,,,,,,,,,,,,,,,,,,,,,,,,,,,,,,,,,,,,,,,,,,,,,,,,,,,,,,,,,,,,,,,,,,,,,,,,,,,
,,,,,,,,,,,,,,,,,,,,,,,,,,,,,,,,,,,,,,,,,,,,,,,,,,,,,,,,,,,,,,,,,,,,,,,,,,,,,
,,,,,,,,,,,,,,,,,,,,,,,,,,,,,,,,,,,,,,,,,,,,,,,,,,,,,,,,,,,,,,,,,,,,,,,,,,,,,
,,,,,,,,,,,,,,,,,,,,,,,,,,,,,,,,,,,,,,,,,,,,,,,,,,,,,,,,,,,,,,,,,,,,,,,,,,,,,
,,,,,,,,,,,,,,,,,,,,,,,,,,,,,,,,,,,,,,,,,,,,,,,,,,,,,,,,,,,,,,,,,,,,,,,,,,,,,
,,,,,,,,,,,,,,,,,,,,,,,,,,,,,,,,,,,,,,,,,,,,,,,,,,,,,,,,,,,,,,,,,,,,,,,,,,,,,
,,,,,,,,,,,,,,,,,,,,,,,,,,,,,,,,,,,,,,,,,,,,,,,,,,,,,,,,,,,,,,,,,,,,,,,,,,,,,
,,,,,,,,,,,,,,,,,,,,,,,,,,,,,,,,,,,,,,,,,,,,,,,,,,,,,,,,,,,,,,,,,,,,,,,,,,,,,
,,,,,,,,,,,,,,,,,,,,,,,,,,,,,,,,,,,,,,,,,,,,,,,,,,,,,,,,,,,,,,,,,,,,,,,,,,,,,
,,,,,,,,,,,,,,,,,,,,,,,,,,,,,,,,,,,,,,,,,,,,,,,,,,,,,,,,,,,,,,,,,,,,,,,,,,,,,
,,,,,,,,,,,,,,,,,,,,,,,,,,,,,,,,,,,,,,,,,,,,,,,,,,,,,,,,,,,,,,,,,,,,,,,,,,,,,
,,,,,,,,,,,,,,,,,,,,,,,,,,,,,,,,,,,,,,,,,,,,,,,,,,,,,,,,,,,,,,,,,,,,,,,,,,,,,
,,,,,,,,,,,,,,,,,,,,,,,,,,,,,,,,,,,,,,,,,,,,,,,,,,,,,,,,,,,,,,,,,,,,,,,,,,,,,
,,,,,,,,,,,,,,,,,,,,,,,,,,,,,,,,,,,,,,,,,,,,,,,,,,,,,,,,,,,,,,,,,,,,,,,,,,,,,
,,,,,,,,,,,,,,,,,,,,,,,,,,,,,,,,,,,,,,,,,,,,,,,,,,,,,,,,,,,,,,,,,,,,,,,,,,,,,
,,,,,,,,,,,,,,,,,,,,,,,,,,,,,,,,,,,,,,,,,,,,,,,,,,,,,,,,,,,,,,,,,,,,,,,,,,,,,
,,,,,,,,,,,,,,,,,,,,,,,,,,,,,,,,,,,,,,,,,,,,,,,,,,,,,,,,,,,,,,,,,,,,,,,,,,,,,
,,,,,,,,,,,,,,,,,,,,,,,,,,,,,,,,,,,,,,,,,,,,,,,,,,,,,,,,,,,,,,,,,,,,,,,,,,,,,
,,,,,,,,,,,,,,,,,,,,,,,,,,,,,,,,,,,,,,,,,,,,,,,,,,,,,,,,,,,,,,,,,,,,,,,,,,,,,
,,,,,,,,,,,,,,,,,,,,,,,,,,,,,,,,,,,,,,,,,,,,,,,,,,,,,,,,,,,,,,,,,,,,,,,,,,,,,
,,,,,,,,,,,,,,,,,,,,,,,,,,,,,,,,,,,,,,,,,,,,,,,,,,,,,,,,,,,,,,,,,,,,,,,,,,,,,
,,,,,,,,,,,,,,,,,,,,,,,,,,,,,,,,,,,,,,,,,,,,,,,,,,,,,,,,,,,,,,,,,,,,,,,,,,,,,
,,,,,,,,,,,,,,,,,,,,,,,,,,,,,,,,,,,,,,,,,,,,,,,,,,,,,,,,,,,,,,,,,,,,,,,,,,,,,
,,,,,,,,,,,,,,,,,,,,,,,,,,,,,,,,,,,,,,,,,,,,,,,,,,,,,,,,,,,,,,,,,,,,,,,,,,,,,
,,,,,,,,,,,,,,,,,,,,,,,,,,,,,,,,,,,,,,,,,,,,,,,,,,,,,,,,,,,,,,,,,,,,,,,,,,,,,
,,,,,,,,,,,,,,,,,,,,,,,,,,,,,,,,,,,,,,,,,,,,,,,,,,,,,,,,,,,,,,,,,,,,,,,,,,,,,
,,,,,,,,,,,,,,,,,,,,,,,,,,,,,,,,,,,,,,,,,,,,,,,,,,,,,,,,,,,,,,,,,,,,,,,,,,,,,
,,,,,,,,,,,,,,,,,,,,,,,,,,,,,,,,,,,,,,,,,,,,,,,,,,,,,,,,,,,,,,,,,,,,,,,,,,,,,
,,,,,,,,,,,,,,,,,,,,,,,,,,,,,,,,,,,,,,,,,,,,,,,,,,,,,,,,,,,,,,,,,,,,,,,,,,,,,
,,,,,,,,,,,,,,,,,,,,,,,,,,,,,,,,,,,,,,,,,,,,,,,,,,,,,,,,,,,,,,,,,,,,,,,,,,,,,
,,,,,,,,,,,,,,,,,,,,,,,,,,,,,,,,,,,,,,,,,,,,,,,,,,,,,,,,,,,,,,,,,,,,,,,,,,,,,
,,,,,,,,,,,,,,,,,,,,,,,,,,,,,,,,,,,,,,,,,,,,,,,,,,,,,,,,,,,,,,,,,,,,,,,,,,,,,
,,,,,,,,,,,,,,,,,,,,,,,,,,,,,,,,,,,,,,,,,,,,,,,,,,,,,,,,,,,,,,,,,,,,,,,,,,,,,
,,,,,,,,,,,,,,,,,,,,,,,,,,,,,,,,,,,,,,,,,,,,,,,,,,,,,,,,,,,,,,,,,,,,,,,,,,,,,
,,,,,,,,,,,,,,,,,,,,,,,,,,,,,,,,,,,,,,,,,,,,,,,,,,,,,,,,,,,,,,,,,,,,,,,,,,,,,
,,,,,,,,,,,,,,,,,,,,,,,,,,,,,,,,,,,,,,,,,,,,,,,,,,,,,,,,,,,,,,,,,,,,,,,,,,,,,
,,,,,,,,,,,,,,,,,,,,,,,,,,,,,,,,,,,,,,,,,,,,,,,,,,,,,,,,,,,,,,,,,,,,,,,,,,,,,
,,,,,,,,,,,,,,,,,,,,,,,,,,,,,,,,,,,,,,,,,,,,,,,,,,,,,,,,,,,,,,,,,,,,,,,,,,,,,
,,,,,,,,,,,,,,,,,,,,,,,,,,,,,,,,,,,,,,,,,,,,,,,,,,,,,,,,,,,,,,,,,,,,,,,,,,,,,
,,,,,,,,,,,,,,,,,,,,,,,,,,,,,,,,,,,,,,,,,,,,,,,,,,,,,,,,,,,,,,,,,,,,,,,,,,,,,
,,,,,,,,,,,,,,,,,,,,,,,,,,,,,,,,,,,,,,,,,,,,,,,,,,,,,,,,,,,,,,,,,,,,,,,,,,,,,
,,,,,,,,,,,,,,,,,,,,,,,,,,,,,,,,,,,,,,,,,,,,,,,,,,,,,,,,,,,,,,,,,,,,,,,,,,,,,
,,,,,,,,,,,,,,,,,,,,,,,,,,,,,,,,,,,,,,,,,,,,,,,,,,,,,,,,,,,,,,,,,,,,,,,,,,,,,
,,,,,,,,,,,,,,,,,,,,,,,,,,,,,,,,,,,,,,,,,,,,,,,,,,,,,,,,,,,,,,,,,,,,,,,,,,,,,
,,,,,,,,,,,,,,,,,,,,,,,,,,,,,,,,,,,,,,,,,,,,,,,,,,,,,,,,,,,,,,,,,,,,,,,,,,,,,
,,,,,,,,,,,,,,,,,,,,,,,,,,,,,,,,,,,,,,,,,,,,,,,,,,,,,,,,,,,,,,,,,,,,,,,,,,,,,
,,,,,,,,,,,,,,,,,,,,,,,,,,,,,,,,,,,,,,,,,,,,,,,,,,,,,,,,,,,,,,,,,,,,,,,,,,,,,
,,,,,,,,,,,,,,,,,,,,,,,,,,,,,,,,,,,,,,,,,,,,,,,,,,,,,,,,,,,,,,,,,,,,,,,,,,,,,
,,,,,,,,,,,,,,,,,,,,,,,,,,,,,,,,,,,,,,,,,,,,,,,,,,,,,,,,,,,,,,,,,,,,,,,,,,,,,
,,,,,,,,,,,,,,,,,,,,,,,,,,,,,,,,,,,,,,,,,,,,,,,,,,,,,,,,,,,,,,,,,,,,,,,,,,,,,
,,,,,,,,,,,,,,,,,,,,,,,,,,,,,,,,,,,,,,,,,,,,,,,,,,,,,,,,,,,,,,,,,,,,,,,,,,,,,
,,,,,,,,,,,,,,,,,,,,,,,,,,,,,,,,,,,,,,,,,,,,,,,,,,,,,,,,,,,,,,,,,,,,,,,,,,,,,
,,,,,,,,,,,,,,,,,,,,,,,,,,,,,,,,,,,,,,,,,,,,,,,,,,,,,,,,,,,,,,,,,,,,,,,,,,,,,
,,,,,,,,,,,,,,,,,,,,,,,,,,,,,,,,,,,,,,,,,,,,,,,,,,,,,,,,,,,,,,,,,,,,,,,,,,,,,
,,,,,,,,,,,,,,,,,,,,,,,,,,,,,,,,,,,,,,,,,,,,,,,,,,,,,,,,,,,,,,,,,,,,,,,,,,,,,
,,,,,,,,,,,,,,,,,,,,,,,,,,,,,,,,,,,,,,,,,,,,,,,,,,,,,,,,,,,,,,,,,,,,,,,,,,,,,
,,,,,,,,,,,,,,,,,,,,,,,,,,,,,,,,,,,,,,,,,,,,,,,,,,,,,,,,,,,,,,,,,,,,,,,,,,,,,
,,,,,,,,,,,,,,,,,,,,,,,,,,,,,,,,,,,,,,,,,,,,,,,,,,,,,,,,,,,,,,,,,,,,,,,,,,,,,
,,,,,,,,,,,,,,,,,,,,,,,,,,,,,,,,,,,,,,,,,,,,,,,,,,,,,,,,,,,,,,,,,,,,,,,,,,,,,
,,,,,,,,,,,,,,,,,,,,,,,,,,,,,,,,,,,,,,,,,,,,,,,,,,,,,,,,,,,,,,,,,,,,,,,,,,,,,
,,,,,,,,,,,,,,,,,,,,,,,,,,,,,,,,,,,,,,,,,,,,,,,,,,,,,,,,,,,,,,,,,,,,,,,,,,,,,
,,,,,,,,,,,,,,,,,,,,,,,,,,,,,,,,,,,,,,,,,,,,,,,,,,,,,,,,,,,,,,,,,,,,,,,,,,,,,
,,,,,,,,,,,,,,,,,,,,,,,,,,,,,,,,,,,,,,,,,,,,,,,,,,,,,,,,,,,,,,,,,,,,,,,,,,,,,
,,,,,,,,,,,,,,,,,,,,,,,,,,,,,,,,,,,,,,,,,,,,,,,,,,,,,,,,,,,,,,,,,,,,,,,,,,,,,
,,,,,,,,,,,,,,,,,,,,,,,,,,,,,,,,,,,,,,,,,,,,,,,,,,,,,,,,,,,,,,,,,,,,,,,,,,,,,
,,,,,,,,,,,,,,,,,,,,,,,,,,,,,,,,,,,,,,,,,,,,,,,,,,,,,,,,,,,,,,,,,,,,,,,,,,,,,
,,,,,,,,,,,,,,,,,,,,,,,,,,,,,,,,,,,,,,,,,,,,,,,,,,,,,,,,,,,,,,,,,,,,,,,,,,,,,
,,,,,,,,,,,,,,,,,,,,,,,,,,,,,,,,,,,,,,,,,,,,,,,,,,,,,,,,,,,,,,,,,,,,,,,,,,,,,
,,,,,,,,,,,,,,,,,,,,,,,,,,,,,,,,,,,,,,,,,,,,,,,,,,,,,,,,,,,,,,,,,,,,,,,,,,,,,
,,,,,,,,,,,,,,,,,,,,,,,,,,,,,,,,,,,,,,,,,,,,,,,,,,,,,,,,,,,,,,,,,,,,,,,,,,,,,
,,,,,,,,,,,,,,,,,,,,,,,,,,,,,,,,,,,,,,,,,,,,,,,,,,,,,,,,,,,,,,,,,,,,,,,,,,,,,
,,,,,,,,,,,,,,,,,,,,,,,,,,,,,,,,,,,,,,,,,,,,,,,,,,,,,,,,,,,,,,,,,,,,,,,,,,,,,
,,,,,,,,,,,,,,,,,,,,,,,,,,,,,,,,,,,,,,,,,,,,,,,,,,,,,,,,,,,,,,,,,,,,,,,,,,,,,
,,,,,,,,,,,,,,,,,,,,,,,,,,,,,,,,,,,,,,,,,,,,,,,,,,,,,,,,,,,,,,,,,,,,,,,,,,,,,
,,,,,,,,,,,,,,,,,,,,,,,,,,,,,,,,,,,,,,,,,,,,,,,,,,,,,,,,,,,,,,,,,,,,,,,,,,,,,
,,,,,,,,,,,,,,,,,,,,,,,,,,,,,,,,,,,,,,,,,,,,,,,,,,,,,,,,,,,,,,,,,,,,,,,,,,,,,
,,,,,,,,,,,,,,,,,,,,,,,,,,,,,,,,,,,,,,,,,,,,,,,,,,,,,,,,,,,,,,,,,,,,,,,,,,,,,
,,,,,,,,,,,,,,,,,,,,,,,,,,,,,,,,,,,,,,,,,,,,,,,,,,,,,,,,,,,,,,,,,,,,,,,,,,,,,
,,,,,,,,,,,,,,,,,,,,,,,,,,,,,,,,,,,,,,,,,,,,,,,,,,,,,,,,,,,,,,,,,,,,,,,,,,,,,
,,,,,,,,,,,,,,,,,,,,,,,,,,,,,,,,,,,,,,,,,,,,,,,,,,,,,,,,,,,,,,,,,,,,,,,,,,,,,
,,,,,,,,,,,,,,,,,,,,,,,,,,,,,,,,,,,,,,,,,,,,,,,,,,,,,,,,,,,,,,,,,,,,,,,,,,,,,
,,,,,,,,,,,,,,,,,,,,,,,,,,,,,,,,,,,,,,,,,,,,,,,,,,,,,,,,,,,,,,,,,,,,,,,,,,,,,
,,,,,,,,,,,,,,,,,,,,,,,,,,,,,,,,,,,,,,,,,,,,,,,,,,,,,,,,,,,,,,,,,,,,,,,,,,,,,
,,,,,,,,,,,,,,,,,,,,,,,,,,,,,,,,,,,,,,,,,,,,,,,,,,,,,,,,,,,,,,,,,,,,,,,,,,,,,
,,,,,,,,,,,,,,,,,,,,,,,,,,,,,,,,,,,,,,,,,,,,,,,,,,,,,,,,,,,,,,,,,,,,,,,,,,,,,
,,,,,,,,,,,,,,,,,,,,,,,,,,,,,,,,,,,,,,,,,,,,,,,,,,,,,,,,,,,,,,,,,,,,,,,,,,,,,
,,,,,,,,,,,,,,,,,,,,,,,,,,,,,,,,,,,,,,,,,,,,,,,,,,,,,,,,,,,,,,,,,,,,,,,,,,,,,
,,,,,,,,,,,,,,,,,,,,,,,,,,,,,,,,,,,,,,,,,,,,,,,,,,,,,,,,,,,,,,,,,,,,,,,,,,,,,
,,,,,,,,,,,,,,,,,,,,,,,,,,,,,,,,,,,,,,,,,,,,,,,,,,,,,,,,,,,,,,,,,,,,,,,,,,,,,
,,,,,,,,,,,,,,,,,,,,,,,,,,,,,,,,,,,,,,,,,,,,,,,,,,,,,,,,,,,,,,,,,,,,,,,,,,,,,
,,,,,,,,,,,,,,,,,,,,,,,,,,,,,,,,,,,,,,,,,,,,,,,,,,,,,,,,,,,,,,,,,,,,,,,,,,,,,
,,,,,,,,,,,,,,,,,,,,,,,,,,,,,,,,,,,,,,,,,,,,,,,,,,,,,,,,,,,,,,,,,,,,,,,,,,,,,
,,,,,,,,,,,,,,,,,,,,,,,,,,,,,,,,,,,,,,,,,,,,,,,,,,,,,,,,,,,,,,,,,,,,,,,,,,,,,
,,,,,,,,,,,,,,,,,,,,,,,,,,,,,,,,,,,,,,,,,,,,,,,,,,,,,,,,,,,,,,,,,,,,,,,,,,,,,
,,,,,,,,,,,,,,,,,,,,,,,,,,,,,,,,,,,,,,,,,,,,,,,,,,,,,,,,,,,,,,,,,,,,,,,,,,,,,
,,,,,,,,,,,,,,,,,,,,,,,,,,,,,,,,,,,,,,,,,,,,,,,,,,,,,,,,,,,,,,,,,,,,,,,,,,,,,
,,,,,,,,,,,,,,,,,,,,,,,,,,,,,,,,,,,,,,,,,,,,,,,,,,,,,,,,,,,,,,,,,,,,,,,,,,,,,
,,,,,,,,,,,,,,,,,,,,,,,,,,,,,,,,,,,,,,,,,,,,,,,,,,,,,,,,,,,,,,,,,,,,,,,,,,,,,
,,,,,,,,,,,,,,,,,,,,,,,,,,,,,,,,,,,,,,,,,,,,,,,,,,,,,,,,,,,,,,,,,,,,,,,,,,,,,
,,,,,,,,,,,,,,,,,,,,,,,,,,,,,,,,,,,,,,,,,,,,,,,,,,,,,,,,,,,,,,,,,,,,,,,,,,,,,
,,,,,,,,,,,,,,,,,,,,,,,,,,,,,,,,,,,,,,,,,,,,,,,,,,,,,,,,,,,,,,,,,,,,,,,,,,,,,
,,,,,,,,,,,,,,,,,,,,,,,,,,,,,,,,,,,,,,,,,,,,,,,,,,,,,,,,,,,,,,,,,,,,,,,,,,,,,
,,,,,,,,,,,,,,,,,,,,,,,,,,,,,,,,,,,,,,,,,,,,,,,,,,,,,,,,,,,,,,,,,,,,,,,,,,,,,
,,,,,,,,,,,,,,,,,,,,,,,,,,,,,,,,,,,,,,,,,,,,,,,,,,,,,,,,,,,,,,,,,,,,,,,,,,,,,
,,,,,,,,,,,,,,,,,,,,,,,,,,,,,,,,,,,,,,,,,,,,,,,,,,,,,,,,,,,,,,,,,,,,,,,,,,,,,
,,,,,,,,,,,,,,,,,,,,,,,,,,,,,,,,,,,,,,,,,,,,,,,,,,,,,,,,,,,,,,,,,,,,,,,,,,,,,
,,,,,,,,,,,,,,,,,,,,,,,,,,,,,,,,,,,,,,,,,,,,,,,,,,,,,,,,,,,,,,,,,,,,,,,,,,,,,
,,,,,,,,,,,,,,,,,,,,,,,,,,,,,,,,,,,,,,,,,,,,,,,,,,,,,,,,,,,,,,,,,,,,,,,,,,,,,
,,,,,,,,,,,,,,,,,,,,,,,,,,,,,,,,,,,,,,,,,,,,,,,,,,,,,,,,,,,,,,,,,,,,,,,,,,,,,
,,,,,,,,,,,,,,,,,,,,,,,,,,,,,,,,,,,,,,,,,,,,,,,,,,,,,,,,,,,,,,,,,,,,,,,,,,,,,
,,,,,,,,,,,,,,,,,,,,,,,,,,,,,,,,,,,,,,,,,,,,,,,,,,,,,,,,,,,,,,,,,,,,,,,,,,,,,
,,,,,,,,,,,,,,,,,,,,,,,,,,,,,,,,,,,,,,,,,,,,,,,,,,,,,,,,,,,,,,,,,,,,,,,,,,,,,
,,,,,,,,,,,,,,,,,,,,,,,,,,,,,,,,,,,,,,,,,,,,,,,,,,,,,,,,,,,,,,,,,,,,,,,,,,,,,
,,,,,,,,,,,,,,,,,,,,,,,,,,,,,,,,,,,,,,,,,,,,,,,,,,,,,,,,,,,,,,,,,,,,,,,,,,,,,
,,,,,,,,,,,,,,,,,,,,,,,,,,,,,,,,,,,,,,,,,,,,,,,,,,,,,,,,,,,,,,,,,,,,,,,,,,,,,
,,,,,,,,,,,,,,,,,,,,,,,,,,,,,,,,,,,,,,,,,,,,,,,,,,,,,,,,,,,,,,,,,,,,,,,,,,,,,
,,,,,,,,,,,,,,,,,,,,,,,,,,,,,,,,,,,,,,,,,,,,,,,,,,,,,,,,,,,,,,,,,,,,,,,,,,,,,
,,,,,,,,,,,,,,,,,,,,,,,,,,,,,,,,,,,,,,,,,,,,,,,,,,,,,,,,,,,,,,,,,,,,,,,,,,,,,
,,,,,,,,,,,,,,,,,,,,,,,,,,,,,,,,,,,,,,,,,,,,,,,,,,,,,,,,,,,,,,,,,,,,,,,,,,,,,
,,,,,,,,,,,,,,,,,,,,,,,,,,,,,,,,,,,,,,,,,,,,,,,,,,,,,,,,,,,,,,,,,,,,,,,,,,,,,
,,,,,,,,,,,,,,,,,,,,,,,,,,,,,,,,,,,,,,,,,,,,,,,,,,,,,,,,,,,,,,,,,,,,,,,,,,,,,
,,,,,,,,,,,,,,,,,,,,,,,,,,,,,,,,,,,,,,,,,,,,,,,,,,,,,,,,,,,,,,,,,,,,,,,,,,,,,
,,,,,,,,,,,,,,,,,,,,,,,,,,,,,,,,,,,,,,,,,,,,,,,,,,,,,,,,,,,,,,,,,,,,,,,,,,,,,
,,,,,,,,,,,,,,,,,,,,,,,,,,,,,,,,,,,,,,,,,,,,,,,,,,,,,,,,,,,,,,,,,,,,,,,,,,,,,
,,,,,,,,,,,,,,,,,,,,,,,,,,,,,,,,,,,,,,,,,,,,,,,,,,,,,,,,,,,,,,,,,,,,,,,,,,,,,
,,,,,,,,,,,,,,,,,,,,,,,,,,,,,,,,,,,,,,,,,,,,,,,,,,,,,,,,,,,,,,,,,,,,,,,,,,,,,
,,,,,,,,,,,,,,,,,,,,,,,,,,,,,,,,,,,,,,,,,,,,,,,,,,,,,,,,,,,,,,,,,,,,,,,,,,,,,
,,,,,,,,,,,,,,,,,,,,,,,,,,,,,,,,,,,,,,,,,,,,,,,,,,,,,,,,,,,,,,,,,,,,,,,,,,,,,
,,,,,,,,,,,,,,,,,,,,,,,,,,,,,,,,,,,,,,,,,,,,,,,,,,,,,,,,,,,,,,,,,,,,,,,,,,,,,
,,,,,,,,,,,,,,,,,,,,,,,,,,,,,,,,,,,,,,,,,,,,,,,,,,,,,,,,,,,,,,,,,,,,,,,,,,,,,
,,,,,,,,,,,,,,,,,,,,,,,,,,,,,,,,,,,,,,,,,,,,,,,,,,,,,,,,,,,,,,,,,,,,,,,,,,,,,
,,,,,,,,,,,,,,,,,,,,,,,,,,,,,,,,,,,,,,,,,,,,,,,,,,,,,,,,,,,,,,,,,,,,,,,,,,,,,
,,,,,,,,,,,,,,,,,,,,,,,,,,,,,,,,,,,,,,,,,,,,,,,,,,,,,,,,,,,,,,,,,,,,,,,,,,,,,
,,,,,,,,,,,,,,,,,,,,,,,,,,,,,,,,,,,,,,,,,,,,,,,,,,,,,,,,,,,,,,,,,,,,,,,,,,,,,
,,,,,,,,,,,,,,,,,,,,,,,,,,,,,,,,,,,,,,,,,,,,,,,,,,,,,,,,,,,,,,,,,,,,,,,,,,,,,
,,,,,,,,,,,,,,,,,,,,,,,,,,,,,,,,,,,,,,,,,,,,,,,,,,,,,,,,,,,,,,,,,,,,,,,,,,,,,
,,,,,,,,,,,,,,,,,,,,,,,,,,,,,,,,,,,,,,,,,,,,,,,,,,,,,,,,,,,,,,,,,,,,,,,,,,,,,
,,,,,,,,,,,,,,,,,,,,,,,,,,,,,,,,,,,,,,,,,,,,,,,,,,,,,,,,,,,,,,,,,,,,,,,,,,,,,
,,,,,,,,,,,,,,,,,,,,,,,,,,,,,,,,,,,,,,,,,,,,,,,,,,,,,,,,,,,,,,,,,,,,,,,,,,,,,
,,,,,,,,,,,,,,,,,,,,,,,,,,,,,,,,,,,,,,,,,,,,,,,,,,,,,,,,,,,,,,,,,,,,,,,,,,,,,
,,,,,,,,,,,,,,,,,,,,,,,,,,,,,,,,,,,,,,,,,,,,,,,,,,,,,,,,,,,,,,,,,,,,,,,,,,,,,
,,,,,,,,,,,,,,,,,,,,,,,,,,,,,,,,,,,,,,,,,,,,,,,,,,,,,,,,,,,,,,,,,,,,,,,,,,,,,
,,,,,,,,,,,,,,,,,,,,,,,,,,,,,,,,,,,,,,,,,,,,,,,,,,,,,,,,,,,,,,,,,,,,,,,,,,,,,
,,,,,,,,,,,,,,,,,,,,,,,,,,,,,,,,,,,,,,,,,,,,,,,,,,,,,,,,,,,,,,,,,,,,,,,,,,,,,
,,,,,,,,,,,,,,,,,,,,,,,,,,,,,,,,,,,,,,,,,,,,,,,,,,,,,,,,,,,,,,,,,,,,,,,,,,,,,
,,,,,,,,,,,,,,,,,,,,,,,,,,,,,,,,,,,,,,,,,,,,,,,,,,,,,,,,,,,,,,,,,,,,,,,,,,,,,
,,,,,,,,,,,,,,,,,,,,,,,,,,,,,,,,,,,,,,,,,,,,,,,,,,,,,,,,,,,,,,,,,,,,,,,,,,,,,
,,,,,,,,,,,,,,,,,,,,,,,,,,,,,,,,,,,,,,,,,,,,,,,,,,,,,,,,,,,,,,,,,,,,,,,,,,,,,
,,,,,,,,,,,,,,,,,,,,,,,,,,,,,,,,,,,,,,,,,,,,,,,,,,,,,,,,,,,,,,,,,,,,,,,,,,,,,
,,,,,,,,,,,,,,,,,,,,,,,,,,,,,,,,,,,,,,,,,,,,,,,,,,,,,,,,,,,,,,,,,,,,,,,,,,,,,
,,,,,,,,,,,,,,,,,,,,,,,,,,,,,,,,,,,,,,,,,,,,,,,,,,,,,,,,,,,,,,,,,,,,,,,,,,,,,
,,,,,,,,,,,,,,,,,,,,,,,,,,,,,,,,,,,,,,,,,,,,,,,,,,,,,,,,,,,,,,,,,,,,,,,,,,,,,
,,,,,,,,,,,,,,,,,,,,,,,,,,,,,,,,,,,,,,,,,,,,,,,,,,,,,,,,,,,,,,,,,,,,,,,,,,,,,
,,,,,,,,,,,,,,,,,,,,,,,,,,,,,,,,,,,,,,,,,,,,,,,,,,,,,,,,,,,,,,,,,,,,,,,,,,,,,
,,,,,,,,,,,,,,,,,,,,,,,,,,,,,,,,,,,,,,,,,,,,,,,,,,,,,,,,,,,,,,,,,,,,,,,,,,,,,
,,,,,,,,,,,,,,,,,,,,,,,,,,,,,,,,,,,,,,,,,,,,,,,,,,,,,,,,,,,,,,,,,,,,,,,,,,,,,
,,,,,,,,,,,,,,,,,,,,,,,,,,,,,,,,,,,,,,,,,,,,,,,,,,,,,,,,,,,,,,,,,,,,,,,,,,,,,
,,,,,,,,,,,,,,,,,,,,,,,,,,,,,,,,,,,,,,,,,,,,,,,,,,,,,,,,,,,,,,,,,,,,,,,,,,,,,
,,,,,,,,,,,,,,,,,,,,,,,,,,,,,,,,,,,,,,,,,,,,,,,,,,,,,,,,,,,,,,,,,,,,,,,,,,,,,
,,,,,,,,,,,,,,,,,,,,,,,,,,,,,,,,,,,,,,,,,,,,,,,,,,,,,,,,,,,,,,,,,,,,,,,,,,,,,
,,,,,,,,,,,,,,,,,,,,,,,,,,,,,,,,,,,,,,,,,,,,,,,,,,,,,,,,,,,,,,,,,,,,,,,,,,,,,
,,,,,,,,,,,,,,,,,,,,,,,,,,,,,,,,,,,,,,,,,,,,,,,,,,,,,,,,,,,,,,,,,,,,,,,,,,,,,
,,,,,,,,,,,,,,,,,,,,,,,,,,,,,,,,,,,,,,,,,,,,,,,,,,,,,,,,,,,,,,,,,,,,,,,,,,,,,
,,,,,,,,,,,,,,,,,,,,,,,,,,,,,,,,,,,,,,,,,,,,,,,,,,,,,,,,,,,,,,,,,,,,,,,,,,,,,
,,,,,,,,,,,,,,,,,,,,,,,,,,,,,,,,,,,,,,,,,,,,,,,,,,,,,,,,,,,,,,,,,,,,,,,,,,,,,
,,,,,,,,,,,,,,,,,,,,,,,,,,,,,,,,,,,,,,,,,,,,,,,,,,,,,,,,,,,,,,,,,,,,,,,,,,,,,
,,,,,,,,,,,,,,,,,,,,,,,,,,,,,,,,,,,,,,,,,,,,,,,,,,,,,,,,,,,,,,,,,,,,,,,,,,,,,
,,,,,,,,,,,,,,,,,,,,,,,,,,,,,,,,,,,,,,,,,,,,,,,,,,,,,,,,,,,,,,,,,,,,,,,,,,,,,
,,,,,,,,,,,,,,,,,,,,,,,,,,,,,,,,,,,,,,,,,,,,,,,,,,,,,,,,,,,,,,,,,,,,,,,,,,,,,
,,,,,,,,,,,,,,,,,,,,,,,,,,,,,,,,,,,,,,,,,,,,,,,,,,,,,,,,,,,,,,,,,,,,,,,,,,,,,
,,,,,,,,,,,,,,,,,,,,,,,,,,,,,,,,,,,,,,,,,,,,,,,,,,,,,,,,,,,,,,,,,,,,,,,,,,,,,
,,,,,,,,,,,,,,,,,,,,,,,,,,,,,,,,,,,,,,,,,,,,,,,,,,,,,,,,,,,,,,,,,,,,,,,,,,,,,
,,,,,,,,,,,,,,,,,,,,,,,,,,,,,,,,,,,,,,,,,,,,,,,,,,,,,,,,,,,,,,,,,,,,,,,,,,,,,
,,,,,,,,,,,,,,,,,,,,,,,,,,,,,,,,,,,,,,,,,,,,,,,,,,,,,,,,,,,,,,,,,,,,,,,,,,,,,
,,,,,,,,,,,,,,,,,,,,,,,,,,,,,,,,,,,,,,,,,,,,,,,,,,,,,,,,,,,,,,,,,,,,,,,,,,,,,
,,,,,,,,,,,,,,,,,,,,,,,,,,,,,,,,,,,,,,,,,,,,,,,,,,,,,,,,,,,,,,,,,,,,,,,,,,,,,
,,,,,,,,,,,,,,,,,,,,,,,,,,,,,,,,,,,,,,,,,,,,,,,,,,,,,,,,,,,,,,,,,,,,,,,,,,,,,
,,,,,,,,,,,,,,,,,,,,,,,,,,,,,,,,,,,,,,,,,,,,,,,,,,,,,,,,,,,,,,,,,,,,,,,,,,,,,
,,,,,,,,,,,,,,,,,,,,,,,,,,,,,,,,,,,,,,,,,,,,,,,,,,,,,,,,,,,,,,,,,,,,,,,,,,,,,
,,,,,,,,,,,,,,,,,,,,,,,,,,,,,,,,,,,,,,,,,,,,,,,,,,,,,,,,,,,,,,,,,,,,,,,,,,,,,
,,,,,,,,,,,,,,,,,,,,,,,,,,,,,,,,,,,,,,,,,,,,,,,,,,,,,,,,,,,,,,,,,,,,,,,,,,,,,
,,,,,,,,,,,,,,,,,,,,,,,,,,,,,,,,,,,,,,,,,,,,,,,,,,,,,,,,,,,,,,,,,,,,,,,,,,,,,
,,,,,,,,,,,,,,,,,,,,,,,,,,,,,,,,,,,,,,,,,,,,,,,,,,,,,,,,,,,,,,,,,,,,,,,,,,,,,
,,,,,,,,,,,,,,,,,,,,,,,,,,,,,,,,,,,,,,,,,,,,,,,,,,,,,,,,,,,,,,,,,,,,,,,,,,,,,
,,,,,,,,,,,,,,,,,,,,,,,,,,,,,,,,,,,,,,,,,,,,,,,,,,,,,,,,,,,,,,,,,,,,,,,,,,,,,
,,,,,,,,,,,,,,,,,,,,,,,,,,,,,,,,,,,,,,,,,,,,,,,,,,,,,,,,,,,,,,,,,,,,,,,,,,,,,
,,,,,,,,,,,,,,,,,,,,,,,,,,,,,,,,,,,,,,,,,,,,,,,,,,,,,,,,,,,,,,,,,,,,,,,,,,,,,
,,,,,,,,,,,,,,,,,,,,,,,,,,,,,,,,,,,,,,,,,,,,,,,,,,,,,,,,,,,,,,,,,,,,,,,,,,,,,
,,,,,,,,,,,,,,,,,,,,,,,,,,,,,,,,,,,,,,,,,,,,,,,,,,,,,,,,,,,,,,,,,,,,,,,,,,,,,
,,,,,,,,,,,,,,,,,,,,,,,,,,,,,,,,,,,,,,,,,,,,,,,,,,,,,,,,,,,,,,,,,,,,,,,,,,,,,
,,,,,,,,,,,,,,,,,,,,,,,,,,,,,,,,,,,,,,,,,,,,,,,,,,,,,,,,,,,,,,,,,,,,,,,,,,,,,
,,,,,,,,,,,,,,,,,,,,,,,,,,,,,,,,,,,,,,,,,,,,,,,,,,,,,,,,,,,,,,,,,,,,,,,,,,,,,
,,,,,,,,,,,,,,,,,,,,,,,,,,,,,,,,,,,,,,,,,,,,,,,,,,,,,,,,,,,,,,,,,,,,,,,,,,,,,
,,,,,,,,,,,,,,,,,,,,,,,,,,,,,,,,,,,,,,,,,,,,,,,,,,,,,,,,,,,,,,,,,,,,,,,,,,,,,
,,,,,,,,,,,,,,,,,,,,,,,,,,,,,,,,,,,,,,,,,,,,,,,,,,,,,,,,,,,,,,,,,,,,,,,,,,,,,
,,,,,,,,,,,,,,,,,,,,,,,,,,,,,,,,,,,,,,,,,,,,,,,,,,,,,,,,,,,,,,,,,,,,,,,,,,,,,
,,,,,,,,,,,,,,,,,,,,,,,,,,,,,,,,,,,,,,,,,,,,,,,,,,,,,,,,,,,,,,,,,,,,,,,,,,,,,
,,,,,,,,,,,,,,,,,,,,,,,,,,,,,,,,,,,,,,,,,,,,,,,,,,,,,,,,,,,,,,,,,,,,,,,,,,,,,
,,,,,,,,,,,,,,,,,,,,,,,,,,,,,,,,,,,,,,,,,,,,,,,,,,,,,,,,,,,,,,,,,,,,,,,,,,,,,
,,,,,,,,,,,,,,,,,,,,,,,,,,,,,,,,,,,,,,,,,,,,,,,,,,,,,,,,,,,,,,,,,,,,,,,,,,,,,
,,,,,,,,,,,,,,,,,,,,,,,,,,,,,,,,,,,,,,,,,,,,,,,,,,,,,,,,,,,,,,,,,,,,,,,,,,,,,
,,,,,,,,,,,,,,,,,,,,,,,,,,,,,,,,,,,,,,,,,,,,,,,,,,,,,,,,,,,,,,,,,,,,,,,,,,,,,
,,,,,,,,,,,,,,,,,,,,,,,,,,,,,,,,,,,,,,,,,,,,,,,,,,,,,,,,,,,,,,,,,,,,,,,,,,,,,
,,,,,,,,,,,,,,,,,,,,,,,,,,,,,,,,,,,,,,,,,,,,,,,,,,,,,,,,,,,,,,,,,,,,,,,,,,,,,
,,,,,,,,,,,,,,,,,,,,,,,,,,,,,,,,,,,,,,,,,,,,,,,,,,,,,,,,,,,,,,,,,,,,,,,,,,,,,
,,,,,,,,,,,,,,,,,,,,,,,,,,,,,,,,,,,,,,,,,,,,,,,,,,,,,,,,,,,,,,,,,,,,,,,,,,,,,
,,,,,,,,,,,,,,,,,,,,,,,,,,,,,,,,,,,,,,,,,,,,,,,,,,,,,,,,,,,,,,,,,,,,,,,,,,,,,
,,,,,,,,,,,,,,,,,,,,,,,,,,,,,,,,,,,,,,,,,,,,,,,,,,,,,,,,,,,,,,,,,,,,,,,,,,,,,
,,,,,,,,,,,,,,,,,,,,,,,,,,,,,,,,,,,,,,,,,,,,,,,,,,,,,,,,,,,,,,,,,,,,,,,,,,,,,
,,,,,,,,,,,,,,,,,,,,,,,,,,,,,,,,,,,,,,,,,,,,,,,,,,,,,,,,,,,,,,,,,,,,,,,,,,,,,
,,,,,,,,,,,,,,,,,,,,,,,,,,,,,,,,,,,,,,,,,,,,,,,,,,,,,,,,,,,,,,,,,,,,,,,,,,,,,
,,,,,,,,,,,,,,,,,,,,,,,,,,,,,,,,,,,,,,,,,,,,,,,,,,,,,,,,,,,,,,,,,,,,,,,,,,,,,
,,,,,,,,,,,,,,,,,,,,,,,,,,,,,,,,,,,,,,,,,,,,,,,,,,,,,,,,,,,,,,,,,,,,,,,,,,,,,
,,,,,,,,,,,,,,,,,,,,,,,,,,,,,,,,,,,,,,,,,,,,,,,,,,,,,,,,,,,,,,,,,,,,,,,,,,,,,
,,,,,,,,,,,,,,,,,,,,,,,,,,,,,,,,,,,,,,,,,,,,,,,,,,,,,,,,,,,,,,,,,,,,,,,,,,,,,
,,,,,,,,,,,,,,,,,,,,,,,,,,,,,,,,,,,,,,,,,,,,,,,,,,,,,,,,,,,,,,,,,,,,,,,,,,,,,
,,,,,,,,,,,,,,,,,,,,,,,,,,,,,,,,,,,,,,,,,,,,,,,,,,,,,,,,,,,,,,,,,,,,,,,,,,,,,
,,,,,,,,,,,,,,,,,,,,,,,,,,,,,,,,,,,,,,,,,,,,,,,,,,,,,,,,,,,,,,,,,,,,,,,,,,,,,
,,,,,,,,,,,,,,,,,,,,,,,,,,,,,,,,,,,,,,,,,,,,,,,,,,,,,,,,,,,,,,,,,,,,,,,,,,,,,
,,,,,,,,,,,,,,,,,,,,,,,,,,,,,,,,,,,,,,,,,,,,,,,,,,,,,,,,,,,,,,,,,,,,,,,,,,,,,
,,,,,,,,,,,,,,,,,,,,,,,,,,,,,,,,,,,,,,,,,,,,,,,,,,,,,,,,,,,,,,,,,,,,,,,,,,,,,
,,,,,,,,,,,,,,,,,,,,,,,,,,,,,,,,,,,,,,,,,,,,,,,,,,,,,,,,,,,,,,,,,,,,,,,,,,,,,
,,,,,,,,,,,,,,,,,,,,,,,,,,,,,,,,,,,,,,,,,,,,,,,,,,,,,,,,,,,,,,,,,,,,,,,,,,,,,
,,,,,,,,,,,,,,,,,,,,,,,,,,,,,,,,,,,,,,,,,,,,,,,,,,,,,,,,,,,,,,,,,,,,,,,,,,,,,
,,,,,,,,,,,,,,,,,,,,,,,,,,,,,,,,,,,,,,,,,,,,,,,,,,,,,,,,,,,,,,,,,,,,,,,,,,,,,
,,,,,,,,,,,,,,,,,,,,,,,,,,,,,,,,,,,,,,,,,,,,,,,,,,,,,,,,,,,,,,,,,,,,,,,,,,,,,
,,,,,,,,,,,,,,,,,,,,,,,,,,,,,,,,,,,,,,,,,,,,,,,,,,,,,,,,,,,,,,,,,,,,,,,,,,,,,
,,,,,,,,,,,,,,,,,,,,,,,,,,,,,,,,,,,,,,,,,,,,,,,,,,,,,,,,,,,,,,,,,,,,,,,,,,,,,
,,,,,,,,,,,,,,,,,,,,,,,,,,,,,,,,,,,,,,,,,,,,,,,,,,,,,,,,,,,,,,,,,,,,,,,,,,,,,
,,,,,,,,,,,,,,,,,,,,,,,,,,,,,,,,,,,,,,,,,,,,,,,,,,,,,,,,,,,,,,,,,,,,,,,,,,,,,
,,,,,,,,,,,,,,,,,,,,,,,,,,,,,,,,,,,,,,,,,,,,,,,,,,,,,,,,,,,,,,,,,,,,,,,,,,,,,
,,,,,,,,,,,,,,,,,,,,,,,,,,,,,,,,,,,,,,,,,,,,,,,,,,,,,,,,,,,,,,,,,,,,,,,,,,,,,
,,,,,,,,,,,,,,,,,,,,,,,,,,,,,,,,,,,,,,,,,,,,,,,,,,,,,,,,,,,,,,,,,,,,,,,,,,,,,
,,,,,,,,,,,,,,,,,,,,,,,,,,,,,,,,,,,,,,,,,,,,,,,,,,,,,,,,,,,,,,,,,,,,,,,,,,,,,
,,,,,,,,,,,,,,,,,,,,,,,,,,,,,,,,,,,,,,,,,,,,,,,,,,,,,,,,,,,,,,,,,,,,,,,,,,,,,
,,,,,,,,,,,,,,,,,,,,,,,,,,,,,,,,,,,,,,,,,,,,,,,,,,,,,,,,,,,,,,,,,,,,,,,,,,,,,
,,,,,,,,,,,,,,,,,,,,,,,,,,,,,,,,,,,,,,,,,,,,,,,,,,,,,,,,,,,,,,,,,,,,,,,,,,,,,
,,,,,,,,,,,,,,,,,,,,,,,,,,,,,,,,,,,,,,,,,,,,,,,,,,,,,,,,,,,,,,,,,,,,,,,,,,,,,
,,,,,,,,,,,,,,,,,,,,,,,,,,,,,,,,,,,,,,,,,,,,,,,,,,,,,,,,,,,,,,,,,,,,,,,,,,,,,
,,,,,,,,,,,,,,,,,,,,,,,,,,,,,,,,,,,,,,,,,,,,,,,,,,,,,,,,,,,,,,,,,,,,,,,,,,,,,
,,,,,,,,,,,,,,,,,,,,,,,,,,,,,,,,,,,,,,,,,,,,,,,,,,,,,,,,,,,,,,,,,,,,,,,,,,,,,
,,,,,,,,,,,,,,,,,,,,,,,,,,,,,,,,,,,,,,,,,,,,,,,,,,,,,,,,,,,,,,,,,,,,,,,,,,,,,
,,,,,,,,,,,,,,,,,,,,,,,,,,,,,,,,,,,,,,,,,,,,,,,,,,,,,,,,,,,,,,,,,,,,,,,,,,,,,
,,,,,,,,,,,,,,,,,,,,,,,,,,,,,,,,,,,,,,,,,,,,,,,,,,,,,,,,,,,,,,,,,,,,,,,,,,,,,
,,,,,,,,,,,,,,,,,,,,,,,,,,,,,,,,,,,,,,,,,,,,,,,,,,,,,,,,,,,,,,,,,,,,,,,,,,,,,
,,,,,,,,,,,,,,,,,,,,,,,,,,,,,,,,,,,,,,,,,,,,,,,,,,,,,,,,,,,,,,,,,,,,,,,,,,,,,
,,,,,,,,,,,,,,,,,,,,,,,,,,,,,,,,,,,,,,,,,,,,,,,,,,,,,,,,,,,,,,,,,,,,,,,,,,,,,
,,,,,,,,,,,,,,,,,,,,,,,,,,,,,,,,,,,,,,,,,,,,,,,,,,,,,,,,,,,,,,,,,,,,,,,,,,,,,
,,,,,,,,,,,,,,,,,,,,,,,,,,,,,,,,,,,,,,,,,,,,,,,,,,,,,,,,,,,,,,,,,,,,,,,,,,,,,
,,,,,,,,,,,,,,,,,,,,,,,,,,,,,,,,,,,,,,,,,,,,,,,,,,,,,,,,,,,,,,,,,,,,,,,,,,,,,
,,,,,,,,,,,,,,,,,,,,,,,,,,,,,,,,,,,,,,,,,,,,,,,,,,,,,,,,,,,,,,,,,,,,,,,,,,,,,
,,,,,,,,,,,,,,,,,,,,,,,,,,,,,,,,,,,,,,,,,,,,,,,,,,,,,,,,,,,,,,,,,,,,,,,,,,,,,
,,,,,,,,,,,,,,,,,,,,,,,,,,,,,,,,,,,,,,,,,,,,,,,,,,,,,,,,,,,,,,,,,,,,,,,,,,,,,
,,,,,,,,,,,,,,,,,,,,,,,,,,,,,,,,,,,,,,,,,,,,,,,,,,,,,,,,,,,,,,,,,,,,,,,,,,,,,
,,,,,,,,,,,,,,,,,,,,,,,,,,,,,,,,,,,,,,,,,,,,,,,,,,,,,,,,,,,,,,,,,,,,,,,,,,,,,
,,,,,,,,,,,,,,,,,,,,,,,,,,,,,,,,,,,,,,,,,,,,,,,,,,,,,,,,,,,,,,,,,,,,,,,,,,,,,
,,,,,,,,,,,,,,,,,,,,,,,,,,,,,,,,,,,,,,,,,,,,,,,,,,,,,,,,,,,,,,,,,,,,,,,,,,,,,
,,,,,,,,,,,,,,,,,,,,,,,,,,,,,,,,,,,,,,,,,,,,,,,,,,,,,,,,,,,,,,,,,,,,,,,,,,,,,
,,,,,,,,,,,,,,,,,,,,,,,,,,,,,,,,,,,,,,,,,,,,,,,,,,,,,,,,,,,,,,,,,,,,,,,,,,,,,
,,,,,,,,,,,,,,,,,,,,,,,,,,,,,,,,,,,,,,,,,,,,,,,,,,,,,,,,,,,,,,,,,,,,,,,,,,,,,
,,,,,,,,,,,,,,,,,,,,,,,,,,,,,,,,,,,,,,,,,,,,,,,,,,,,,,,,,,,,,,,,,,,,,,,,,,,,,
,,,,,,,,,,,,,,,,,,,,,,,,,,,,,,,,,,,,,,,,,,,,,,,,,,,,,,,,,,,,,,,,,,,,,,,,,,,,,
,,,,,,,,,,,,,,,,,,,,,,,,,,,,,,,,,,,,,,,,,,,,,,,,,,,,,,,,,,,,,,,,,,,,,,,,,,,,,
,,,,,,,,,,,,,,,,,,,,,,,,,,,,,,,,,,,,,,,,,,,,,,,,,,,,,,,,,,,,,,,,,,,,,,,,,,,,,
,,,,,,,,,,,,,,,,,,,,,,,,,,,,,,,,,,,,,,,,,,,,,,,,,,,,,,,,,,,,,,,,,,,,,,,,,,,,,
,,,,,,,,,,,,,,,,,,,,,,,,,,,,,,,,,,,,,,,,,,,,,,,,,,,,,,,,,,,,,,,,,,,,,,,,,,,,,
,,,,,,,,,,,,,,,,,,,,,,,,,,,,,,,,,,,,,,,,,,,,,,,,,,,,,,,,,,,,,,,,,,,,,,,,,,,,,
,,,,,,,,,,,,,,,,,,,,,,,,,,,,,,,,,,,,,,,,,,,,,,,,,,,,,,,,,,,,,,,,,,,,,,,,,,,,,
,,,,,,,,,,,,,,,,,,,,,,,,,,,,,,,,,,,,,,,,,,,,,,,,,,,,,,,,,,,,,,,,,,,,,,,,,,,,,
,,,,,,,,,,,,,,,,,,,,,,,,,,,,,,,,,,,,,,,,,,,,,,,,,,,,,,,,,,,,,,,,,,,,,,,,,,,,,
,,,,,,,,,,,,,,,,,,,,,,,,,,,,,,,,,,,,,,,,,,,,,,,,,,,,,,,,,,,,,,,,,,,,,,,,,,,,,
,,,,,,,,,,,,,,,,,,,,,,,,,,,,,,,,,,,,,,,,,,,,,,,,,,,,,,,,,,,,,,,,,,,,,,,,,,,,,
,,,,,,,,,,,,,,,,,,,,,,,,,,,,,,,,,,,,,,,,,,,,,,,,,,,,,,,,,,,,,,,,,,,,,,,,,,,,,
,,,,,,,,,,,,,,,,,,,,,,,,,,,,,,,,,,,,,,,,,,,,,,,,,,,,,,,,,,,,,,,,,,,,,,,,,,,,,
,,,,,,,,,,,,,,,,,,,,,,,,,,,,,,,,,,,,,,,,,,,,,,,,,,,,,,,,,,,,,,,,,,,,,,,,,,,,,
,,,,,,,,,,,,,,,,,,,,,,,,,,,,,,,,,,,,,,,,,,,,,,,,,,,,,,,,,,,,,,,,,,,,,,,,,,,,,
,,,,,,,,,,,,,,,,,,,,,,,,,,,,,,,,,,,,,,,,,,,,,,,,,,,,,,,,,,,,,,,,,,,,,,,,,,,,,
,,,,,,,,,,,,,,,,,,,,,,,,,,,,,,,,,,,,,,,,,,,,,,,,,,,,,,,,,,,,,,,,,,,,,,,,,,,,,
,,,,,,,,,,,,,,,,,,,,,,,,,,,,,,,,,,,,,,,,,,,,,,,,,,,,,,,,,,,,,,,,,,,,,,,,,,,,,
,,,,,,,,,,,,,,,,,,,,,,,,,,,,,,,,,,,,,,,,,,,,,,,,,,,,,,,,,,,,,,,,,,,,,,,,,,,,,
,,,,,,,,,,,,,,,,,,,,,,,,,,,,,,,,,,,,,,,,,,,,,,,,,,,,,,,,,,,,,,,,,,,,,,,,,,,,,
,,,,,,,,,,,,,,,,,,,,,,,,,,,,,,,,,,,,,,,,,,,,,,,,,,,,,,,,,,,,,,,,,,,,,,,,,,,,,
,,,,,,,,,,,,,,,,,,,,,,,,,,,,,,,,,,,,,,,,,,,,,,,,,,,,,,,,,,,,,,,,,,,,,,,,,,,,,
,,,,,,,,,,,,,,,,,,,,,,,,,,,,,,,,,,,,,,,,,,,,,,,,,,,,,,,,,,,,,,,,,,,,,,,,,,,,,
,,,,,,,,,,,,,,,,,,,,,,,,,,,,,,,,,,,,,,,,,,,,,,,,,,,,,,,,,,,,,,,,,,,,,,,,,,,,,
,,,,,,,,,,,,,,,,,,,,,,,,,,,,,,,,,,,,,,,,,,,,,,,,,,,,,,,,,,,,,,,,,,,,,,,,,,,,,
,,,,,,,,,,,,,,,,,,,,,,,,,,,,,,,,,,,,,,,,,,,,,,,,,,,,,,,,,,,,,,,,,,,,,,,,,,,,,
,,,,,,,,,,,,,,,,,,,,,,,,,,,,,,,,,,,,,,,,,,,,,,,,,,,,,,,,,,,,,,,,,,,,,,,,,,,,,
,,,,,,,,,,,,,,,,,,,,,,,,,,,,,,,,,,,,,,,,,,,,,,,,,,,,,,,,,,,,,,,,,,,,,,,,,,,,,
,,,,,,,,,,,,,,,,,,,,,,,,,,,,,,,,,,,,,,,,,,,,,,,,,,,,,,,,,,,,,,,,,,,,,,,,,,,,,
,,,,,,,,,,,,,,,,,,,,,,,,,,,,,,,,,,,,,,,,,,,,,,,,,,,,,,,,,,,,,,,,,,,,,,,,,,,,,
,,,,,,,,,,,,,,,,,,,,,,,,,,,,,,,,,,,,,,,,,,,,,,,,,,,,,,,,,,,,,,,,,,,,,,,,,,,,,
,,,,,,,,,,,,,,,,,,,,,,,,,,,,,,,,,,,,,,,,,,,,,,,,,,,,,,,,,,,,,,,,,,,,,,,,,,,,,
,,,,,,,,,,,,,,,,,,,,,,,,,,,,,,,,,,,,,,,,,,,,,,,,,,,,,,,,,,,,,,,,,,,,,,,,,,,,,
,,,,,,,,,,,,,,,,,,,,,,,,,,,,,,,,,,,,,,,,,,,,,,,,,,,,,,,,,,,,,,,,,,,,,,,,,,,,,
,,,,,,,,,,,,,,,,,,,,,,,,,,,,,,,,,,,,,,,,,,,,,,,,,,,,,,,,,,,,,,,,,,,,,,,,,,,,,
,,,,,,,,,,,,,,,,,,,,,,,,,,,,,,,,,,,,,,,,,,,,,,,,,,,,,,,,,,,,,,,,,,,,,,,,,,,,,
,,,,,,,,,,,,,,,,,,,,,,,,,,,,,,,,,,,,,,,,,,,,,,,,,,,,,,,,,,,,,,,,,,,,,,,,,,,,,
,,,,,,,,,,,,,,,,,,,,,,,,,,,,,,,,,,,,,,,,,,,,,,,,,,,,,,,,,,,,,,,,,,,,,,,,,,,,,
,,,,,,,,,,,,,,,,,,,,,,,,,,,,,,,,,,,,,,,,,,,,,,,,,,,,,,,,,,,,,,,,,,,,,,,,,,,,,
,,,,,,,,,,,,,,,,,,,,,,,,,,,,,,,,,,,,,,,,,,,,,,,,,,,,,,,,,,,,,,,,,,,,,,,,,,,,,
,,,,,,,,,,,,,,,,,,,,,,,,,,,,,,,,,,,,,,,,,,,,,,,,,,,,,,,,,,,,,,,,,,,,,,,,,,,,,
,,,,,,,,,,,,,,,,,,,,,,,,,,,,,,,,,,,,,,,,,,,,,,,,,,,,,,,,,,,,,,,,,,,,,,,,,,,,,
,,,,,,,,,,,,,,,,,,,,,,,,,,,,,,,,,,,,,,,,,,,,,,,,,,,,,,,,,,,,,,,,,,,,,,,,,,,,,
,,,,,,,,,,,,,,,,,,,,,,,,,,,,,,,,,,,,,,,,,,,,,,,,,,,,,,,,,,,,,,,,,,,,,,,,,,,,,
,,,,,,,,,,,,,,,,,,,,,,,,,,,,,,,,,,,,,,,,,,,,,,,,,,,,,,,,,,,,,,,,,,,,,,,,,,,,,
,,,,,,,,,,,,,,,,,,,,,,,,,,,,,,,,,,,,,,,,,,,,,,,,,,,,,,,,,,,,,,,,,,,,,,,,,,,,,
,,,,,,,,,,,,,,,,,,,,,,,,,,,,,,,,,,,,,,,,,,,,,,,,,,,,,,,,,,,,,,,,,,,,,,,,,,,,,
,,,,,,,,,,,,,,,,,,,,,,,,,,,,,,,,,,,,,,,,,,,,,,,,,,,,,,,,,,,,,,,,,,,,,,,,,,,,,
,,,,,,,,,,,,,,,,,,,,,,,,,,,,,,,,,,,,,,,,,,,,,,,,,,,,,,,,,,,,,,,,,,,,,,,,,,,,,
,,,,,,,,,,,,,,,,,,,,,,,,,,,,,,,,,,,,,,,,,,,,,,,,,,,,,,,,,,,,,,,,,,,,,,,,,,,,,
,,,,,,,,,,,,,,,,,,,,,,,,,,,,,,,,,,,,,,,,,,,,,,,,,,,,,,,,,,,,,,,,,,,,,,,,,,,,,
,,,,,,,,,,,,,,,,,,,,,,,,,,,,,,,,,,,,,,,,,,,,,,,,,,,,,,,,,,,,,,,,,,,,,,,,,,,,,
,,,,,,,,,,,,,,,,,,,,,,,,,,,,,,,,,,,,,,,,,,,,,,,,,,,,,,,,,,,,,,,,,,,,,,,,,,,,,
,,,,,,,,,,,,,,,,,,,,,,,,,,,,,,,,,,,,,,,,,,,,,,,,,,,,,,,,,,,,,,,,,,,,,,,,,,,,,
,,,,,,,,,,,,,,,,,,,,,,,,,,,,,,,,,,,,,,,,,,,,,,,,,,,,,,,,,,,,,,,,,,,,,,,,,,,,,
,,,,,,,,,,,,,,,,,,,,,,,,,,,,,,,,,,,,,,,,,,,,,,,,,,,,,,,,,,,,,,,,,,,,,,,,,,,,,
,,,,,,,,,,,,,,,,,,,,,,,,,,,,,,,,,,,,,,,,,,,,,,,,,,,,,,,,,,,,,,,,,,,,,,,,,,,,,
,,,,,,,,,,,,,,,,,,,,,,,,,,,,,,,,,,,,,,,,,,,,,,,,,,,,,,,,,,,,,,,,,,,,,,,,,,,,,
,,,,,,,,,,,,,,,,,,,,,,,,,,,,,,,,,,,,,,,,,,,,,,,,,,,,,,,,,,,,,,,,,,,,,,,,,,,,,
,,,,,,,,,,,,,,,,,,,,,,,,,,,,,,,,,,,,,,,,,,,,,,,,,,,,,,,,,,,,,,,,,,,,,,,,,,,,,
,,,,,,,,,,,,,,,,,,,,,,,,,,,,,,,,,,,,,,,,,,,,,,,,,,,,,,,,,,,,,,,,,,,,,,,,,,,,,
,,,,,,,,,,,,,,,,,,,,,,,,,,,,,,,,,,,,,,,,,,,,,,,,,,,,,,,,,,,,,,,,,,,,,,,,,,,,,
,,,,,,,,,,,,,,,,,,,,,,,,,,,,,,,,,,,,,,,,,,,,,,,,,,,,,,,,,,,,,,,,,,,,,,,,,,,,,
,,,,,,,,,,,,,,,,,,,,,,,,,,,,,,,,,,,,,,,,,,,,,,,,,,,,,,,,,,,,,,,,,,,,,,,,,,,,,
,,,,,,,,,,,,,,,,,,,,,,,,,,,,,,,,,,,,,,,,,,,,,,,,,,,,,,,,,,,,,,,,,,,,,,,,,,,,,
,,,,,,,,,,,,,,,,,,,,,,,,,,,,,,,,,,,,,,,,,,,,,,,,,,,,,,,,,,,,,,,,,,,,,,,,,,,,,
,,,,,,,,,,,,,,,,,,,,,,,,,,,,,,,,,,,,,,,,,,,,,,,,,,,,,,,,,,,,,,,,,,,,,,,,,,,,,
,,,,,,,,,,,,,,,,,,,,,,,,,,,,,,,,,,,,,,,,,,,,,,,,,,,,,,,,,,,,,,,,,,,,,,,,,,,,,
,,,,,,,,,,,,,,,,,,,,,,,,,,,,,,,,,,,,,,,,,,,,,,,,,,,,,,,,,,,,,,,,,,,,,,,,,,,,,
,,,,,,,,,,,,,,,,,,,,,,,,,,,,,,,,,,,,,,,,,,,,,,,,,,,,,,,,,,,,,,,,,,,,,,,,,,,,,
,,,,,,,,,,,,,,,,,,,,,,,,,,,,,,,,,,,,,,,,,,,,,,,,,,,,,,,,,,,,,,,,,,,,,,,,,,,,,
,,,,,,,,,,,,,,,,,,,,,,,,,,,,,,,,,,,,,,,,,,,,,,,,,,,,,,,,,,,,,,,,,,,,,,,,,,,,,
,,,,,,,,,,,,,,,,,,,,,,,,,,,,,,,,,,,,,,,,,,,,,,,,,,,,,,,,,,,,,,,,,,,,,,,,,,,,,
,,,,,,,,,,,,,,,,,,,,,,,,,,,,,,,,,,,,,,,,,,,,,,,,,,,,,,,,,,,,,,,,,,,,,,,,,,,,,
,,,,,,,,,,,,,,,,,,,,,,,,,,,,,,,,,,,,,,,,,,,,,,,,,,,,,,,,,,,,,,,,,,,,,,,,,,,,,
,,,,,,,,,,,,,,,,,,,,,,,,,,,,,,,,,,,,,,,,,,,,,,,,,,,,,,,,,,,,,,,,,,,,,,,,,,,,,
,,,,,,,,,,,,,,,,,,,,,,,,,,,,,,,,,,,,,,,,,,,,,,,,,,,,,,,,,,,,,,,,,,,,,,,,,,,,,
,,,,,,,,,,,,,,,,,,,,,,,,,,,,,,,,,,,,,,,,,,,,,,,,,,,,,,,,,,,,,,,,,,,,,,,,,,,,,
,,,,,,,,,,,,,,,,,,,,,,,,,,,,,,,,,,,,,,,,,,,,,,,,,,,,,,,,,,,,,,,,,,,,,,,,,,,,,
,,,,,,,,,,,,,,,,,,,,,,,,,,,,,,,,,,,,,,,,,,,,,,,,,,,,,,,,,,,,,,,,,,,,,,,,,,,,,
,,,,,,,,,,,,,,,,,,,,,,,,,,,,,,,,,,,,,,,,,,,,,,,,,,,,,,,,,,,,,,,,,,,,,,,,,,,,,
,,,,,,,,,,,,,,,,,,,,,,,,,,,,,,,,,,,,,,,,,,,,,,,,,,,,,,,,,,,,,,,,,,,,,,,,,,,,,
,,,,,,,,,,,,,,,,,,,,,,,,,,,,,,,,,,,,,,,,,,,,,,,,,,,,,,,,,,,,,,,,,,,,,,,,,,,,,
,,,,,,,,,,,,,,,,,,,,,,,,,,,,,,,,,,,,,,,,,,,,,,,,,,,,,,,,,,,,,,,,,,,,,,,,,,,,,
,,,,,,,,,,,,,,,,,,,,,,,,,,,,,,,,,,,,,,,,,,,,,,,,,,,,,,,,,,,,,,,,,,,,,,,,,,,,,
,,,,,,,,,,,,,,,,,,,,,,,,,,,,,,,,,,,,,,,,,,,,,,,,,,,,,,,,,,,,,,,,,,,,,,,,,,,,,
,,,,,,,,,,,,,,,,,,,,,,,,,,,,,,,,,,,,,,,,,,,,,,,,,,,,,,,,,,,,,,,,,,,,,,,,,,,,,
,,,,,,,,,,,,,,,,,,,,,,,,,,,,,,,,,,,,,,,,,,,,,,,,,,,,,,,,,,,,,,,,,,,,,,,,,,,,,
,,,,,,,,,,,,,,,,,,,,,,,,,,,,,,,,,,,,,,,,,,,,,,,,,,,,,,,,,,,,,,,,,,,,,,,,,,,,,
,,,,,,,,,,,,,,,,,,,,,,,,,,,,,,,,,,,,,,,,,,,,,,,,,,,,,,,,,,,,,,,,,,,,,,,,,,,,,
,,,,,,,,,,,,,,,,,,,,,,,,,,,,,,,,,,,,,,,,,,,,,,,,,,,,,,,,,,,,,,,,,,,,,,,,,,,,,
,,,,,,,,,,,,,,,,,,,,,,,,,,,,,,,,,,,,,,,,,,,,,,,,,,,,,,,,,,,,,,,,,,,,,,,,,,,,,
,,,,,,,,,,,,,,,,,,,,,,,,,,,,,,,,,,,,,,,,,,,,,,,,,,,,,,,,,,,,,,,,,,,,,,,,,,,,,
,,,,,,,,,,,,,,,,,,,,,,,,,,,,,,,,,,,,,,,,,,,,,,,,,,,,,,,,,,,,,,,,,,,,,,,,,,,,,
,,,,,,,,,,,,,,,,,,,,,,,,,,,,,,,,,,,,,,,,,,,,,,,,,,,,,,,,,,,,,,,,,,,,,,,,,,,,,
,,,,,,,,,,,,,,,,,,,,,,,,,,,,,,,,,,,,,,,,,,,,,,,,,,,,,,,,,,,,,,,,,,,,,,,,,,,,,
,,,,,,,,,,,,,,,,,,,,,,,,,,,,,,,,,,,,,,,,,,,,,,,,,,,,,,,,,,,,,,,,,,,,,,,,,,,,,
,,,,,,,,,,,,,,,,,,,,,,,,,,,,,,,,,,,,,,,,,,,,,,,,,,,,,,,,,,,,,,,,,,,,,,,,,,,,,
,,,,,,,,,,,,,,,,,,,,,,,,,,,,,,,,,,,,,,,,,,,,,,,,,,,,,,,,,,,,,,,,,,,,,,,,,,,,,
,,,,,,,,,,,,,,,,,,,,,,,,,,,,,,,,,,,,,,,,,,,,,,,,,,,,,,,,,,,,,,,,,,,,,,,,,,,,,
,,,,,,,,,,,,,,,,,,,,,,,,,,,,,,,,,,,,,,,,,,,,,,,,,,,,,,,,,,,,,,,,,,,,,,,,,,,,,
,,,,,,,,,,,,,,,,,,,,,,,,,,,,,,,,,,,,,,,,,,,,,,,,,,,,,,,,,,,,,,,,,,,,,,,,,,,,,
,,,,,,,,,,,,,,,,,,,,,,,,,,,,,,,,,,,,,,,,,,,,,,,,,,,,,,,,,,,,,,,,,,,,,,,,,,,,,
,,,,,,,,,,,,,,,,,,,,,,,,,,,,,,,,,,,,,,,,,,,,,,,,,,,,,,,,,,,,,,,,,,,,,,,,,,,,,
,,,,,,,,,,,,,,,,,,,,,,,,,,,,,,,,,,,,,,,,,,,,,,,,,,,,,,,,,,,,,,,,,,,,,,,,,,,,,
,,,,,,,,,,,,,,,,,,,,,,,,,,,,,,,,,,,,,,,,,,,,,,,,,,,,,,,,,,,,,,,,,,,,,,,,,,,,,
,,,,,,,,,,,,,,,,,,,,,,,,,,,,,,,,,,,,,,,,,,,,,,,,,,,,,,,,,,,,,,,,,,,,,,,,,,,,,
,,,,,,,,,,,,,,,,,,,,,,,,,,,,,,,,,,,,,,,,,,,,,,,,,,,,,,,,,,,,,,,,,,,,,,,,,,,,,
,,,,,,,,,,,,,,,,,,,,,,,,,,,,,,,,,,,,,,,,,,,,,,,,,,,,,,,,,,,,,,,,,,,,,,,,,,,,,
,,,,,,,,,,,,,,,,,,,,,,,,,,,,,,,,,,,,,,,,,,,,,,,,,,,,,,,,,,,,,,,,,,,,,,,,,,,,,
,,,,,,,,,,,,,,,,,,,,,,,,,,,,,,,,,,,,,,,,,,,,,,,,,,,,,,,,,,,,,,,,,,,,,,,,,,,,,
,,,,,,,,,,,,,,,,,,,,,,,,,,,,,,,,,,,,,,,,,,,,,,,,,,,,,,,,,,,,,,,,,,,,,,,,,,,,,
,,,,,,,,,,,,,,,,,,,,,,,,,,,,,,,,,,,,,,,,,,,,,,,,,,,,,,,,,,,,,,,,,,,,,,,,,,,,,
,,,,,,,,,,,,,,,,,,,,,,,,,,,,,,,,,,,,,,,,,,,,,,,,,,,,,,,,,,,,,,,,,,,,,,,,,,,,,
,,,,,,,,,,,,,,,,,,,,,,,,,,,,,,,,,,,,,,,,,,,,,,,,,,,,,,,,,,,,,,,,,,,,,,,,,,,,,
,,,,,,,,,,,,,,,,,,,,,,,,,,,,,,,,,,,,,,,,,,,,,,,,,,,,,,,,,,,,,,,,,,,,,,,,,,,,,
,,,,,,,,,,,,,,,,,,,,,,,,,,,,,,,,,,,,,,,,,,,,,,,,,,,,,,,,,,,,,,,,,,,,,,,,,,,,,
,,,,,,,,,,,,,,,,,,,,,,,,,,,,,,,,,,,,,,,,,,,,,,,,,,,,,,,,,,,,,,,,,,,,,,,,,,,,,
,,,,,,,,,,,,,,,,,,,,,,,,,,,,,,,,,,,,,,,,,,,,,,,,,,,,,,,,,,,,,,,,,,,,,,,,,,,,,
,,,,,,,,,,,,,,,,,,,,,,,,,,,,,,,,,,,,,,,,,,,,,,,,,,,,,,,,,,,,,,,,,,,,,,,,,,,,,
,,,,,,,,,,,,,,,,,,,,,,,,,,,,,,,,,,,,,,,,,,,,,,,,,,,,,,,,,,,,,,,,,,,,,,,,,,,,,
,,,,,,,,,,,,,,,,,,,,,,,,,,,,,,,,,,,,,,,,,,,,,,,,,,,,,,,,,,,,,,,,,,,,,,,,,,,,,
,,,,,,,,,,,,,,,,,,,,,,,,,,,,,,,,,,,,,,,,,,,,,,,,,,,,,,,,,,,,,,,,,,,,,,,,,,,,,
,,,,,,,,,,,,,,,,,,,,,,,,,,,,,,,,,,,,,,,,,,,,,,,,,,,,,,,,,,,,,,,,,,,,,,,,,,,,,
,,,,,,,,,,,,,,,,,,,,,,,,,,,,,,,,,,,,,,,,,,,,,,,,,,,,,,,,,,,,,,,,,,,,,,,,,,,,,
,,,,,,,,,,,,,,,,,,,,,,,,,,,,,,,,,,,,,,,,,,,,,,,,,,,,,,,,,,,,,,,,,,,,,,,,,,,,,
,,,,,,,,,,,,,,,,,,,,,,,,,,,,,,,,,,,,,,,,,,,,,,,,,,,,,,,,,,,,,,,,,,,,,,,,,,,,,
,,,,,,,,,,,,,,,,,,,,,,,,,,,,,,,,,,,,,,,,,,,,,,,,,,,,,,,,,,,,,,,,,,,,,,,,,,,,,
,,,,,,,,,,,,,,,,,,,,,,,,,,,,,,,,,,,,,,,,,,,,,,,,,,,,,,,,,,,,,,,,,,,,,,,,,,,,,
,,,,,,,,,,,,,,,,,,,,,,,,,,,,,,,,,,,,,,,,,,,,,,,,,,,,,,,,,,,,,,,,,,,,,,,,,,,,,
,,,,,,,,,,,,,,,,,,,,,,,,,,,,,,,,,,,,,,,,,,,,,,,,,,,,,,,,,,,,,,,,,,,,,,,,,,,,,
,,,,,,,,,,,,,,,,,,,,,,,,,,,,,,,,,,,,,,,,,,,,,,,,,,,,,,,,,,,,,,,,,,,,,,,,,,,,,
,,,,,,,,,,,,,,,,,,,,,,,,,,,,,,,,,,,,,,,,,,,,,,,,,,,,,,,,,,,,,,,,,,,,,,,,,,,,,
,,,,,,,,,,,,,,,,,,,,,,,,,,,,,,,,,,,,,,,,,,,,,,,,,,,,,,,,,,,,,,,,,,,,,,,,,,,,,
,,,,,,,,,,,,,,,,,,,,,,,,,,,,,,,,,,,,,,,,,,,,,,,,,,,,,,,,,,,,,,,,,,,,,,,,,,,,,
,,,,,,,,,,,,,,,,,,,,,,,,,,,,,,,,,,,,,,,,,,,,,,,,,,,,,,,,,,,,,,,,,,,,,,,,,,,,,
,,,,,,,,,,,,,,,,,,,,,,,,,,,,,,,,,,,,,,,,,,,,,,,,,,,,,,,,,,,,,,,,,,,,,,,,,,,,,
,,,,,,,,,,,,,,,,,,,,,,,,,,,,,,,,,,,,,,,,,,,,,,,,,,,,,,,,,,,,,,,,,,,,,,,,,,,,,
,,,,,,,,,,,,,,,,,,,,,,,,,,,,,,,,,,,,,,,,,,,,,,,,,,,,,,,,,,,,,,,,,,,,,,,,,,,,,
,,,,,,,,,,,,,,,,,,,,,,,,,,,,,,,,,,,,,,,,,,,,,,,,,,,,,,,,,,,,,,,,,,,,,,,,,,,,,
,,,,,,,,,,,,,,,,,,,,,,,,,,,,,,,,,,,,,,,,,,,,,,,,,,,,,,,,,,,,,,,,,,,,,,,,,,,,,
,,,,,,,,,,,,,,,,,,,,,,,,,,,,,,,,,,,,,,,,,,,,,,,,,,,,,,,,,,,,,,,,,,,,,,,,,,,,,
,,,,,,,,,,,,,,,,,,,,,,,,,,,,,,,,,,,,,,,,,,,,,,,,,,,,,,,,,,,,,,,,,,,,,,,,,,,,,
,,,,,,,,,,,,,,,,,,,,,,,,,,,,,,,,,,,,,,,,,,,,,,,,,,,,,,,,,,,,,,,,,,,,,,,,,,,,,
,,,,,,,,,,,,,,,,,,,,,,,,,,,,,,,,,,,,,,,,,,,,,,,,,,,,,,,,,,,,,,,,,,,,,,,,,,,,,
,,,,,,,,,,,,,,,,,,,,,,,,,,,,,,,,,,,,,,,,,,,,,,,,,,,,,,,,,,,,,,,,,,,,,,,,,,,,,
,,,,,,,,,,,,,,,,,,,,,,,,,,,,,,,,,,,,,,,,,,,,,,,,,,,,,,,,,,,,,,,,,,,,,,,,,,,,,
,,,,,,,,,,,,,,,,,,,,,,,,,,,,,,,,,,,,,,,,,,,,,,,,,,,,,,,,,,,,,,,,,,,,,,,,,,,,,
,,,,,,,,,,,,,,,,,,,,,,,,,,,,,,,,,,,,,,,,,,,,,,,,,,,,,,,,,,,,,,,,,,,,,,,,,,,,,
,,,,,,,,,,,,,,,,,,,,,,,,,,,,,,,,,,,,,,,,,,,,,,,,,,,,,,,,,,,,,,,,,,,,,,,,,,,,,
,,,,,,,,,,,,,,,,,,,,,,,,,,,,,,,,,,,,,,,,,,,,,,,,,,,,,,,,,,,,,,,,,,,,,,,,,,,,,
,,,,,,,,,,,,,,,,,,,,,,,,,,,,,,,,,,,,,,,,,,,,,,,,,,,,,,,,,,,,,,,,,,,,,,,,,,,,,
,,,,,,,,,,,,,,,,,,,,,,,,,,,,,,,,,,,,,,,,,,,,,,,,,,,,,,,,,,,,,,,,,,,,,,,,,,,,,
,,,,,,,,,,,,,,,,,,,,,,,,,,,,,,,,,,,,,,,,,,,,,,,,,,,,,,,,,,,,,,,,,,,,,,,,,,,,,
,,,,,,,,,,,,,,,,,,,,,,,,,,,,,,,,,,,,,,,,,,,,,,,,,,,,,,,,,,,,,,,,,,,,,,,,,,,,,
,,,,,,,,,,,,,,,,,,,,,,,,,,,,,,,,,,,,,,,,,,,,,,,,,,,,,,,,,,,,,,,,,,,,,,,,,,,,,
,,,,,,,,,,,,,,,,,,,,,,,,,,,,,,,,,,,,,,,,,,,,,,,,,,,,,,,,,,,,,,,,,,,,,,,,,,,,,
,,,,,,,,,,,,,,,,,,,,,,,,,,,,,,,,,,,,,,,,,,,,,,,,,,,,,,,,,,,,,,,,,,,,,,,,,,,,,
,,,,,,,,,,,,,,,,,,,,,,,,,,,,,,,,,,,,,,,,,,,,,,,,,,,,,,,,,,,,,,,,,,,,,,,,,,,,,
,,,,,,,,,,,,,,,,,,,,,,,,,,,,,,,,,,,,,,,,,,,,,,,,,,,,,,,,,,,,,,,,,,,,,,,,,,,,,
,,,,,,,,,,,,,,,,,,,,,,,,,,,,,,,,,,,,,,,,,,,,,,,,,,,,,,,,,,,,,,,,,,,,,,,,,,,,,
,,,,,,,,,,,,,,,,,,,,,,,,,,,,,,,,,,,,,,,,,,,,,,,,,,,,,,,,,,,,,,,,,,,,,,,,,,,,,
,,,,,,,,,,,,,,,,,,,,,,,,,,,,,,,,,,,,,,,,,,,,,,,,,,,,,,,,,,,,,,,,,,,,,,,,,,,,,
,,,,,,,,,,,,,,,,,,,,,,,,,,,,,,,,,,,,,,,,,,,,,,,,,,,,,,,,,,,,,,,,,,,,,,,,,,,,,
,,,,,,,,,,,,,,,,,,,,,,,,,,,,,,,,,,,,,,,,,,,,,,,,,,,,,,,,,,,,,,,,,,,,,,,,,,,,,
,,,,,,,,,,,,,,,,,,,,,,,,,,,,,,,,,,,,,,,,,,,,,,,,,,,,,,,,,,,,,,,,,,,,,,,,,,,,,
,,,,,,,,,,,,,,,,,,,,,,,,,,,,,,,,,,,,,,,,,,,,,,,,,,,,,,,,,,,,,,,,,,,,,,,,,,,,,
,,,,,,,,,,,,,,,,,,,,,,,,,,,,,,,,,,,,,,,,,,,,,,,,,,,,,,,,,,,,,,,,,,,,,,,,,,,,,
,,,,,,,,,,,,,,,,,,,,,,,,,,,,,,,,,,,,,,,,,,,,,,,,,,,,,,,,,,,,,,,,,,,,,,,,,,,,,
,,,,,,,,,,,,,,,,,,,,,,,,,,,,,,,,,,,,,,,,,,,,,,,,,,,,,,,,,,,,,,,,,,,,,,,,,,,,,
,,,,,,,,,,,,,,,,,,,,,,,,,,,,,,,,,,,,,,,,,,,,,,,,,,,,,,,,,,,,,,,,,,,,,,,,,,,,,
,,,,,,,,,,,,,,,,,,,,,,,,,,,,,,,,,,,,,,,,,,,,,,,,,,,,,,,,,,,,,,,,,,,,,,,,,,,,,
,,,,,,,,,,,,,,,,,,,,,,,,,,,,,,,,,,,,,,,,,,,,,,,,,,,,,,,,,,,,,,,,,,,,,,,,,,,,,
,,,,,,,,,,,,,,,,,,,,,,,,,,,,,,,,,,,,,,,,,,,,,,,,,,,,,,,,,,,,,,,,,,,,,,,,,,,,,
,,,,,,,,,,,,,,,,,,,,,,,,,,,,,,,,,,,,,,,,,,,,,,,,,,,,,,,,,,,,,,,,,,,,,,,,,,,,,
,,,,,,,,,,,,,,,,,,,,,,,,,,,,,,,,,,,,,,,,,,,,,,,,,,,,,,,,,,,,,,,,,,,,,,,,,,,,,
,,,,,,,,,,,,,,,,,,,,,,,,,,,,,,,,,,,,,,,,,,,,,,,,,,,,,,,,,,,,,,,,,,,,,,,,,,,,,
,,,,,,,,,,,,,,,,,,,,,,,,,,,,,,,,,,,,,,,,,,,,,,,,,,,,,,,,,,,,,,,,,,,,,,,,,,,,,
,,,,,,,,,,,,,,,,,,,,,,,,,,,,,,,,,,,,,,,,,,,,,,,,,,,,,,,,,,,,,,,,,,,,,,,,,,,,,
,,,,,,,,,,,,,,,,,,,,,,,,,,,,,,,,,,,,,,,,,,,,,,,,,,,,,,,,,,,,,,,,,,,,,,,,,,,,,
,,,,,,,,,,,,,,,,,,,,,,,,,,,,,,,,,,,,,,,,,,,,,,,,,,,,,,,,,,,,,,,,,,,,,,,,,,,,,
,,,,,,,,,,,,,,,,,,,,,,,,,,,,,,,,,,,,,,,,,,,,,,,,,,,,,,,,,,,,,,,,,,,,,,,,,,,,,
,,,,,,,,,,,,,,,,,,,,,,,,,,,,,,,,,,,,,,,,,,,,,,,,,,,,,,,,,,,,,,,,,,,,,,,,,,,,,
,,,,,,,,,,,,,,,,,,,,,,,,,,,,,,,,,,,,,,,,,,,,,,,,,,,,,,,,,,,,,,,,,,,,,,,,,,,,,
,,,,,,,,,,,,,,,,,,,,,,,,,,,,,,,,,,,,,,,,,,,,,,,,,,,,,,,,,,,,,,,,,,,,,,,,,,,,,
,,,,,,,,,,,,,,,,,,,,,,,,,,,,,,,,,,,,,,,,,,,,,,,,,,,,,,,,,,,,,,,,,,,,,,,,,,,,,
,,,,,,,,,,,,,,,,,,,,,,,,,,,,,,,,,,,,,,,,,,,,,,,,,,,,,,,,,,,,,,,,,,,,,,,,,,,,,
,,,,,,,,,,,,,,,,,,,,,,,,,,,,,,,,,,,,,,,,,,,,,,,,,,,,,,,,,,,,,,,,,,,,,,,,,,,,,
,,,,,,,,,,,,,,,,,,,,,,,,,,,,,,,,,,,,,,,,,,,,,,,,,,,,,,,,,,,,,,,,,,,,,,,,,,,,,
,,,,,,,,,,,,,,,,,,,,,,,,,,,,,,,,,,,,,,,,,,,,,,,,,,,,,,,,,,,,,,,,,,,,,,,,,,,,,
,,,,,,,,,,,,,,,,,,,,,,,,,,,,,,,,,,,,,,,,,,,,,,,,,,,,,,,,,,,,,,,,,,,,,,,,,,,,,
,,,,,,,,,,,,,,,,,,,,,,,,,,,,,,,,,,,,,,,,,,,,,,,,,,,,,,,,,,,,,,,,,,,,,,,,,,,,,
,,,,,,,,,,,,,,,,,,,,,,,,,,,,,,,,,,,,,,,,,,,,,,,,,,,,,,,,,,,,,,,,,,,,,,,,,,,,,
,,,,,,,,,,,,,,,,,,,,,,,,,,,,,,,,,,,,,,,,,,,,,,,,,,,,,,,,,,,,,,,,,,,,,,,,,,,,,
,,,,,,,,,,,,,,,,,,,,,,,,,,,,,,,,,,,,,,,,,,,,,,,,,,,,,,,,,,,,,,,,,,,,,,,,,,,,,
,,,,,,,,,,,,,,,,,,,,,,,,,,,,,,,,,,,,,,,,,,,,,,,,,,,,,,,,,,,,,,,,,,,,,,,,,,,,,
,,,,,,,,,,,,,,,,,,,,,,,,,,,,,,,,,,,,,,,,,,,,,,,,,,,,,,,,,,,,,,,,,,,,,,,,,,,,,
,,,,,,,,,,,,,,,,,,,,,,,,,,,,,,,,,,,,,,,,,,,,,,,,,,,,,,,,,,,,,,,,,,,,,,,,,,,,,
,,,,,,,,,,,,,,,,,,,,,,,,,,,,,,,,,,,,,,,,,,,,,,,,,,,,,,,,,,,,,,,,,,,,,,,,,,,,,
,,,,,,,,,,,,,,,,,,,,,,,,,,,,,,,,,,,,,,,,,,,,,,,,,,,,,,,,,,,,,,,,,,,,,,,,,,,,,
,,,,,,,,,,,,,,,,,,,,,,,,,,,,,,,,,,,,,,,,,,,,,,,,,,,,,,,,,,,,,,,,,,,,,,,,,,,,,
,,,,,,,,,,,,,,,,,,,,,,,,,,,,,,,,,,,,,,,,,,,,,,,,,,,,,,,,,,,,,,,,,,,,,,,,,,,,,
,,,,,,,,,,,,,,,,,,,,,,,,,,,,,,,,,,,,,,,,,,,,,,,,,,,,,,,,,,,,,,,,,,,,,,,,,,,,,
,,,,,,,,,,,,,,,,,,,,,,,,,,,,,,,,,,,,,,,,,,,,,,,,,,,,,,,,,,,,,,,,,,,,,,,,,,,,,
,,,,,,,,,,,,,,,,,,,,,,,,,,,,,,,,,,,,,,,,,,,,,,,,,,,,,,,,,,,,,,,,,,,,,,,,,,,,,
,,,,,,,,,,,,,,,,,,,,,,,,,,,,,,,,,,,,,,,,,,,,,,,,,,,,,,,,,,,,,,,,,,,,,,,,,,,,,
,,,,,,,,,,,,,,,,,,,,,,,,,,,,,,,,,,,,,,,,,,,,,,,,,,,,,,,,,,,,,,,,,,,,,,,,,,,,,
,,,,,,,,,,,,,,,,,,,,,,,,,,,,,,,,,,,,,,,,,,,,,,,,,,,,,,,,,,,,,,,,,,,,,,,,,,,,,
,,,,,,,,,,,,,,,,,,,,,,,,,,,,,,,,,,,,,,,,,,,,,,,,,,,,,,,,,,,,,,,,,,,,,,,,,,,,,
,,,,,,,,,,,,,,,,,,,,,,,,,,,,,,,,,,,,,,,,,,,,,,,,,,,,,,,,,,,,,,,,,,,,,,,,,,,,,
,,,,,,,,,,,,,,,,,,,,,,,,,,,,,,,,,,,,,,,,,,,,,,,,,,,,,,,,,,,,,,,,,,,,,,,,,,,,,
,,,,,,,,,,,,,,,,,,,,,,,,,,,,,,,,,,,,,,,,,,,,,,,,,,,,,,,,,,,,,,,,,,,,,,,,,,,,,
,,,,,,,,,,,,,,,,,,,,,,,,,,,,,,,,,,,,,,,,,,,,,,,,,,,,,,,,,,,,,,,,,,,,,,,,,,,,,
,,,,,,,,,,,,,,,,,,,,,,,,,,,,,,,,,,,,,,,,,,,,,,,,,,,,,,,,,,,,,,,,,,,,,,,,,,,,,
,,,,,,,,,,,,,,,,,,,,,,,,,,,,,,,,,,,,,,,,,,,,,,,,,,,,,,,,,,,,,,,,,,,,,,,,,,,,,
,,,,,,,,,,,,,,,,,,,,,,,,,,,,,,,,,,,,,,,,,,,,,,,,,,,,,,,,,,,,,,,,,,,,,,,,,,,,,
,,,,,,,,,,,,,,,,,,,,,,,,,,,,,,,,,,,,,,,,,,,,,,,,,,,,,,,,,,,,,,,,,,,,,,,,,,,,,
,,,,,,,,,,,,,,,,,,,,,,,,,,,,,,,,,,,,,,,,,,,,,,,,,,,,,,,,,,,,,,,,,,,,,,,,,,,,,
,,,,,,,,,,,,,,,,,,,,,,,,,,,,,,,,,,,,,,,,,,,,,,,,,,,,,,,,,,,,,,,,,,,,,,,,,,,,,
,,,,,,,,,,,,,,,,,,,,,,,,,,,,,,,,,,,,,,,,,,,,,,,,,,,,,,,,,,,,,,,,,,,,,,,,,,,,,
,,,,,,,,,,,,,,,,,,,,,,,,,,,,,,,,,,,,,,,,,,,,,,,,,,,,,,,,,,,,,,,,,,,,,,,,,,,,,
,,,,,,,,,,,,,,,,,,,,,,,,,,,,,,,,,,,,,,,,,,,,,,,,,,,,,,,,,,,,,,,,,,,,,,,,,,,,,
,,,,,,,,,,,,,,,,,,,,,,,,,,,,,,,,,,,,,,,,,,,,,,,,,,,,,,,,,,,,,,,,,,,,,,,,,,,,,
,,,,,,,,,,,,,,,,,,,,,,,,,,,,,,,,,,,,,,,,,,,,,,,,,,,,,,,,,,,,,,,,,,,,,,,,,,,,,
,,,,,,,,,,,,,,,,,,,,,,,,,,,,,,,,,,,,,,,,,,,,,,,,,,,,,,,,,,,,,,,,,,,,,,,,,,,,,
,,,,,,,,,,,,,,,,,,,,,,,,,,,,,,,,,,,,,,,,,,,,,,,,,,,,,,,,,,,,,,,,,,,,,,,,,,,,,
